Workbook

Sheet The List
A1: RK | B1: NAME | C1: POS | D1: PRK | E1: TEAM | F1: ADJ | G1: VALUE | H1: VORP | I1: ADP | J1: DIFF | L1: GP | M1: MPG | N1: PTS | O1: REB | P1: AST | Q1: STL | R1: BLK | S1: 3PM | T1: TO | U1: FG% | V1: FT% | W1: FGM | X1: FGA | Y1: FTM | Z1: FTA | AB1: zPTS | AC1: zREB | AD1: zAST | AE1: zSTL | AF1: zBLK | AG1: z3PM | AH1: zFG% | AI1: zFT% | AJ1: zTO | AL1: ROW | AM1: MULT | AN1: 1POS | AO1: FGimp1 | AP1: FTimp1 | AQ1: BASE | AR1: POOL | AS1: FGimp2 | AT1: FTimp2
A2: =RANK(H2,$H$2:$H$266) -> 1 | B2: Nikola Jokic | C2: =INDEX('Player Data'!$C:$C,AL2) -> C | D2: =SUMPRODUCT(($AN$2:$AN$266=AN2)*($H$2:$H$266>H2))+1 -> 1 | E2: =INDEX('Player Data'!$B:$B,AL2) -> DEN | G2: =Settings!$B$2*AB2+Settings!$B$3*AC2+Settings!$B$4*AD2+Settings!$B$5*AE2+Settings!$B$6*AF2+Settings!$B$7*AG2+Settings!$B$8*AH2+Settings!$B$9*AI2+Settings!$B$10*AJ2 -> 10.767653 | H2: =G2-LARGE($G$2:$G$266,Settings!$F$4) -> 13.983918 | I2: =IF(INDEX('Player Data'!$R:$R,AL2)="","",INDEX('Player Data'!$R:$R,AL2)) -> 2 | J2: =IF(I2="","",I2-A2) -> 1 | L2: =IF(Settings!$F$7="Yes",INDEX('Minutes & Health'!$O:$O,AL2),Settings!$F$8) -> 75 | M2: =INDEX('Minutes & Health'!$P:$P,AL2) -> 36.2 | N2: =INDEX('Player Data'!$F:$F,AL2)/INDEX('Player Data'!$E:$E,AL2)*M2*L2*AM2 -> 2045.7395 | O2: =INDEX('Player Data'!$G:$G,AL2)/INDEX('Player Data'!$E:$E,AL2)*M2*L2*AM2 -> 931.9702 | P2: =INDEX('Player Data'!$H:$H,AL2)/INDEX('Player Data'!$E:$E,AL2)*M2*L2*AM2 -> 721.20309 | Q2: =INDEX('Player Data'!$I:$I,AL2)/INDEX('Player Data'!$E:$E,AL2)*M2*L2*AM2 -> 110.87748 | R2: =INDEX('Player Data'!$J:$J,AL2)/INDEX('Player Data'!$E:$E,AL2)*M2*L2*AM2 -> 60.932671 | S2: =INDEX('Player Data'!$K:$K,AL2)/INDEX('Player Data'!$E:$E,AL2)*M2*L2*AM2 -> 124.86203 | T2: =INDEX('Player Data'!$L:$L,AL2)/INDEX('Player Data'!$E:$E,AL2)*M2*L2*AM2 -> 247.72627 | U2: =INDEX('Player Data'!$M:$M,AL2) -> 0.563 | V2: =INDEX('Player Data'!$N:$N,AL2) -> 0.819 | W2: =X2*U2 -> 740.03398 | X2: =INDEX('Player Data'!$O:$O,AL2)/INDEX('Player Data'!$E:$E,AL2)*M2*L2*AM2 -> 1314.4476 | Y2: =Z2*V2 -> 440.87195 | Z2: =INDEX('Player Data'!$P:$P,AL2)/INDEX('Player Data'!$E:$E,AL2)*M2*L2*AM2 -> 538.30519 | AB2: =(N2-Pool!$D$2)/Pool!$E$2 -> 1.9876451 | AC2: =(O2-Pool!$D$3)/Pool!$E$3 -> 2.9250704 | AD2: =(P2-Pool!$D$4)/Pool!$E$4 -> 2.9835777 | AE2: =(Q2-Pool!$D$5)/Pool!$E$5 -> 1.6182584 | AF2: =(R2-Pool!$D$6)/Pool!$E$6 -> 0.30673019 | AG2: =(S2-Pool!$D$7)/Pool!$E$7 -> 0.020415241 | AH2: =(AS2-Pool!$D$8)/Pool!$E$8 -> 2.2688517 | AI2: =(AT2-Pool!$D$9)/Pool!$E$9 -> 0.45508799 | AJ2: =-(T2-Pool!$D$10)/Pool!$E$10 -> -1.7979837 | AL2: =MATCH(B2,'Player Data'!$A:$A,0) -> 7 | AM2: =1+IF(Settings!$F$10="ON",IFERROR(VLOOKUP(TRIM(F2),Settings!$D$12:$F$17,3,FALSE),0),0) -> 1 | AN2: =IFERROR(LEFT(C2,FIND(",",C2)-1),C2) -> C | AO2: =X2*(U2-Pool!$B$12) -> 108.30158 | AP2: =Z2*(V2-Pool!$B$13) -> 15.557204 | AQ2: =Settings!$B$2*(N2-Pool!$B$2)/Pool!$C$2+Settings!$B$3*(O2-Pool!$B$3)/Pool!$C$3+Settings!$B$4*(P2-Pool!$B$4)/Pool!$C$4+Settings!$B$5*(Q2-Pool!$B$5)/Pool!$C$5+Settings!$B$6*(R2-Pool!$B$6)/Pool!$C$6+Settings!$B$7*(S2-Pool!$B$7)/Pool!$C$7+Settings!$B$8*(AO2-Pool!$B$8)/Pool!$C$8+Settings!$B$9*(AP2-Pool!$B$9)/Pool!$C$9+Settings!$B$10*-(T2-Pool!$B$10)/Pool!$C$10 -> 13.321661 | AR2: =IF(RANK(AQ2,$AQ$2:$AQ$266)<=Settings!$F$5,1,0) -> 1 | AS2: =X2*(U2-Pool!$D$12) -> 103.74462 | AT2: =Z2*(V2-Pool!$D$13) -> 10.153281
A3: =RANK(H3,$H$2:$H$266) -> 2 | B3: Shai Gilgeous-Alexander | C3: =INDEX('Player Data'!$C:$C,AL3) -> PG | D3: =SUMPRODUCT(($AN$2:$AN$266=AN3)*($H$2:$H$266>H3))+1 -> 1 | E3: =INDEX('Player Data'!$B:$B,AL3) -> OKC | G3: =Settings!$B$2*AB3+Settings!$B$3*AC3+Settings!$B$4*AD3+Settings!$B$5*AE3+Settings!$B$6*AF3+Settings!$B$7*AG3+Settings!$B$8*AH3+Settings!$B$9*AI3+Settings!$B$10*AJ3 -> 10.116328 | H3: =G3-LARGE($G$2:$G$266,Settings!$F$4) -> 13.332593 | I3: =IF(INDEX('Player Data'!$R:$R,AL3)="","",INDEX('Player Data'!$R:$R,AL3)) -> 4 | J3: =IF(I3="","",I3-A3) -> 2 | L3: =IF(Settings!$F$7="Yes",INDEX('Minutes & Health'!$O:$O,AL3),Settings!$F$8) -> 77 | M3: =INDEX('Minutes & Health'!$P:$P,AL3) -> 34.3 | N3: =INDEX('Player Data'!$F:$F,AL3)/INDEX('Player Data'!$E:$E,AL3)*M3*L3*AM3 -> 2421.0917 | O3: =INDEX('Player Data'!$G:$G,AL3)/INDEX('Player Data'!$E:$E,AL3)*M3*L3*AM3 -> 350.01325 | P3: =INDEX('Player Data'!$H:$H,AL3)/INDEX('Player Data'!$E:$E,AL3)*M3*L3*AM3 -> 484.01833 | Q3: =INDEX('Player Data'!$I:$I,AL3)/INDEX('Player Data'!$E:$E,AL3)*M3*L3*AM3 -> 124.0047 | R3: =INDEX('Player Data'!$J:$J,AL3)/INDEX('Player Data'!$E:$E,AL3)*M3*L3*AM3 -> 63.002385 | S3: =INDEX('Player Data'!$K:$K,AL3)/INDEX('Player Data'!$E:$E,AL3)*M3*L3*AM3 -> 133.00504 | T3: =INDEX('Player Data'!$L:$L,AL3)/INDEX('Player Data'!$E:$E,AL3)*M3*L3*AM3 -> 180.00682 | U3: =INDEX('Player Data'!$M:$M,AL3) -> 0.528 | V3: =INDEX('Player Data'!$N:$N,AL3) -> 0.887 | W3: =X3*U3 -> 836.64768 | X3: =INDEX('Player Data'!$O:$O,AL3)/INDEX('Player Data'!$E:$E,AL3)*M3*L3*AM3 -> 1584.56 | Y3: =Z3*V3 -> 614.80298 | Z3: =INDEX('Player Data'!$P:$P,AL3)/INDEX('Player Data'!$E:$E,AL3)*M3*L3*AM3 -> 693.12624 | AB3: =(N3-Pool!$D$2)/Pool!$E$2 -> 2.9128736 | AC3: =(O3-Pool!$D$3)/Pool!$E$3 -> -0.4622156 | AD3: =(P3-Pool!$D$4)/Pool!$E$4 -> 1.3794194 | AE3: =(Q3-Pool!$D$5)/Pool!$E$5 -> 2.1978007 | AF3: =(R3-Pool!$D$6)/Pool!$E$6 -> 0.36662923 | AG3: =(S3-Pool!$D$7)/Pool!$E$7 -> 0.13510386 | AH3: =(AS3-Pool!$D$8)/Pool!$E$8 -> 1.5222111 | AI3: =(AT3-Pool!$D$9)/Pool!$E$9 -> 2.6985409 | AJ3: =-(T3-Pool!$D$10)/Pool!$E$10 -> -0.63403512 | AL3: =MATCH(B3,'Player Data'!$A:$A,0) -> 2 | AM3: =1+IF(Settings!$F$10="ON",IFERROR(VLOOKUP(TRIM(F3),Settings!$D$12:$F$17,3,FALSE),0),0) -> 1 | AN3: =IFERROR(LEFT(C3,FIND(",",C3)-1),C3) -> PG | AO3: =X3*(U3-Pool!$B$12) -> 75.097417 | AP3: =Z3*(V3-Pool!$B$13) -> 67.164171 | AQ3: =Settings!$B$2*(N3-Pool!$B$2)/Pool!$C$2+Settings!$B$3*(O3-Pool!$B$3)/Pool!$C$3+Settings!$B$4*(P3-Pool!$B$4)/Pool!$C$4+Settings!$B$5*(Q3-Pool!$B$5)/Pool!$C$5+Settings!$B$6*(R3-Pool!$B$6)/Pool!$C$6+Settings!$B$7*(S3-Pool!$B$7)/Pool!$C$7+Settings!$B$8*(AO3-Pool!$B$8)/Pool!$C$8+Settings!$B$9*(AP3-Pool!$B$9)/Pool!$C$9+Settings!$B$10*-(T3-Pool!$B$10)/Pool!$C$10 -> 12.769624 | AR3: =IF(RANK(AQ3,$AQ$2:$AQ$266)<=Settings!$F$5,1,0) -> 1 | AS3: =X3*(U3-Pool!$D$12) -> 69.604027 | AT3: =Z3*(V3-Pool!$D$13) -> 60.206033
A4: =RANK(H4,$H$2:$H$266) -> 3 | B4: Victor Wembanyama | C4: =INDEX('Player Data'!$C:$C,AL4) -> C | D4: =SUMPRODUCT(($AN$2:$AN$266=AN4)*($H$2:$H$266>H4))+1 -> 2 | E4: =INDEX('Player Data'!$B:$B,AL4) -> SAS | G4: =Settings!$B$2*AB4+Settings!$B$3*AC4+Settings!$B$4*AD4+Settings!$B$5*AE4+Settings!$B$6*AF4+Settings!$B$7*AG4+Settings!$B$8*AH4+Settings!$B$9*AI4+Settings!$B$10*AJ4 -> 9.2094556 | H4: =G4-LARGE($G$2:$G$266,Settings!$F$4) -> 12.42572 | I4: =IF(INDEX('Player Data'!$R:$R,AL4)="","",INDEX('Player Data'!$R:$R,AL4)) -> 1 | J4: =IF(I4="","",I4-A4) -> -2 | L4: =IF(Settings!$F$7="Yes",INDEX('Minutes & Health'!$O:$O,AL4),Settings!$F$8) -> 73 | M4: =INDEX('Minutes & Health'!$P:$P,AL4) -> 31.9 | N4: =INDEX('Player Data'!$F:$F,AL4)/INDEX('Player Data'!$E:$E,AL4)*M4*L4*AM4 -> 1826.1173 | O4: =INDEX('Player Data'!$G:$G,AL4)/INDEX('Player Data'!$E:$E,AL4)*M4*L4*AM4 -> 834.9681 | P4: =INDEX('Player Data'!$H:$H,AL4)/INDEX('Player Data'!$E:$E,AL4)*M4*L4*AM4 -> 242.28091 | Q4: =INDEX('Player Data'!$I:$I,AL4)/INDEX('Player Data'!$E:$E,AL4)*M4*L4*AM4 -> 80.092863 | R4: =INDEX('Player Data'!$J:$J,AL4)/INDEX('Player Data'!$E:$E,AL4)*M4*L4*AM4 -> 227.2635 | S4: =INDEX('Player Data'!$K:$K,AL4)/INDEX('Player Data'!$E:$E,AL4)*M4*L4*AM4 -> 149.17296 | T4: =INDEX('Player Data'!$L:$L,AL4)/INDEX('Player Data'!$E:$E,AL4)*M4*L4*AM4 -> 195.22635 | U4: =INDEX('Player Data'!$M:$M,AL4) -> 0.491 | V4: =INDEX('Player Data'!$N:$N,AL4) -> 0.827 | W4: =X4*U4 -> 626.11264 | X4: =INDEX('Player Data'!$O:$O,AL4)/INDEX('Player Data'!$E:$E,AL4)*M4*L4*AM4 -> 1275.1785 | Y4: =Z4*V4 -> 424.66067 | Z4: =INDEX('Player Data'!$P:$P,AL4)/INDEX('Player Data'!$E:$E,AL4)*M4*L4*AM4 -> 513.49537 | AB4: =(N4-Pool!$D$2)/Pool!$E$2 -> 1.4462848 | AC4: =(O4-Pool!$D$3)/Pool!$E$3 -> 2.3604688 | AD4: =(P4-Pool!$D$4)/Pool!$E$4 -> -0.25552994 | AE4: =(Q4-Pool!$D$5)/Pool!$E$5 -> 0.25917373 | AF4: =(R4-Pool!$D$6)/Pool!$E$6 -> 5.1204651 | AG4: =(S4-Pool!$D$7)/Pool!$E$7 -> 0.36281792 | AH4: =(AS4-Pool!$D$8)/Pool!$E$8 -> 0.19316102 | AI4: =(AT4-Pool!$D$9)/Pool!$E$9 -> 0.61823971 | AJ4: =-(T4-Pool!$D$10)/Pool!$E$10 -> -0.89562554 | AL4: =MATCH(B4,'Player Data'!$A:$A,0) -> 15 | AM4: =1+IF(Settings!$F$10="ON",IFERROR(VLOOKUP(TRIM(F4),Settings!$D$12:$F$17,3,FALSE),0),0) -> 1 | AN4: =IFERROR(LEFT(C4,FIND(",",C4)-1),C4) -> C | AO4: =X4*(U4-Pool!$B$12) -> 13.253224 | AP4: =Z4*(V4-Pool!$B$13) -> 18.948155 | AQ4: =Settings!$B$2*(N4-Pool!$B$2)/Pool!$C$2+Settings!$B$3*(O4-Pool!$B$3)/Pool!$C$3+Settings!$B$4*(P4-Pool!$B$4)/Pool!$C$4+Settings!$B$5*(Q4-Pool!$B$5)/Pool!$C$5+Settings!$B$6*(R4-Pool!$B$6)/Pool!$C$6+Settings!$B$7*(S4-Pool!$B$7)/Pool!$C$7+Settings!$B$8*(AO4-Pool!$B$8)/Pool!$C$8+Settings!$B$9*(AP4-Pool!$B$9)/Pool!$C$9+Settings!$B$10*-(T4-Pool!$B$10)/Pool!$C$10 -> 12.037916 | AR4: =IF(RANK(AQ4,$AQ$2:$AQ$266)<=Settings!$F$5,1,0) -> 1 | AS4: =X4*(U4-Pool!$D$12) -> 8.8324051 | AT4: =Z4*(V4-Pool!$D$13) -> 13.793291
A5: =RANK(H5,$H$2:$H$266) -> 4 | B5: Tyrese Maxey | C5: =INDEX('Player Data'!$C:$C,AL5) -> PG,SG | D5: =SUMPRODUCT(($AN$2:$AN$266=AN5)*($H$2:$H$266>H5))+1 -> 2 | E5: =INDEX('Player Data'!$B:$B,AL5) -> PHI | G5: =Settings!$B$2*AB5+Settings!$B$3*AC5+Settings!$B$4*AD5+Settings!$B$5*AE5+Settings!$B$6*AF5+Settings!$B$7*AG5+Settings!$B$8*AH5+Settings!$B$9*AI5+Settings!$B$10*AJ5 -> 5.728766 | H5: =G5-LARGE($G$2:$G$266,Settings!$F$4) -> 8.9450308 | I5: =IF(INDEX('Player Data'!$R:$R,AL5)="","",INDEX('Player Data'!$R:$R,AL5)) -> 7 | J5: =IF(I5="","",I5-A5) -> 3 | L5: =IF(Settings!$F$7="Yes",INDEX('Minutes & Health'!$O:$O,AL5),Settings!$F$8) -> 75 | M5: =INDEX('Minutes & Health'!$P:$P,AL5) -> 35.9 | N5: =INDEX('Player Data'!$F:$F,AL5)/INDEX('Player Data'!$E:$E,AL5)*M5*L5*AM5 -> 1901.6469 | O5: =INDEX('Player Data'!$G:$G,AL5)/INDEX('Player Data'!$E:$E,AL5)*M5*L5*AM5 -> 283.94727 | P5: =INDEX('Player Data'!$H:$H,AL5)/INDEX('Player Data'!$E:$E,AL5)*M5*L5*AM5 -> 447.91682 | Q5: =INDEX('Player Data'!$I:$I,AL5)/INDEX('Player Data'!$E:$E,AL5)*M5*L5*AM5 -> 118.97791 | R5: =INDEX('Player Data'!$J:$J,AL5)/INDEX('Player Data'!$E:$E,AL5)*M5*L5*AM5 -> 48.990902 | S5: =INDEX('Player Data'!$K:$K,AL5)/INDEX('Player Data'!$E:$E,AL5)*M5*L5*AM5 -> 206.96157 | T5: =INDEX('Player Data'!$L:$L,AL5)/INDEX('Player Data'!$E:$E,AL5)*M5*L5*AM5 -> 164.96937 | U5: =INDEX('Player Data'!$M:$M,AL5) -> 0.468 | V5: =INDEX('Player Data'!$N:$N,AL5) -> 0.889 | W5: =X5*U5 -> 671.68927 | X5: =INDEX('Player Data'!$O:$O,AL5)/INDEX('Player Data'!$E:$E,AL5)*M5*L5*AM5 -> 1435.2335 | Y5: =Z5*V5 -> 351.35645 | Z5: =INDEX('Player Data'!$P:$P,AL5)/INDEX('Player Data'!$E:$E,AL5)*M5*L5*AM5 -> 395.22661 | AB5: =(N5-Pool!$D$2)/Pool!$E$2 -> 1.6324623 | AC5: =(O5-Pool!$D$3)/Pool!$E$3 -> -0.84675329 | AD5: =(P5-Pool!$D$4)/Pool!$E$4 -> 1.1352531 | AE5: =(Q5-Pool!$D$5)/Pool!$E$5 -> 1.9758772 | AF5: =(R5-Pool!$D$6)/Pool!$E$6 -> -0.038873265 | AG5: =(S5-Pool!$D$7)/Pool!$E$7 -> 1.1767307 | AH5: =(AS5-Pool!$D$8)/Pool!$E$8 -> -0.50451726 | AI5: =(AT5-Pool!$D$9)/Pool!$E$9 -> 1.574161 | AJ5: =-(T5-Pool!$D$10)/Pool!$E$10 -> -0.37557439 | AL5: =MATCH(B5,'Player Data'!$A:$A,0) -> 13 | AM5: =1+IF(Settings!$F$10="ON",IFERROR(VLOOKUP(TRIM(F5),Settings!$D$12:$F$17,3,FALSE),0),0) -> 1 | AN5: =IFERROR(LEFT(C5,FIND(",",C5)-1),C5) -> PG | AO5: =X5*(U5-Pool!$B$12) -> -18.093658 | AP5: =Z5*(V5-Pool!$B$13) -> 39.088047 | AQ5: =Settings!$B$2*(N5-Pool!$B$2)/Pool!$C$2+Settings!$B$3*(O5-Pool!$B$3)/Pool!$C$3+Settings!$B$4*(P5-Pool!$B$4)/Pool!$C$4+Settings!$B$5*(Q5-Pool!$B$5)/Pool!$C$5+Settings!$B$6*(R5-Pool!$B$6)/Pool!$C$6+Settings!$B$7*(S5-Pool!$B$7)/Pool!$C$7+Settings!$B$8*(AO5-Pool!$B$8)/Pool!$C$8+Settings!$B$9*(AP5-Pool!$B$9)/Pool!$C$9+Settings!$B$10*-(T5-Pool!$B$10)/Pool!$C$10 -> 7.8129103 | AR5: =IF(RANK(AQ5,$AQ$2:$AQ$266)<=Settings!$F$5,1,0) -> 1 | AS5: =X5*(U5-Pool!$D$12) -> -23.069359 | AT5: =Z5*(V5-Pool!$D$13) -> 35.120456
A6: =RANK(H6,$H$2:$H$266) -> 5 | B6: Luka Doncic | C6: =INDEX('Player Data'!$C:$C,AL6) -> PG,SG | D6: =SUMPRODUCT(($AN$2:$AN$266=AN6)*($H$2:$H$266>H6))+1 -> 3 | E6: =INDEX('Player Data'!$B:$B,AL6) -> LAL | G6: =Settings!$B$2*AB6+Settings!$B$3*AC6+Settings!$B$4*AD6+Settings!$B$5*AE6+Settings!$B$6*AF6+Settings!$B$7*AG6+Settings!$B$8*AH6+Settings!$B$9*AI6+Settings!$B$10*AJ6 -> 5.5059442 | H6: =G6-LARGE($G$2:$G$266,Settings!$F$4) -> 8.722209 | I6: =IF(INDEX('Player Data'!$R:$R,AL6)="","",INDEX('Player Data'!$R:$R,AL6)) -> 3 | J6: =IF(I6="","",I6-A6) -> -2 | L6: =IF(Settings!$F$7="Yes",INDEX('Minutes & Health'!$O:$O,AL6),Settings!$F$8) -> 74 | M6: =INDEX('Minutes & Health'!$P:$P,AL6) -> 36.1 | N6: =INDEX('Player Data'!$F:$F,AL6)/INDEX('Player Data'!$E:$E,AL6)*M6*L6*AM6 -> 2291.6275 | O6: =INDEX('Player Data'!$G:$G,AL6)/INDEX('Player Data'!$E:$E,AL6)*M6*L6*AM6 -> 587.64804 | P6: =INDEX('Player Data'!$H:$H,AL6)/INDEX('Player Data'!$E:$E,AL6)*M6*L6*AM6 -> 598.64145 | Q6: =INDEX('Player Data'!$I:$I,AL6)/INDEX('Player Data'!$E:$E,AL6)*M6*L6*AM6 -> 114.93116 | R6: =INDEX('Player Data'!$J:$J,AL6)/INDEX('Player Data'!$E:$E,AL6)*M6*L6*AM6 -> 33.979648 | S6: =INDEX('Player Data'!$K:$K,AL6)/INDEX('Player Data'!$E:$E,AL6)*M6*L6*AM6 -> 271.83719 | T6: =INDEX('Player Data'!$L:$L,AL6)/INDEX('Player Data'!$E:$E,AL6)*M6*L6*AM6 -> 297.82162 | U6: =INDEX('Player Data'!$M:$M,AL6) -> 0.469 | V6: =INDEX('Player Data'!$N:$N,AL6) -> 0.787 | W6: =X6*U6 -> 746.62292 | X6: =INDEX('Player Data'!$O:$O,AL6)/INDEX('Player Data'!$E:$E,AL6)*M6*L6*AM6 -> 1591.9465 | Y6: =Z6*V6 -> 526.50246 | Z6: =INDEX('Player Data'!$P:$P,AL6)/INDEX('Player Data'!$E:$E,AL6)*M6*L6*AM6 -> 668.99931 | AB6: =(N6-Pool!$D$2)/Pool!$E$2 -> 2.5937493 | AC6: =(O6-Pool!$D$3)/Pool!$E$3 -> 0.92093995 | AD6: =(P6-Pool!$D$4)/Pool!$E$4 -> 2.1546531 | AE6: =(Q6-Pool!$D$5)/Pool!$E$5 -> 1.7972209 | AF6: =(R6-Pool!$D$6)/Pool!$E$6 -> -0.47330985 | AG6: =(S6-Pool!$D$7)/Pool!$E$7 -> 2.0904592 | AH6: =(AS6-Pool!$D$8)/Pool!$E$8 -> -0.52479026 | AI6: =(AT6-Pool!$D$9)/Pool!$E$9 -> -0.39396546 | AJ6: =-(T6-Pool!$D$10)/Pool!$E$10 -> -2.6590127 | AL6: =MATCH(B6,'Player Data'!$A:$A,0) -> 4 | AM6: =1+IF(Settings!$F$10="ON",IFERROR(VLOOKUP(TRIM(F6),Settings!$D$12:$F$17,3,FALSE),0),0) -> 1 | AN6: =IFERROR(LEFT(C6,FIND(",",C6)-1),C6) -> PG | AO6: =X6*(U6-Pool!$B$12) -> -18.477357 | AP6: =Z6*(V6-Pool!$B$13) -> -2.0736686 | AQ6: =Settings!$B$2*(N6-Pool!$B$2)/Pool!$C$2+Settings!$B$3*(O6-Pool!$B$3)/Pool!$C$3+Settings!$B$4*(P6-Pool!$B$4)/Pool!$C$4+Settings!$B$5*(Q6-Pool!$B$5)/Pool!$C$5+Settings!$B$6*(R6-Pool!$B$6)/Pool!$C$6+Settings!$B$7*(S6-Pool!$B$7)/Pool!$C$7+Settings!$B$8*(AO6-Pool!$B$8)/Pool!$C$8+Settings!$B$9*(AP6-Pool!$B$9)/Pool!$C$9+Settings!$B$10*-(T6-Pool!$B$10)/Pool!$C$10 -> 7.3753022 | AR6: =IF(RANK(AQ6,$AQ$2:$AQ$266)<=Settings!$F$5,1,0) -> 1 | AS6: =X6*(U6-Pool!$D$12) -> -23.996354 | AT6: =Z6*(V6-Pool!$D$13) -> -8.7896011
A7: =RANK(H7,$H$2:$H$266) -> 6 | B7: Donovan Mitchell | C7: =INDEX('Player Data'!$C:$C,AL7) -> PG,SG | D7: =SUMPRODUCT(($AN$2:$AN$266=AN7)*($H$2:$H$266>H7))+1 -> 4 | E7: =INDEX('Player Data'!$B:$B,AL7) -> CLE | G7: =Settings!$B$2*AB7+Settings!$B$3*AC7+Settings!$B$4*AD7+Settings!$B$5*AE7+Settings!$B$6*AF7+Settings!$B$7*AG7+Settings!$B$8*AH7+Settings!$B$9*AI7+Settings!$B$10*AJ7 -> 4.4031472 | H7: =G7-LARGE($G$2:$G$266,Settings!$F$4) -> 7.6194119 | I7: =IF(INDEX('Player Data'!$R:$R,AL7)="","",INDEX('Player Data'!$R:$R,AL7)) -> 19 | J7: =IF(I7="","",I7-A7) -> 13 | L7: =IF(Settings!$F$7="Yes",INDEX('Minutes & Health'!$O:$O,AL7),Settings!$F$8) -> 75 | M7: =INDEX('Minutes & Health'!$P:$P,AL7) -> 33.2 | N7: =INDEX('Player Data'!$F:$F,AL7)/INDEX('Player Data'!$E:$E,AL7)*M7*L7*AM7 -> 1997.6045 | O7: =INDEX('Player Data'!$G:$G,AL7)/INDEX('Player Data'!$E:$E,AL7)*M7*L7*AM7 -> 360.28939 | P7: =INDEX('Player Data'!$H:$H,AL7)/INDEX('Player Data'!$E:$E,AL7)*M7*L7*AM7 -> 415.3336 | Q7: =INDEX('Player Data'!$I:$I,AL7)/INDEX('Player Data'!$E:$E,AL7)*M7*L7*AM7 -> 117.09405 | R7: =INDEX('Player Data'!$J:$J,AL7)/INDEX('Player Data'!$E:$E,AL7)*M7*L7*AM7 -> 22.017685 | S7: =INDEX('Player Data'!$K:$K,AL7)/INDEX('Player Data'!$E:$E,AL7)*M7*L7*AM7 -> 242.19453 | T7: =INDEX('Player Data'!$L:$L,AL7)/INDEX('Player Data'!$E:$E,AL7)*M7*L7*AM7 -> 194.15595 | U7: =INDEX('Player Data'!$M:$M,AL7) -> 0.463 | V7: =INDEX('Player Data'!$N:$N,AL7) -> 0.842 | W7: =X7*U7 -> 689.45148 | X7: =INDEX('Player Data'!$O:$O,AL7)/INDEX('Player Data'!$E:$E,AL7)*M7*L7*AM7 -> 1489.0961 | Y7: =Z7*V7 -> 376.50802 | Z7: =INDEX('Player Data'!$P:$P,AL7)/INDEX('Player Data'!$E:$E,AL7)*M7*L7*AM7 -> 447.15916 | AB7: =(N7-Pool!$D$2)/Pool!$E$2 -> 1.8689942 | AC7: =(O7-Pool!$D$3)/Pool!$E$3 -> -0.40240325 | AD7: =(P7-Pool!$D$4)/Pool!$E$4 -> 0.9148821 | AE7: =(Q7-Pool!$D$5)/Pool!$E$5 -> 1.8927084 | AF7: =(R7-Pool!$D$6)/Pool!$E$6 -> -0.81949775 | AG7: =(S7-Pool!$D$7)/Pool!$E$7 -> 1.6729628 | AH7: =(AS7-Pool!$D$8)/Pool!$E$8 -> -0.68628074 | AI7: =(AT7-Pool!$D$9)/Pool!$E$9 -> 0.83900901 | AJ7: =-(T7-Pool!$D$10)/Pool!$E$10 -> -0.87722762 | AL7: =MATCH(B7,'Player Data'!$A:$A,0) -> 8 | AM7: =1+IF(Settings!$F$10="ON",IFERROR(VLOOKUP(TRIM(F7),Settings!$D$12:$F$17,3,FALSE),0),0) -> 1 | AN7: =IFERROR(LEFT(C7,FIND(",",C7)-1),C7) -> PG | AO7: =X7*(U7-Pool!$B$12) -> -26.218171 | AP7: =Z7*(V7-Pool!$B$13) -> 23.207714 | AQ7: =Settings!$B$2*(N7-Pool!$B$2)/Pool!$C$2+Settings!$B$3*(O7-Pool!$B$3)/Pool!$C$3+Settings!$B$4*(P7-Pool!$B$4)/Pool!$C$4+Settings!$B$5*(Q7-Pool!$B$5)/Pool!$C$5+Settings!$B$6*(R7-Pool!$B$6)/Pool!$C$6+Settings!$B$7*(S7-Pool!$B$7)/Pool!$C$7+Settings!$B$8*(AO7-Pool!$B$8)/Pool!$C$8+Settings!$B$9*(AP7-Pool!$B$9)/Pool!$C$9+Settings!$B$10*-(T7-Pool!$B$10)/Pool!$C$10 -> 6.2774218 | AR7: =IF(RANK(AQ7,$AQ$2:$AQ$266)<=Settings!$F$5,1,0) -> 1 | AS7: =X7*(U7-Pool!$D$12) -> -31.380605 | AT7: =Z7*(V7-Pool!$D$13) -> 18.718784
A8: =RANK(H8,$H$2:$H$266) -> 7 | B8: Kawhi Leonard | C8: =INDEX('Player Data'!$C:$C,AL8) -> PF,SF,SG | D8: =SUMPRODUCT(($AN$2:$AN$266=AN8)*($H$2:$H$266>H8))+1 -> 1 | E8: =INDEX('Player Data'!$B:$B,AL8) -> TOR | G8: =Settings!$B$2*AB8+Settings!$B$3*AC8+Settings!$B$4*AD8+Settings!$B$5*AE8+Settings!$B$6*AF8+Settings!$B$7*AG8+Settings!$B$8*AH8+Settings!$B$9*AI8+Settings!$B$10*AJ8 -> 4.3671985 | H8: =G8-LARGE($G$2:$G$266,Settings!$F$4) -> 7.5834632 | I8: =IF(INDEX('Player Data'!$R:$R,AL8)="","",INDEX('Player Data'!$R:$R,AL8)) -> 17 | J8: =IF(I8="","",I8-A8) -> 10 | L8: =IF(Settings!$F$7="Yes",INDEX('Minutes & Health'!$O:$O,AL8),Settings!$F$8) -> 69 | M8: =INDEX('Minutes & Health'!$P:$P,AL8) -> 32.3 | N8: =INDEX('Player Data'!$F:$F,AL8)/INDEX('Player Data'!$E:$E,AL8)*M8*L8*AM8 -> 1707.2381 | O8: =INDEX('Player Data'!$G:$G,AL8)/INDEX('Player Data'!$E:$E,AL8)*M8*L8*AM8 -> 425.56082 | P8: =INDEX('Player Data'!$H:$H,AL8)/INDEX('Player Data'!$E:$E,AL8)*M8*L8*AM8 -> 252.73918 | Q8: =INDEX('Player Data'!$I:$I,AL8)/INDEX('Player Data'!$E:$E,AL8)*M8*L8*AM8 -> 109.8866 | R8: =INDEX('Player Data'!$J:$J,AL8)/INDEX('Player Data'!$E:$E,AL8)*M8*L8*AM8 -> 34.963918 | S8: =INDEX('Player Data'!$K:$K,AL8)/INDEX('Player Data'!$E:$E,AL8)*M8*L8*AM8 -> 153.84124 | T8: =INDEX('Player Data'!$L:$L,AL8)/INDEX('Player Data'!$E:$E,AL8)*M8*L8*AM8 -> 134.86082 | U8: =INDEX('Player Data'!$M:$M,AL8) -> 0.5 | V8: =INDEX('Player Data'!$N:$N,AL8) -> 0.875 | W8: =X8*U8 -> 607.47309 | X8: =INDEX('Player Data'!$O:$O,AL8)/INDEX('Player Data'!$E:$E,AL8)*M8*L8*AM8 -> 1214.9462 | Y8: =Z8*V8 -> 338.45072 | Z8: =INDEX('Player Data'!$P:$P,AL8)/INDEX('Player Data'!$E:$E,AL8)*M8*L8*AM8 -> 386.80082 | AB8: =(N8-Pool!$D$2)/Pool!$E$2 -> 1.1532524 | AC8: =(O8-Pool!$D$3)/Pool!$E$3 -> -0.022490226 | AD8: =(P8-Pool!$D$4)/Pool!$E$4 -> -0.18479727 | AE8: =(Q8-Pool!$D$5)/Pool!$E$5 -> 1.5745126 | AF8: =(R8-Pool!$D$6)/Pool!$E$6 -> -0.44482439 | AG8: =(S8-Pool!$D$7)/Pool!$E$7 -> 0.42856742 | AH8: =(AS8-Pool!$D$8)/Pool!$E$8 -> 0.42317047 | AI8: =(AT8-Pool!$D$9)/Pool!$E$9 -> 1.2978823 | AJ8: =-(T8-Pool!$D$10)/Pool!$E$10 -> 0.14192525 | AL8: =MATCH(B8,'Player Data'!$A:$A,0) -> 17 | AM8: =1+IF(Settings!$F$10="ON",IFERROR(VLOOKUP(TRIM(F8),Settings!$D$12:$F$17,3,FALSE),0),0) -> 1 | AN8: =IFERROR(LEFT(C8,FIND(",",C8)-1),C8) -> PF | AO8: =X8*(U8-Pool!$B$12) -> 23.561731 | AP8: =Z8*(V8-Pool!$B$13) -> 32.839523 | AQ8: =Settings!$B$2*(N8-Pool!$B$2)/Pool!$C$2+Settings!$B$3*(O8-Pool!$B$3)/Pool!$C$3+Settings!$B$4*(P8-Pool!$B$4)/Pool!$C$4+Settings!$B$5*(Q8-Pool!$B$5)/Pool!$C$5+Settings!$B$6*(R8-Pool!$B$6)/Pool!$C$6+Settings!$B$7*(S8-Pool!$B$7)/Pool!$C$7+Settings!$B$8*(AO8-Pool!$B$8)/Pool!$C$8+Settings!$B$9*(AP8-Pool!$B$9)/Pool!$C$9+Settings!$B$10*-(T8-Pool!$B$10)/Pool!$C$10 -> 6.5353224 | AR8: =IF(RANK(AQ8,$AQ$2:$AQ$266)<=Settings!$F$5,1,0) -> 1 | AS8: =X8*(U8-Pool!$D$12) -> 19.349727 | AT8: =Z8*(V8-Pool!$D$13) -> 28.956517
A9: =RANK(H9,$H$2:$H$266) -> 8 | B9: Stephen Curry | C9: =INDEX('Player Data'!$C:$C,AL9) -> PG | D9: =SUMPRODUCT(($AN$2:$AN$266=AN9)*($H$2:$H$266>H9))+1 -> 5 | E9: =INDEX('Player Data'!$B:$B,AL9) -> GSW | G9: =Settings!$B$2*AB9+Settings!$B$3*AC9+Settings!$B$4*AD9+Settings!$B$5*AE9+Settings!$B$6*AF9+Settings!$B$7*AG9+Settings!$B$8*AH9+Settings!$B$9*AI9+Settings!$B$10*AJ9 -> 4.1927638 | H9: =G9-LARGE($G$2:$G$266,Settings!$F$4) -> 7.4090286 | I9: =IF(INDEX('Player Data'!$R:$R,AL9)="","",INDEX('Player Data'!$R:$R,AL9)) -> 23 | J9: =IF(I9="","",I9-A9) -> 15 | L9: =IF(Settings!$F$7="Yes",INDEX('Minutes & Health'!$O:$O,AL9),Settings!$F$8) -> 73 | M9: =INDEX('Minutes & Health'!$P:$P,AL9) -> 31.7 | N9: =INDEX('Player Data'!$F:$F,AL9)/INDEX('Player Data'!$E:$E,AL9)*M9*L9*AM9 -> 1884.7103 | O9: =INDEX('Player Data'!$G:$G,AL9)/INDEX('Player Data'!$E:$E,AL9)*M9*L9*AM9 -> 304.27612 | P9: =INDEX('Player Data'!$H:$H,AL9)/INDEX('Player Data'!$E:$E,AL9)*M9*L9*AM9 -> 388.35242 | Q9: =INDEX('Player Data'!$I:$I,AL9)/INDEX('Player Data'!$E:$E,AL9)*M9*L9*AM9 -> 81.073573 | R9: =INDEX('Player Data'!$J:$J,AL9)/INDEX('Player Data'!$E:$E,AL9)*M9*L9*AM9 -> 29.026341 | S9: =INDEX('Player Data'!$K:$K,AL9)/INDEX('Player Data'!$E:$E,AL9)*M9*L9*AM9 -> 336.30519 | T9: =INDEX('Player Data'!$L:$L,AL9)/INDEX('Player Data'!$E:$E,AL9)*M9*L9*AM9 -> 215.19529 | U9: =INDEX('Player Data'!$M:$M,AL9) -> 0.452 | V9: =INDEX('Player Data'!$N:$N,AL9) -> 0.928 | W9: =X9*U9 -> 604.91815 | X9: =INDEX('Player Data'!$O:$O,AL9)/INDEX('Player Data'!$E:$E,AL9)*M9*L9*AM9 -> 1338.3145 | Y9: =Z9*V9 -> 338.65612 | Z9: =INDEX('Player Data'!$P:$P,AL9)/INDEX('Player Data'!$E:$E,AL9)*M9*L9*AM9 -> 364.93117 | AB9: =(N9-Pool!$D$2)/Pool!$E$2 -> 1.5907144 | AC9: =(O9-Pool!$D$3)/Pool!$E$3 -> -0.728429 | AD9: =(P9-Pool!$D$4)/Pool!$E$4 -> 0.73239955 | AE9: =(Q9-Pool!$D$5)/Pool!$E$5 -> 0.30247026 | AF9: =(R9-Pool!$D$6)/Pool!$E$6 -> -0.61666217 | AG9: =(S9-Pool!$D$7)/Pool!$E$7 -> 2.9984466 | AH9: =(AS9-Pool!$D$8)/Pool!$E$8 -> -0.93874211 | AI9: =(AT9-Pool!$D$9)/Pool!$E$9 -> 2.0914138 | AJ9: =-(T9-Pool!$D$10)/Pool!$E$10 -> -1.2388476 | AL9: =MATCH(B9,'Player Data'!$A:$A,0) -> 11 | AM9: =1+IF(Settings!$F$10="ON",IFERROR(VLOOKUP(TRIM(F9),Settings!$D$12:$F$17,3,FALSE),0),0) -> 1 | AN9: =IFERROR(LEFT(C9,FIND(",",C9)-1),C9) -> PG | AO9: =X9*(U9-Pool!$B$12) -> -38.284854 | AP9: =Z9*(V9-Pool!$B$13) -> 50.324133 | AQ9: =Settings!$B$2*(N9-Pool!$B$2)/Pool!$C$2+Settings!$B$3*(O9-Pool!$B$3)/Pool!$C$3+Settings!$B$4*(P9-Pool!$B$4)/Pool!$C$4+Settings!$B$5*(Q9-Pool!$B$5)/Pool!$C$5+Settings!$B$6*(R9-Pool!$B$6)/Pool!$C$6+Settings!$B$7*(S9-Pool!$B$7)/Pool!$C$7+Settings!$B$8*(AO9-Pool!$B$8)/Pool!$C$8+Settings!$B$9*(AP9-Pool!$B$9)/Pool!$C$9+Settings!$B$10*-(T9-Pool!$B$10)/Pool!$C$10 -> 6.4940866 | AR9: =IF(RANK(AQ9,$AQ$2:$AQ$266)<=Settings!$F$5,1,0) -> 1 | AS9: =X9*(U9-Pool!$D$12) -> -42.924555 | AT9: =Z9*(V9-Pool!$D$13) -> 46.660672
A10: =RANK(H10,$H$2:$H$266) -> 9 | B10: Anthony Edwards | C10: =INDEX('Player Data'!$C:$C,AL10) -> PG,SF,SG | D10: =SUMPRODUCT(($AN$2:$AN$266=AN10)*($H$2:$H$266>H10))+1 -> 6 | E10: =INDEX('Player Data'!$B:$B,AL10) -> MIN | G10: =Settings!$B$2*AB10+Settings!$B$3*AC10+Settings!$B$4*AD10+Settings!$B$5*AE10+Settings!$B$6*AF10+Settings!$B$7*AG10+Settings!$B$8*AH10+Settings!$B$9*AI10+Settings!$B$10*AJ10 -> 4.1660538 | H10: =G10-LARGE($G$2:$G$266,Settings!$F$4) -> 7.3823186 | I10: =IF(INDEX('Player Data'!$R:$R,AL10)="","",INDEX('Player Data'!$R:$R,AL10)) -> 13 | J10: =IF(I10="","",I10-A10) -> 4 | L10: =IF(Settings!$F$7="Yes",INDEX('Minutes & Health'!$O:$O,AL10),Settings!$F$8) -> 75 | M10: =INDEX('Minutes & Health'!$P:$P,AL10) -> 35.9 | N10: =INDEX('Player Data'!$F:$F,AL10)/INDEX('Player Data'!$E:$E,AL10)*M10*L10*AM10 -> 2150.6006 | O10: =INDEX('Player Data'!$G:$G,AL10)/INDEX('Player Data'!$E:$E,AL10)*M10*L10*AM10 -> 411.92351 | P10: =INDEX('Player Data'!$H:$H,AL10)/INDEX('Player Data'!$E:$E,AL10)*M10*L10*AM10 -> 317.94096 | Q10: =INDEX('Player Data'!$I:$I,AL10)/INDEX('Player Data'!$E:$E,AL10)*M10*L10*AM10 -> 101.98106 | R10: =INDEX('Player Data'!$J:$J,AL10)/INDEX('Player Data'!$E:$E,AL10)*M10*L10*AM10 -> 56.989417 | S10: =INDEX('Player Data'!$K:$K,AL10)/INDEX('Player Data'!$E:$E,AL10)*M10*L10*AM10 -> 264.9508 | T10: =INDEX('Player Data'!$L:$L,AL10)/INDEX('Player Data'!$E:$E,AL10)*M10*L10*AM10 -> 221.95878 | U10: =INDEX('Player Data'!$M:$M,AL10) -> 0.47 | V10: =INDEX('Player Data'!$N:$N,AL10) -> 0.808 | W10: =X10*U10 -> 728.97563 | X10: =INDEX('Player Data'!$O:$O,AL10)/INDEX('Player Data'!$E:$E,AL10)*M10*L10*AM10 -> 1551.012 | Y10: =Z10*V10 -> 427.67578 | Z10: =INDEX('Player Data'!$P:$P,AL10)/INDEX('Player Data'!$E:$E,AL10)*M10*L10*AM10 -> 529.30171 | AB10: =(N10-Pool!$D$2)/Pool!$E$2 -> 2.2461237 | AC10: =(O10-Pool!$D$3)/Pool!$E$3 -> -0.10186638 | AD10: =(P10-Pool!$D$4)/Pool!$E$4 -> 0.25618375 | AE10: =(Q10-Pool!$D$5)/Pool!$E$5 -> 1.2254976 | AF10: =(R10-Pool!$D$6)/Pool!$E$6 -> 0.19260955 | AG10: =(S10-Pool!$D$7)/Pool!$E$7 -> 1.9934691 | AH10: =(AS10-Pool!$D$8)/Pool!$E$8 -> -0.47737607 | AI10: =(AT10-Pool!$D$9)/Pool!$E$9 -> 0.18650974 | AJ10: =-(T10-Pool!$D$10)/Pool!$E$10 -> -1.3550972 | AL10: =MATCH(B10,'Player Data'!$A:$A,0) -> 5 | AM10: =1+IF(Settings!$F$10="ON",IFERROR(VLOOKUP(TRIM(F10),Settings!$D$12:$F$17,3,FALSE),0),0) -> 1 | AN10: =IFERROR(LEFT(C10,FIND(",",C10)-1),C10) -> PG | AO10: =X10*(U10-Pool!$B$12) -> -16.451227 | AP10: =Z10*(V10-Pool!$B$13) -> 9.474682 | AQ10: =Settings!$B$2*(N10-Pool!$B$2)/Pool!$C$2+Settings!$B$3*(O10-Pool!$B$3)/Pool!$C$3+Settings!$B$4*(P10-Pool!$B$4)/Pool!$C$4+Settings!$B$5*(Q10-Pool!$B$5)/Pool!$C$5+Settings!$B$6*(R10-Pool!$B$6)/Pool!$C$6+Settings!$B$7*(S10-Pool!$B$7)/Pool!$C$7+Settings!$B$8*(AO10-Pool!$B$8)/Pool!$C$8+Settings!$B$9*(AP10-Pool!$B$9)/Pool!$C$9+Settings!$B$10*-(T10-Pool!$B$10)/Pool!$C$10 -> 6.1455082 | AR10: =IF(RANK(AQ10,$AQ$2:$AQ$266)<=Settings!$F$5,1,0) -> 1 | AS10: =X10*(U10-Pool!$D$12) -> -21.828311 | AT10: =Z10*(V10-Pool!$D$13) -> 4.161142
A11: =RANK(H11,$H$2:$H$266) -> 10 | B11: Tyrese Haliburton | C11: =INDEX('Player Data'!$C:$C,AL11) -> PG,SG | D11: =SUMPRODUCT(($AN$2:$AN$266=AN11)*($H$2:$H$266>H11))+1 -> 7 | E11: =INDEX('Player Data'!$B:$B,AL11) -> IND | G11: =Settings!$B$2*AB11+Settings!$B$3*AC11+Settings!$B$4*AD11+Settings!$B$5*AE11+Settings!$B$6*AF11+Settings!$B$7*AG11+Settings!$B$8*AH11+Settings!$B$9*AI11+Settings!$B$10*AJ11 -> 4.16525 | H11: =G11-LARGE($G$2:$G$266,Settings!$F$4) -> 7.3815148 | I11: =IF(INDEX('Player Data'!$R:$R,AL11)="","",INDEX('Player Data'!$R:$R,AL11)) -> 24 | J11: =IF(I11="","",I11-A11) -> 14 | L11: =IF(Settings!$F$7="Yes",INDEX('Minutes & Health'!$O:$O,AL11),Settings!$F$8) -> 71 | M11: =INDEX('Minutes & Health'!$P:$P,AL11) -> 33.5 | N11: =INDEX('Player Data'!$F:$F,AL11)/INDEX('Player Data'!$E:$E,AL11)*M11*L11*AM11 -> 1334.7194 | O11: =INDEX('Player Data'!$G:$G,AL11)/INDEX('Player Data'!$E:$E,AL11)*M11*L11*AM11 -> 263.94451 | P11: =INDEX('Player Data'!$H:$H,AL11)/INDEX('Player Data'!$E:$E,AL11)*M11*L11*AM11 -> 690.85477 | Q11: =INDEX('Player Data'!$I:$I,AL11)/INDEX('Player Data'!$E:$E,AL11)*M11*L11*AM11 -> 86.981715 | R11: =INDEX('Player Data'!$J:$J,AL11)/INDEX('Player Data'!$E:$E,AL11)*M11*L11*AM11 -> 43.990752 | S11: =INDEX('Player Data'!$K:$K,AL11)/INDEX('Player Data'!$E:$E,AL11)*M11*L11*AM11 -> 199.95797 | T11: =INDEX('Player Data'!$L:$L,AL11)/INDEX('Player Data'!$E:$E,AL11)*M11*L11*AM11 -> 130.97247 | U11: =INDEX('Player Data'!$M:$M,AL11) -> 0.478 | V11: =INDEX('Player Data'!$N:$N,AL11) -> 0.852 | W11: =X11*U11 -> 461.69874 | X11: =INDEX('Player Data'!$O:$O,AL11)/INDEX('Player Data'!$E:$E,AL11)*M11*L11*AM11 -> 965.89695 | Y11: =Z11*V11 -> 211.42196 | Z11: =INDEX('Player Data'!$P:$P,AL11)/INDEX('Player Data'!$E:$E,AL11)*M11*L11*AM11 -> 248.14784 | AB11: =(N11-Pool!$D$2)/Pool!$E$2 -> 0.23500819 | AC11: =(O11-Pool!$D$3)/Pool!$E$3 -> -0.96317952 | AD11: =(P11-Pool!$D$4)/Pool!$E$4 -> 2.778322 | AE11: =(Q11-Pool!$D$5)/Pool!$E$5 -> 0.56330392 | AF11: =(R11-Pool!$D$6)/Pool!$E$6 -> -0.18358123 | AG11: =(S11-Pool!$D$7)/Pool!$E$7 -> 1.0780898 | AH11: =(AS11-Pool!$D$8)/Pool!$E$8 -> -0.12829715 | AI11: =(AT11-Pool!$D$9)/Pool!$E$9 -> 0.5768264 | AJ11: =-(T11-Pool!$D$10)/Pool!$E$10 -> 0.20875757 | AL11: =MATCH(B11,'Player Data'!$A:$A,0) -> 62 | AM11: =1+IF(Settings!$F$10="ON",IFERROR(VLOOKUP(TRIM(F11),Settings!$D$12:$F$17,3,FALSE),0),0) -> 1 | AN11: =IFERROR(LEFT(C11,FIND(",",C11)-1),C11) -> PG | AO11: =X11*(U11-Pool!$B$12) -> -2.5178709 | AP11: =Z11*(V11-Pool!$B$13) -> 15.360436 | AQ11: =Settings!$B$2*(N11-Pool!$B$2)/Pool!$C$2+Settings!$B$3*(O11-Pool!$B$3)/Pool!$C$3+Settings!$B$4*(P11-Pool!$B$4)/Pool!$C$4+Settings!$B$5*(Q11-Pool!$B$5)/Pool!$C$5+Settings!$B$6*(R11-Pool!$B$6)/Pool!$C$6+Settings!$B$7*(S11-Pool!$B$7)/Pool!$C$7+Settings!$B$8*(AO11-Pool!$B$8)/Pool!$C$8+Settings!$B$9*(AP11-Pool!$B$9)/Pool!$C$9+Settings!$B$10*-(T11-Pool!$B$10)/Pool!$C$10 -> 6.35796 | AR11: =IF(RANK(AQ11,$AQ$2:$AQ$266)<=Settings!$F$5,1,0) -> 1 | AS11: =X11*(U11-Pool!$D$12) -> -5.8664651 | AT11: =Z11*(V11-Pool!$D$13) -> 12.869336
A12: =RANK(H12,$H$2:$H$266) -> 11 | B12: Anthony Davis | C12: =INDEX('Player Data'!$C:$C,AL12) -> PF,C | D12: =SUMPRODUCT(($AN$2:$AN$266=AN12)*($H$2:$H$266>H12))+1 -> 2 | E12: =INDEX('Player Data'!$B:$B,AL12) -> WAS | G12: =Settings!$B$2*AB12+Settings!$B$3*AC12+Settings!$B$4*AD12+Settings!$B$5*AE12+Settings!$B$6*AF12+Settings!$B$7*AG12+Settings!$B$8*AH12+Settings!$B$9*AI12+Settings!$B$10*AJ12 -> 4.0868766 | H12: =G12-LARGE($G$2:$G$266,Settings!$F$4) -> 7.3031414 | I12: =IF(INDEX('Player Data'!$R:$R,AL12)="","",INDEX('Player Data'!$R:$R,AL12)) -> 25 | J12: =IF(I12="","",I12-A12) -> 14 | L12: =IF(Settings!$F$7="Yes",INDEX('Minutes & Health'!$O:$O,AL12),Settings!$F$8) -> 70 | M12: =INDEX('Minutes & Health'!$P:$P,AL12) -> 32.3 | N12: =INDEX('Player Data'!$F:$F,AL12)/INDEX('Player Data'!$E:$E,AL12)*M12*L12*AM12 -> 1535.0368 | O12: =INDEX('Player Data'!$G:$G,AL12)/INDEX('Player Data'!$E:$E,AL12)*M12*L12*AM12 -> 766.01639 | P12: =INDEX('Player Data'!$H:$H,AL12)/INDEX('Player Data'!$E:$E,AL12)*M12*L12*AM12 -> 209.27768 | Q12: =INDEX('Player Data'!$I:$I,AL12)/INDEX('Player Data'!$E:$E,AL12)*M12*L12*AM12 -> 76.100974 | R12: =INDEX('Player Data'!$J:$J,AL12)/INDEX('Player Data'!$E:$E,AL12)*M12*L12*AM12 -> 138.18335 | S12: =INDEX('Player Data'!$K:$K,AL12)/INDEX('Player Data'!$E:$E,AL12)*M12*L12*AM12 -> 38.050487 | T12: =INDEX('Player Data'!$L:$L,AL12)/INDEX('Player Data'!$E:$E,AL12)*M12*L12*AM12 -> 150.19929 | U12: =INDEX('Player Data'!$M:$M,AL12) -> 0.514 | V12: =INDEX('Player Data'!$N:$N,AL12) -> 0.783 | W12: =X12*U12 -> 632.03061 | X12: =INDEX('Player Data'!$O:$O,AL12)/INDEX('Player Data'!$E:$E,AL12)*M12*L12*AM12 -> 1229.6315 | Y12: =Z12*V12 -> 232.85997 | Z12: =INDEX('Player Data'!$P:$P,AL12)/INDEX('Player Data'!$E:$E,AL12)*M12*L12*AM12 -> 297.3946 | AB12: =(N12-Pool!$D$2)/Pool!$E$2 -> 0.72878264 | AC12: =(O12-Pool!$D$3)/Pool!$E$3 -> 1.9591347 | AD12: =(P12-Pool!$D$4)/Pool!$E$4 -> -0.47874161 | AE12: =(Q12-Pool!$D$5)/Pool!$E$5 -> 0.082939145 | AF12: =(R12-Pool!$D$6)/Pool!$E$6 -> 2.5424208 | AG12: =(S12-Pool!$D$7)/Pool!$E$7 -> -1.2022656 | AH12: =(AS12-Pool!$D$8)/Pool!$E$8 -> 0.80476684 | AI12: =(AT12-Pool!$D$9)/Pool!$E$9 -> -0.22845103 | AJ12: =-(T12-Pool!$D$10)/Pool!$E$10 -> -0.12170928 | AL12: =MATCH(B12,'Player Data'!$A:$A,0) -> 31 | AM12: =1+IF(Settings!$F$10="ON",IFERROR(VLOOKUP(TRIM(F12),Settings!$D$12:$F$17,3,FALSE),0),0) -> 1 | AN12: =IFERROR(LEFT(C12,FIND(",",C12)-1),C12) -> PF | AO12: =X12*(U12-Pool!$B$12) -> 41.061369 | AP12: =Z12*(V12-Pool!$B$13) -> -2.1113997 | AQ12: =Settings!$B$2*(N12-Pool!$B$2)/Pool!$C$2+Settings!$B$3*(O12-Pool!$B$3)/Pool!$C$3+Settings!$B$4*(P12-Pool!$B$4)/Pool!$C$4+Settings!$B$5*(Q12-Pool!$B$5)/Pool!$C$5+Settings!$B$6*(R12-Pool!$B$6)/Pool!$C$6+Settings!$B$7*(S12-Pool!$B$7)/Pool!$C$7+Settings!$B$8*(AO12-Pool!$B$8)/Pool!$C$8+Settings!$B$9*(AP12-Pool!$B$9)/Pool!$C$9+Settings!$B$10*-(T12-Pool!$B$10)/Pool!$C$10 -> 6.4983473 | AR12: =IF(RANK(AQ12,$AQ$2:$AQ$266)<=Settings!$F$5,1,0) -> 1 | AS12: =X12*(U12-Pool!$D$12) -> 36.798454 | AT12: =Z12*(V12-Pool!$D$13) -> -5.0968767
A13: =RANK(H13,$H$2:$H$266) -> 12 | B13: Karl-Anthony Towns | C13: =INDEX('Player Data'!$C:$C,AL13) -> PF,C | D13: =SUMPRODUCT(($AN$2:$AN$266=AN13)*($H$2:$H$266>H13))+1 -> 3 | E13: =INDEX('Player Data'!$B:$B,AL13) -> NYK | G13: =Settings!$B$2*AB13+Settings!$B$3*AC13+Settings!$B$4*AD13+Settings!$B$5*AE13+Settings!$B$6*AF13+Settings!$B$7*AG13+Settings!$B$8*AH13+Settings!$B$9*AI13+Settings!$B$10*AJ13 -> 3.8784685 | H13: =G13-LARGE($G$2:$G$266,Settings!$F$4) -> 7.0947333 | I13: =IF(INDEX('Player Data'!$R:$R,AL13)="","",INDEX('Player Data'!$R:$R,AL13)) -> 11 | J13: =IF(I13="","",I13-A13) -> -1 | L13: =IF(Settings!$F$7="Yes",INDEX('Minutes & Health'!$O:$O,AL13),Settings!$F$8) -> 74 | M13: =INDEX('Minutes & Health'!$P:$P,AL13) -> 32.8 | N13: =INDEX('Player Data'!$F:$F,AL13)/INDEX('Player Data'!$E:$E,AL13)*M13*L13*AM13 -> 1573.0739 | O13: =INDEX('Player Data'!$G:$G,AL13)/INDEX('Player Data'!$E:$E,AL13)*M13*L13*AM13 -> 870.14719 | P13: =INDEX('Player Data'!$H:$H,AL13)/INDEX('Player Data'!$E:$E,AL13)*M13*L13*AM13 -> 271.35776 | Q13: =INDEX('Player Data'!$I:$I,AL13)/INDEX('Player Data'!$E:$E,AL13)*M13*L13*AM13 -> 68.089769 | R13: =INDEX('Player Data'!$J:$J,AL13)/INDEX('Player Data'!$E:$E,AL13)*M13*L13*AM13 -> 50.066007 | S13: =INDEX('Player Data'!$K:$K,AL13)/INDEX('Player Data'!$E:$E,AL13)*M13*L13*AM13 -> 128.16898 | T13: =INDEX('Player Data'!$L:$L,AL13)/INDEX('Player Data'!$E:$E,AL13)*M13*L13*AM13 -> 188.24818 | U13: =INDEX('Player Data'!$M:$M,AL13) -> 0.51 | V13: =INDEX('Player Data'!$N:$N,AL13) -> 0.851 | W13: =X13*U13 -> 549.6887 | X13: =INDEX('Player Data'!$O:$O,AL13)/INDEX('Player Data'!$E:$E,AL13)*M13*L13*AM13 -> 1077.821 | Y13: =Z13*V13 -> 345.53605 | Z13: =INDEX('Player Data'!$P:$P,AL13)/INDEX('Player Data'!$E:$E,AL13)*M13*L13*AM13 -> 406.03531 | AB13: =(N13-Pool!$D$2)/Pool!$E$2 -> 0.82254279 | AC13: =(O13-Pool!$D$3)/Pool!$E$3 -> 2.565229 | AD13: =(P13-Pool!$D$4)/Pool!$E$4 -> -0.058873714 | AE13: =(Q13-Pool!$D$5)/Pool!$E$5 -> -0.2707409 | AF13: =(R13-Pool!$D$6)/Pool!$E$6 -> -0.0077589677 | AG13: =(S13-Pool!$D$7)/Pool!$E$7 -> 0.066991299 | AH13: =(AS13-Pool!$D$8)/Pool!$E$8 -> 0.61112419 | AI13: =(AT13-Pool!$D$9)/Pool!$E$9 -> 0.92564092 | AJ13: =-(T13-Pool!$D$10)/Pool!$E$10 -> -0.77568614 | AL13: =MATCH(B13,'Player Data'!$A:$A,0) -> 38 | AM13: =1+IF(Settings!$F$10="ON",IFERROR(VLOOKUP(TRIM(F13),Settings!$D$12:$F$17,3,FALSE),0),0) -> 1 | AN13: =IFERROR(LEFT(C13,FIND(",",C13)-1),C13) -> PF | AO13: =X13*(U13-Pool!$B$12) -> 31.680641 | AP13: =Z13*(V13-Pool!$B$13) -> 24.72769 | AQ13: =Settings!$B$2*(N13-Pool!$B$2)/Pool!$C$2+Settings!$B$3*(O13-Pool!$B$3)/Pool!$C$3+Settings!$B$4*(P13-Pool!$B$4)/Pool!$C$4+Settings!$B$5*(Q13-Pool!$B$5)/Pool!$C$5+Settings!$B$6*(R13-Pool!$B$6)/Pool!$C$6+Settings!$B$7*(S13-Pool!$B$7)/Pool!$C$7+Settings!$B$8*(AO13-Pool!$B$8)/Pool!$C$8+Settings!$B$9*(AP13-Pool!$B$9)/Pool!$C$9+Settings!$B$10*-(T13-Pool!$B$10)/Pool!$C$10 -> 6.3680096 | AR13: =IF(RANK(AQ13,$AQ$2:$AQ$266)<=Settings!$F$5,1,0) -> 1 | AS13: =X13*(U13-Pool!$D$12) -> 27.944026 | AT13: =Z13*(V13-Pool!$D$13) -> 20.651593
... A266: =RANK(H266,$H$2:$H$266) -> 265 | B266: Shaedon Sharpe | C266: =INDEX('Player Data'!$C:$C,AL266) -> PG,SF,SG | D266: =SUMPRODUCT(($AN$2:$AN$266=AN266)*($H$2:$H$266>H266))+1 -> 78 | E266: =INDEX('Player Data'!$B:$B,AL266) -> POR | G266: =Settings!$B$2*AB266+Settings!$B$3*AC266+Settings!$B$4*AD266+Settings!$B$5*AE266+Settings!$B$6*AF266+Settings!$B$7*AG266+Settings!$B$8*AH266+Settings!$B$9*AI266+Settings!$B$10*AJ266 -> -9.9573912 | H266: =G266-LARGE($G$2:$G$266,Settings!$F$4) -> -6.7411264 | I266: =IF(INDEX('Player Data'!$R:$R,AL266)="","",INDEX('Player Data'!$R:$R,AL266)) -> 149 | J266: =IF(I266="","",I266-A266) -> -116 | L266: =IF(Settings!$F$7="Yes",INDEX('Minutes & Health'!$O:$O,AL266),Settings!$F$8) -> 18 | M266: =INDEX('Minutes & Health'!$P:$P,AL266) -> 21.9 | N266: =INDEX('Player Data'!$F:$F,AL266)/INDEX('Player Data'!$E:$E,AL266)*M266*L266*AM266 -> 242.50785 | O266: =INDEX('Player Data'!$G:$G,AL266)/INDEX('Player Data'!$E:$E,AL266)*M266*L266*AM266 -> 55.886582 | P266: =INDEX('Player Data'!$H:$H,AL266)/INDEX('Player Data'!$E:$E,AL266)*M266*L266*AM266 -> 32.933165 | Q266: =INDEX('Player Data'!$I:$I,AL266)/INDEX('Player Data'!$E:$E,AL266)*M266*L266*AM266 -> 14.96962 | R266: =INDEX('Player Data'!$J:$J,AL266)/INDEX('Player Data'!$E:$E,AL266)*M266*L266*AM266 -> 0.99797468 | S266: =INDEX('Player Data'!$K:$K,AL266)/INDEX('Player Data'!$E:$E,AL266)*M266*L266*AM266 -> 24.949367 | T266: =INDEX('Player Data'!$L:$L,AL266)/INDEX('Player Data'!$E:$E,AL266)*M266*L266*AM266 -> 31.93519 | U266: =INDEX('Player Data'!$M:$M,AL266) -> 0.46 | V266: =INDEX('Player Data'!$N:$N,AL266) -> 0.785 | W266: =X266*U266 -> 90.757814 | X266: =INDEX('Player Data'!$O:$O,AL266)/INDEX('Player Data'!$E:$E,AL266)*M266*L266*AM266 -> 197.29959 | Y266: =Z266*V266 -> 36.036866 | Z266: =INDEX('Player Data'!$P:$P,AL266)/INDEX('Player Data'!$E:$E,AL266)*M266*L266*AM266 -> 45.906835 | AB266: =(N266-Pool!$D$2)/Pool!$E$2 -> -2.4572509 | AC266: =(O266-Pool!$D$3)/Pool!$E$3 -> -2.1741827 | AD266: =(P266-Pool!$D$4)/Pool!$E$4 -> -1.6714173 | AE266: =(Q266-Pool!$D$5)/Pool!$E$5 -> -2.6158982 | AF266: =(R266-Pool!$D$6)/Pool!$E$6 -> -1.4278234 | AG266: =(S266-Pool!$D$7)/Pool!$E$7 -> -1.3867859 | AH266: =(AS266-Pool!$D$8)/Pool!$E$8 -> -0.10387418 | AI266: =(AT266-Pool!$D$9)/Pool!$E$9 -> -0.031149222 | AJ266: =-(T266-Pool!$D$10)/Pool!$E$10 -> 1.9109907 | AL266: =MATCH(B266,'Player Data'!$A:$A,0) -> 115 | AM266: =1+IF(Settings!$F$10="ON",IFERROR(VLOOKUP(TRIM(F266),Settings!$D$12:$F$17,3,FALSE),0),0) -> 1 | AN266: =IFERROR(LEFT(C266,FIND(",",C266)-1),C266) -> PG | AO266: =X266*(U266-Pool!$B$12) -> -4.0657073 | AP266: =Z266*(V266-Pool!$B$13) -> -0.23410913 | AQ266: =Settings!$B$2*(N266-Pool!$B$2)/Pool!$C$2+Settings!$B$3*(O266-Pool!$B$3)/Pool!$C$3+Settings!$B$4*(P266-Pool!$B$4)/Pool!$C$4+Settings!$B$5*(Q266-Pool!$B$5)/Pool!$C$5+Settings!$B$6*(R266-Pool!$B$6)/Pool!$C$6+Settings!$B$7*(S266-Pool!$B$7)/Pool!$C$7+Settings!$B$8*(AO266-Pool!$B$8)/Pool!$C$8+Settings!$B$9*(AP266-Pool!$B$9)/Pool!$C$9+Settings!$B$10*-(T266-Pool!$B$10)/Pool!$C$10 -> -7.729113 | AR266: =IF(RANK(AQ266,$AQ$2:$AQ$266)<=Settings!$F$5,1,0) -> 0 | AS266: =X266*(U266-Pool!$D$12) -> -4.7497102 | AT266: =Z266*(V266-Pool!$D$13) -> -0.69495745

Sheet Minutes & Health
A1: Player | B1: Team | C1: Pos | D1: Proj GP | E1: Proj MPG | F1: 25-26 GP | G1: 25-26 MPG | H1: MPG Δ | I1: Status | J1: Return | K1: Games Out | L1: Max GP | M1: Your GP | N1: Your MPG | O1: GP Used | P1: MPG Used | Q1: Note
A2: Shai Gilgeous-Alexander | B2: OKC | C2: PG | D2: 77 | E2: 34.3 | F2: 68 | G2: 33.2 | H2: =IF(G2="","",E2-G2) -> 1.1 | I2: Day-To-Day | J2: 46308 | K2: =IF(J2="",0,COUNTIFS(Schedule!$B:$B,B2,Schedule!$A:$A,"<"&J2)) -> 0 | L2: =82-K2 -> 82 | O2: =IF(M2<>"",M2,MIN(D2,L2)) -> 77 | P2: =IF(N2<>"",N2,E2) -> 34.3 | Q2: 2026-10-10: Gilgeous-Alexander (rest) won't play in Monday's preseason game against Atlanta, Clemente Almanza of USA Today reports.
A3: Giannis Antetokounmpo | B3: MIA | C3: PF,C | D3: 73 | E3: 33 | F3: 36 | G3: 28.9 | H3: =IF(G3="","",E3-G3) -> 4.1 | I3: Day-To-Day | J3: 46309 | K3: =IF(J3="",0,COUNTIFS(Schedule!$B:$B,B3,Schedule!$A:$A,"<"&J3)) -> 0 | L3: =82-K3 -> 82 | O3: =IF(M3<>"",M3,MIN(D3,L3)) -> 73 | P3: =IF(N3<>"",N3,E3) -> 33 | Q3: 2026-10-10: Antetokounmpo (rest) won't be available for Saturday's preseason game against the Timberwolves, Eric Nehm of The Athletic reports.
A4: Luka Doncic | B4: LAL | C4: PG,SG | D4: 74 | E4: 36.1 | F4: 64 | G4: 35.8 | H4: =IF(G4="","",E4-G4) -> 0.3 | K4: =IF(J4="",0,COUNTIFS(Schedule!$B:$B,B4,Schedule!$A:$A,"<"&J4)) -> 0 | L4: =82-K4 -> 82 | O4: =IF(M4<>"",M4,MIN(D4,L4)) -> 74 | P4: =IF(N4<>"",N4,E4) -> 36.1
A5: Anthony Edwards | B5: MIN | C5: PG,SF,SG | D5: 75 | E5: 35.9 | F5: 61 | G5: 35 | H5: =IF(G5="","",E5-G5) -> 0.9 | I5: Day-To-Day | J5: 46307 | K5: =IF(J5="",0,COUNTIFS(Schedule!$B:$B,B5,Schedule!$A:$A,"<"&J5)) -> 0 | L5: =82-K5 -> 82 | O5: =IF(M5<>"",M5,MIN(D5,L5)) -> 75 | P5: =IF(N5<>"",N5,E5) -> 35.9 | Q5: 2026-10-10: Edwards (rest) is not available for Saturday's preseason game against Miami.
A6: Jayson Tatum | B6: BOS | C6: SF,PF | D6: 74 | E6: 36.1 | F6: 16 | G6: 32.6 | H6: =IF(G6="","",E6-G6) -> 3.5 | K6: =IF(J6="",0,COUNTIFS(Schedule!$B:$B,B6,Schedule!$A:$A,"<"&J6)) -> 0 | L6: =82-K6 -> 82 | O6: =IF(M6<>"",M6,MIN(D6,L6)) -> 74 | P6: =IF(N6<>"",N6,E6) -> 36.1
A7: Nikola Jokic | B7: DEN | C7: C | D7: 75 | E7: 36.2 | F7: 65 | G7: 34.8 | H7: =IF(G7="","",E7-G7) -> 1.4 | K7: =IF(J7="",0,COUNTIFS(Schedule!$B:$B,B7,Schedule!$A:$A,"<"&J7)) -> 0 | L7: =82-K7 -> 82 | O7: =IF(M7<>"",M7,MIN(D7,L7)) -> 75 | P7: =IF(N7<>"",N7,E7) -> 36.2
A8: Donovan Mitchell | B8: CLE | C8: PG,SG | D8: 75 | E8: 33.2 | F8: 70 | G8: 33.5 | H8: =IF(G8="","",E8-G8) -> -0.3 | K8: =IF(J8="",0,COUNTIFS(Schedule!$B:$B,B8,Schedule!$A:$A,"<"&J8)) -> 0 | L8: =82-K8 -> 82 | O8: =IF(M8<>"",M8,MIN(D8,L8)) -> 75 | P8: =IF(N8<>"",N8,E8) -> 33.2
A9: Jalen Brunson | B9: NYK | C9: PG | D9: 75 | E9: 35.6 | F9: 74 | G9: 35 | H9: =IF(G9="","",E9-G9) -> 0.6 | K9: =IF(J9="",0,COUNTIFS(Schedule!$B:$B,B9,Schedule!$A:$A,"<"&J9)) -> 0 | L9: =82-K9 -> 82 | O9: =IF(M9<>"",M9,MIN(D9,L9)) -> 75 | P9: =IF(N9<>"",N9,E9) -> 35.6
A10: Joel Embiid | B10: PHI | C10: C | D10: 59 | E10: 31 | F10: 38 | G10: 31.6 | H10: =IF(G10="","",E10-G10) -> -0.6 | I10: Day-To-Day | J10: 46311 | K10: =IF(J10="",0,COUNTIFS(Schedule!$B:$B,B10,Schedule!$A:$A,"<"&J10)) -> 0 | L10: =82-K10 -> 82 | O10: =IF(M10<>"",M10,MIN(D10,L10)) -> 59 | P10: =IF(N10<>"",N10,E10) -> 31 | Q10: 2026-10-10: Embiid (rest) is out for Saturday's exhibition against the Celtics, Tony Jones of The Athletic reports.
A11: Stephen Curry | B11: GSW | C11: PG | D11: 73 | E11: 31.7 | F11: 43 | G11: 30.9 | H11: =IF(G11="","",E11-G11) -> 0.8 | K11: =IF(J11="",0,COUNTIFS(Schedule!$B:$B,B11,Schedule!$A:$A,"<"&J11)) -> 0 | L11: =82-K11 -> 82 | O11: =IF(M11<>"",M11,MIN(D11,L11)) -> 73 | P11: =IF(N11<>"",N11,E11) -> 31.7
A12: Devin Booker | B12: PHO | C12: PG,SG | D12: 75 | E12: 35.9 | F12: 64 | G12: 33.5 | H12: =IF(G12="","",E12-G12) -> 2.4 | I12: Day-To-Day | J12: 46309 | K12: =IF(J12="",0,COUNTIFS(Schedule!$B:$B,B12,Schedule!$A:$A,"<"&J12)) -> 0 | L12: =82-K12 -> 82 | O12: =IF(M12<>"",M12,MIN(D12,L12)) -> 75 | P12: =IF(N12<>"",N12,E12) -> 35.9 | Q12: 2026-10-11: Booker is not playing in Saturday's preseason game against the Spurs due to rest, Hayden Cilley of ClutchPoints.com reports.
A13: Tyrese Maxey | B13: PHI | C13: PG,SG | D13: 75 | E13: 35.9 | F13: 70 | G13: 38 | H13: =IF(G13="","",E13-G13) -> -2.1 | K13: =IF(J13="",0,COUNTIFS(Schedule!$B:$B,B13,Schedule!$A:$A,"<"&J13)) -> 0 | L13: =82-K13 -> 82 | O13: =IF(M13<>"",M13,MIN(D13,L13)) -> 75 | P13: =IF(N13<>"",N13,E13) -> 35.9
A14: Kevin Durant | B14: HOU | C14: PF,SF,SG | D14: 75 | E14: 35.8 | F14: 78 | G14: 36.4 | H14: =IF(G14="","",E14-G14) -> -0.6 | I14: Day-To-Day | J14: 46310 | K14: =IF(J14="",0,COUNTIFS(Schedule!$B:$B,B14,Schedule!$A:$A,"<"&J14)) -> 0 | L14: =82-K14 -> 82 | O14: =IF(M14<>"",M14,MIN(D14,L14)) -> 75 | P14: =IF(N14<>"",N14,E14) -> 35.8 | Q14: 2026-10-09: Durant will not play in Sunday's preseason rematch against Dallas, Varun Shankar of the Houston Chronicle reports. The forward finished Friday's preseason contest with 15 points (7-12 FG, 1-1 3Pt, 0-1 FT), two assists and one block in 23 minutes.
A15: Victor Wembanyama | B15: SAS | C15: C | D15: 73 | E15: 31.9 | F15: 64 | G15: 29.2 | H15: =IF(G15="","",E15-G15) -> 2.7 | K15: =IF(J15="",0,COUNTIFS(Schedule!$B:$B,B15,Schedule!$A:$A,"<"&J15)) -> 0 | L15: =82-K15 -> 82 | O15: =IF(M15<>"",M15,MIN(D15,L15)) -> 73 | P15: =IF(N15<>"",N15,E15) -> 31.9
A16: Jaylen Brown | B16: PHI | C16: PF,SF,SG | D16: 75 | E16: 33.5 | F16: 71 | G16: 34.4 | H16: =IF(G16="","",E16-G16) -> -0.9 | I16: Day-To-Day | J16: 46311 | K16: =IF(J16="",0,COUNTIFS(Schedule!$B:$B,B16,Schedule!$A:$A,"<"&J16)) -> 0 | L16: =82-K16 -> 82 | O16: =IF(M16<>"",M16,MIN(D16,L16)) -> 75 | P16: =IF(N16<>"",N16,E16) -> 33.5 | Q16: 2026-10-10: Brown (rest) won't suit up for Saturday's preseason game in Boston, Tony Jones of The Athletic reports.
A17: Kawhi Leonard | B17: TOR | C17: PF,SF,SG | D17: 69 | E17: 32.3 | F17: 65 | G17: 32.1 | H17: =IF(G17="","",E17-G17) -> 0.2 | I17: Day-To-Day | J17: 46308 | K17: =IF(J17="",0,COUNTIFS(Schedule!$B:$B,B17,Schedule!$A:$A,"<"&J17)) -> 0 | L17: =82-K17 -> 82 | O17: =IF(M17<>"",M17,MIN(D17,L17)) -> 69 | P17: =IF(N17<>"",N17,E17) -> 32.3 | Q17: 2026-10-09: Leonard (not injury related) won't suit up for Saturday's exhibition against the Clippers, Tomer Azarly of ClutchPoints.com reports.
A18: Cade Cunningham | B18: DET | C18: PG,SG | D18: 74 | E18: 35.1 | F18: 64 | G18: 33.9 | H18: =IF(G18="","",E18-G18) -> 1.2 | I18: Day-To-Day | J18: 46309 | K18: =IF(J18="",0,COUNTIFS(Schedule!$B:$B,B18,Schedule!$A:$A,"<"&J18)) -> 0 | L18: =82-K18 -> 82 | O18: =IF(M18<>"",M18,MIN(D18,L18)) -> 74 | P18: =IF(N18<>"",N18,E18) -> 35.1 | Q18: 2026-10-11: Cunningham (rest) didn't play in Saturday's 114-108 preseason loss to the Wizards.
A19: Kyrie Irving | B19: DAL | C19: PG | D19: 69 | E19: 35 | H19: =IF(G19="","",E19-G19) | K19: =IF(J19="",0,COUNTIFS(Schedule!$B:$B,B19,Schedule!$A:$A,"<"&J19)) -> 0 | L19: =82-K19 -> 82 | O19: =IF(M19<>"",M19,MIN(D19,L19)) -> 69 | P19: =IF(N19<>"",N19,E19) -> 35
A20: Paolo Banchero | B20: ORL | C20: PF,SF | D20: 74 | E20: 34.8 | F20: 72 | G20: 34.8 | H20: =IF(G20="","",E20-G20) -> 0 | K20: =IF(J20="",0,COUNTIFS(Schedule!$B:$B,B20,Schedule!$A:$A,"<"&J20)) -> 0 | L20: =82-K20 -> 82 | O20: =IF(M20<>"",M20,MIN(D20,L20)) -> 74 | P20: =IF(N20<>"",N20,E20) -> 34.8
A21: Cooper Flagg | B21: DAL | C21: PF,SF,SG | D21: 75 | E21: 34.7 | F21: 70 | G21: 33.5 | H21: =IF(G21="","",E21-G21) -> 1.2 | K21: =IF(J21="",0,COUNTIFS(Schedule!$B:$B,B21,Schedule!$A:$A,"<"&J21)) -> 0 | L21: =82-K21 -> 82 | O21: =IF(M21<>"",M21,MIN(D21,L21)) -> 75 | P21: =IF(N21<>"",N21,E21) -> 34.7
A22: Austin Reaves | B22: LAL | C22: PG,SF,SG | D22: 73 | E22: 35.8 | F22: 51 | G22: 34.5 | H22: =IF(G22="","",E22-G22) -> 1.3 | K22: =IF(J22="",0,COUNTIFS(Schedule!$B:$B,B22,Schedule!$A:$A,"<"&J22)) -> 0 | L22: =82-K22 -> 82 | O22: =IF(M22<>"",M22,MIN(D22,L22)) -> 73 | P22: =IF(N22<>"",N22,E22) -> 35.8
A23: LaMelo Ball | B23: MIN | C23: PG | D23: 73 | E23: 31.3 | F23: 72 | G23: 28 | H23: =IF(G23="","",E23-G23) -> 3.3 | I23: Day-To-Day | J23: 46307 | K23: =IF(J23="",0,COUNTIFS(Schedule!$B:$B,B23,Schedule!$A:$A,"<"&J23)) -> 0 | L23: =82-K23 -> 82 | O23: =IF(M23<>"",M23,MIN(D23,L23)) -> 73 | P23: =IF(N23<>"",N23,E23) -> 31.3 | Q23: 2026-10-10: Ball (rest) has been ruled out for Saturday's preseason game against the Heat.
A24: Jamal Murray | B24: DEN | C24: PG | D24: 74 | E24: 35.7 | F24: 75 | G24: 35.4 | H24: =IF(G24="","",E24-G24) -> 0.3 | K24: =IF(J24="",0,COUNTIFS(Schedule!$B:$B,B24,Schedule!$A:$A,"<"&J24)) -> 0 | L24: =82-K24 -> 82 | O24: =IF(M24<>"",M24,MIN(D24,L24)) -> 74 | P24: =IF(N24<>"",N24,E24) -> 35.7
A25: Deni Avdija | B25: POR | C25: PF,SF,SG | D25: 75 | E25: 33.7 | F25: 66 | G25: 33.3 | H25: =IF(G25="","",E25-G25) -> 0.4 | K25: =IF(J25="",0,COUNTIFS(Schedule!$B:$B,B25,Schedule!$A:$A,"<"&J25)) -> 0 | L25: =82-K25 -> 82 | O25: =IF(M25<>"",M25,MIN(D25,L25)) -> 75 | P25: =IF(N25<>"",N25,E25) -> 33.7
A26: Damian Lillard | B26: POR | C26: PG | D26: 72 | E26: 33.5 | H26: =IF(G26="","",E26-G26) | K26: =IF(J26="",0,COUNTIFS(Schedule!$B:$B,B26,Schedule!$A:$A,"<"&J26)) -> 0 | L26: =82-K26 -> 82 | O26: =IF(M26<>"",M26,MIN(D26,L26)) -> 72 | P26: =IF(N26<>"",N26,E26) -> 33.5
A27: Franz Wagner | B27: ORL | C27: PF,SF | D27: 72 | E27: 33.4 | F27: 34 | G27: 30 | H27: =IF(G27="","",E27-G27) -> 3.4 | K27: =IF(J27="",0,COUNTIFS(Schedule!$B:$B,B27,Schedule!$A:$A,"<"&J27)) -> 0 | L27: =82-K27 -> 82 | O27: =IF(M27<>"",M27,MIN(D27,L27)) -> 72 | P27: =IF(N27<>"",N27,E27) -> 33.4
A28: Lauri Markkanen | B28: UTH | C28: SF,PF | D28: 74 | E28: 33.2 | F28: 42 | G28: 34.4 | H28: =IF(G28="","",E28-G28) -> -1.2 | I28: Day-To-Day | J28: 46307 | K28: =IF(J28="",0,COUNTIFS(Schedule!$B:$B,B28,Schedule!$A:$A,"<"&J28)) -> 0 | L28: =82-K28 -> 82 | O28: =IF(M28<>"",M28,MIN(D28,L28)) -> 74 | P28: =IF(N28<>"",N28,E28) -> 33.2 | Q28: 2026-10-07: Markkanen won't play in Tuesday's preseason game against the Nuggets due to neck soreness.
A29: Zion Williamson | B29: NOR | C29: C,PF | D29: 69 | E29: 30 | F29: 62 | G29: 29.7 | H29: =IF(G29="","",E29-G29) -> 0.3 | K29: =IF(J29="",0,COUNTIFS(Schedule!$B:$B,B29,Schedule!$A:$A,"<"&J29)) -> 0 | L29: =82-K29 -> 82 | O29: =IF(M29<>"",M29,MIN(D29,L29)) -> 69 | P29: =IF(N29<>"",N29,E29) -> 30
A30: Pascal Siakam | B30: IND | C30: C,PF,SF | D30: 76 | E30: 33.8 | F30: 62 | G30: 33.2 | H30: =IF(G30="","",E30-G30) -> 0.6 | K30: =IF(J30="",0,COUNTIFS(Schedule!$B:$B,B30,Schedule!$A:$A,"<"&J30)) -> 0 | L30: =82-K30 -> 82 | O30: =IF(M30<>"",M30,MIN(D30,L30)) -> 76 | P30: =IF(N30<>"",N30,E30) -> 33.8
A31: Anthony Davis | B31: WAS | C31: PF,C | D31: 70 | E31: 32.3 | F31: 20 | G31: 31.3 | H31: =IF(G31="","",E31-G31) -> 1 | K31: =IF(J31="",0,COUNTIFS(Schedule!$B:$B,B31,Schedule!$A:$A,"<"&J31)) -> 0 | L31: =82-K31 -> 82 | O31: =IF(M31<>"",M31,MIN(D31,L31)) -> 70 | P31: =IF(N31<>"",N31,E31) -> 32.3
A32: Tyler Herro | B32: MIL | C32: PG,SG | D32: 73 | E32: 34.2 | F32: 33 | G32: 31.3 | H32: =IF(G32="","",E32-G32) -> 2.9 | K32: =IF(J32="",0,COUNTIFS(Schedule!$B:$B,B32,Schedule!$A:$A,"<"&J32)) -> 0 | L32: =82-K32 -> 82 | O32: =IF(M32<>"",M32,MIN(D32,L32)) -> 73 | P32: =IF(N32<>"",N32,E32) -> 34.2
A33: Norman Powell | B33: CHI | C33: SG,SF | D33: 74 | E33: 32.5 | F33: 58 | G33: 29.6 | H33: =IF(G33="","",E33-G33) -> 2.9 | K33: =IF(J33="",0,COUNTIFS(Schedule!$B:$B,B33,Schedule!$A:$A,"<"&J33)) -> 0 | L33: =82-K33 -> 82 | O33: =IF(M33<>"",M33,MIN(D33,L33)) -> 74 | P33: =IF(N33<>"",N33,E33) -> 32.5
A34: LeBron James | B34: PHI | C34: SF,PF | D34: 68 | E34: 32.8 | F34: 60 | G34: 33.1 | H34: =IF(G34="","",E34-G34) -> -0.3 | I34: Day-To-Day | J34: 46311 | K34: =IF(J34="",0,COUNTIFS(Schedule!$B:$B,B34,Schedule!$A:$A,"<"&J34)) -> 0 | L34: =82-K34 -> 82 | O34: =IF(M34<>"",M34,MIN(D34,L34)) -> 68 | P34: =IF(N34<>"",N34,E34) -> 32.8 | Q34: 2026-10-10: James (rest) won't be available for Saturday's preseason contest against the Celtics, Tony Jones of The Athletic reports.
A35: Brandon Ingram | B35: LAC | C35: SG,SF,PF | D35: 64 | E35: 34.2 | F35: 77 | G35: 33.8 | H35: =IF(G35="","",E35-G35) -> 0.4 | I35: Out | J35: 46327 | K35: =IF(J35="",0,COUNTIFS(Schedule!$B:$B,B35,Schedule!$A:$A,"<"&J35)) -> 5 | L35: =82-K35 -> 77 | O35: =IF(M35<>"",M35,MIN(D35,L35)) -> 64 | P35: =IF(N35<>"",N35,E35) -> 34.2 | Q35: 2026-09-28: Ingram won't be ready for the start of the season due to a partially torn Achilles, per Joey Linn of SI.com.
A36: Jalen Johnson | B36: ATL | C36: PF,SF | D36: 75 | E36: 36.3 | F36: 72 | G36: 35.2 | H36: =IF(G36="","",E36-G36) -> 1.1 | K36: =IF(J36="",0,COUNTIFS(Schedule!$B:$B,B36,Schedule!$A:$A,"<"&J36)) -> 0 | L36: =82-K36 -> 82 | O36: =IF(M36<>"",M36,MIN(D36,L36)) -> 75 | P36: =IF(N36<>"",N36,E36) -> 36.3
A37: Trae Young | B37: WAS | C37: PG | D37: 75 | E37: 34.4 | F37: 15 | G37: 25.6 | H37: =IF(G37="","",E37-G37) -> 8.8 | K37: =IF(J37="",0,COUNTIFS(Schedule!$B:$B,B37,Schedule!$A:$A,"<"&J37)) -> 0 | L37: =82-K37 -> 82 | O37: =IF(M37<>"",M37,MIN(D37,L37)) -> 75 | P37: =IF(N37<>"",N37,E37) -> 34.4
A38: Karl-Anthony Towns | B38: NYK | C38: PF,C | D38: 74 | E38: 32.8 | F38: 75 | G38: 31 | H38: =IF(G38="","",E38-G38) -> 1.8 | K38: =IF(J38="",0,COUNTIFS(Schedule!$B:$B,B38,Schedule!$A:$A,"<"&J38)) -> 0 | L38: =82-K38 -> 82 | O38: =IF(M38<>"",M38,MIN(D38,L38)) -> 74 | P38: =IF(N38<>"",N38,E38) -> 32.8
A39: Brandon Miller | B39: CHA | C39: PF,SF,SG | D39: 73 | E39: 32.8 | F39: 65 | G39: 30.3 | H39: =IF(G39="","",E39-G39) -> 2.5 | K39: =IF(J39="",0,COUNTIFS(Schedule!$B:$B,B39,Schedule!$A:$A,"<"&J39)) -> 0 | L39: =82-K39 -> 82 | O39: =IF(M39<>"",M39,MIN(D39,L39)) -> 73 | P39: =IF(N39<>"",N39,E39) -> 32.8
A40: Michael Porter Jr. | B40: BKN | C40: SF,PF | D40: 74 | E40: 32.9 | F40: 52 | G40: 32.5 | H40: =IF(G40="","",E40-G40) -> 0.4 | I40: Day-To-Day | J40: 46307 | K40: =IF(J40="",0,COUNTIFS(Schedule!$B:$B,B40,Schedule!$A:$A,"<"&J40)) -> 0 | L40: =82-K40 -> 82 | O40: =IF(M40<>"",M40,MIN(D40,L40)) -> 74 | P40: =IF(N40<>"",N40,E40) -> 32.9 | Q40: 2026-10-08: Porter will not play in Thursday's preseason game against Philadelphia due to left wrist soreness, Brian Lewis of the New York Post reports.
A41: Ja Morant | B41: POR | C41: PG | D41: 72 | E41: 29.4 | F41: 20 | G41: 28.4 | H41: =IF(G41="","",E41-G41) -> 1 | K41: =IF(J41="",0,COUNTIFS(Schedule!$B:$B,B41,Schedule!$A:$A,"<"&J41)) -> 0 | L41: =82-K41 -> 82 | O41: =IF(M41<>"",M41,MIN(D41,L41)) -> 72 | P41: =IF(N41<>"",N41,E41) -> 29.4
A42: James Harden | B42: CLE | C42: PG,SG | D42: 76 | E42: 33.5 | F42: 70 | G42: 34.8 | H42: =IF(G42="","",E42-G42) -> -1.3 | K42: =IF(J42="",0,COUNTIFS(Schedule!$B:$B,B42,Schedule!$A:$A,"<"&J42)) -> 0 | L42: =82-K42 -> 82 | O42: =IF(M42<>"",M42,MIN(D42,L42)) -> 76 | P42: =IF(N42<>"",N42,E42) -> 33.5
A43: Jalen Williams | B43: OKC | C43: PF,SF,SG | D43: 74 | E43: 32.2 | F43: 33 | G43: 28.4 | H43: =IF(G43="","",E43-G43) -> 3.8 | I43: Day-To-Day | J43: 46308 | K43: =IF(J43="",0,COUNTIFS(Schedule!$B:$B,B43,Schedule!$A:$A,"<"&J43)) -> 0 | L43: =82-K43 -> 82 | O43: =IF(M43<>"",M43,MIN(D43,L43)) -> 74 | P43: =IF(N43<>"",N43,E43) -> 32.2 | Q43: 2026-10-10: Williams (rest) won't play in Monday's preseason game against the Hawks, Clemente Almanza of USA Today reports.
A44: Jalen Green | B44: PHO | C44: SF,SG | D44: 74 | E44: 32 | F44: 32 | G44: 25.9 | H44: =IF(G44="","",E44-G44) -> 6.1 | K44: =IF(J44="",0,COUNTIFS(Schedule!$B:$B,B44,Schedule!$A:$A,"<"&J44)) -> 0 | L44: =82-K44 -> 82 | O44: =IF(M44<>"",M44,MIN(D44,L44)) -> 74 | P44: =IF(N44<>"",N44,E44) -> 32
A45: Jaren Jackson Jr. | B45: UTH | C45: PF,C | D45: 70 | E45: 31 | F45: 48 | G45: 30.3 | H45: =IF(G45="","",E45-G45) -> 0.7 | K45: =IF(J45="",0,COUNTIFS(Schedule!$B:$B,B45,Schedule!$A:$A,"<"&J45)) -> 0 | L45: =82-K45 -> 82 | O45: =IF(M45<>"",M45,MIN(D45,L45)) -> 70 | P45: =IF(N45<>"",N45,E45) -> 31
A46: Coby White | B46: CHA | C46: PG,SG | D46: 75 | E46: 34.1 | F46: 50 | G46: 25 | H46: =IF(G46="","",E46-G46) -> 9.1 | I46: Day-To-Day | J46: 46316 | K46: =IF(J46="",0,COUNTIFS(Schedule!$B:$B,B46,Schedule!$A:$A,"<"&J46)) -> 0 | L46: =82-K46 -> 82 | O46: =IF(M46<>"",M46,MIN(D46,L46)) -> 75 | P46: =IF(N46<>"",N46,E46) -> 34.1 | Q46: 2026-10-05: The Hornets announced Monday that White suffered a left calf strain during training camp and will not play during the preseason.
A47: Keyonte George | B47: UTH | C47: PG,SG | D47: 73 | E47: 32.9 | F47: 54 | G47: 33.1 | H47: =IF(G47="","",E47-G47) -> -0.2 | K47: =IF(J47="",0,COUNTIFS(Schedule!$B:$B,B47,Schedule!$A:$A,"<"&J47)) -> 0 | L47: =82-K47 -> 82 | O47: =IF(M47<>"",M47,MIN(D47,L47)) -> 73 | P47: =IF(N47<>"",N47,E47) -> 32.9
A48: Trey Murphy III | B48: NOR | C48: PF,SF,SG | D48: 73 | E48: 34.2 | F48: 66 | G48: 35.5 | H48: =IF(G48="","",E48-G48) -> -1.3 | K48: =IF(J48="",0,COUNTIFS(Schedule!$B:$B,B48,Schedule!$A:$A,"<"&J48)) -> 0 | L48: =82-K48 -> 82 | O48: =IF(M48<>"",M48,MIN(D48,L48)) -> 73 | P48: =IF(N48<>"",N48,E48) -> 34.2
A49: Darius Garland | B49: LAC | C49: PG | D49: 74 | E49: 32.7 | F49: 45 | G49: 29.9 | H49: =IF(G49="","",E49-G49) -> 2.8 | K49: =IF(J49="",0,COUNTIFS(Schedule!$B:$B,B49,Schedule!$A:$A,"<"&J49)) -> 0 | L49: =82-K49 -> 82 | O49: =IF(M49<>"",M49,MIN(D49,L49)) -> 74 | P49: =IF(N49<>"",N49,E49) -> 32.7
A50: AJ Dybantsa | B50: WAS | C50: SF | D50: 75 | E50: 32.5 | H50: =IF(G50="","",E50-G50) | K50: =IF(J50="",0,COUNTIFS(Schedule!$B:$B,B50,Schedule!$A:$A,"<"&J50)) -> 0 | L50: =82-K50 -> 82 | O50: =IF(M50<>"",M50,MIN(D50,L50)) -> 75 | P50: =IF(N50<>"",N50,E50) -> 32.5
A51: Zach LaVine | B51: SAC | C51: PG,SF,SG | D51: 70 | E51: 33.1 | F51: 39 | G51: 31.4 | H51: =IF(G51="","",E51-G51) -> 1.7 | K51: =IF(J51="",0,COUNTIFS(Schedule!$B:$B,B51,Schedule!$A:$A,"<"&J51)) -> 0 | L51: =82-K51 -> 82 | O51: =IF(M51<>"",M51,MIN(D51,L51)) -> 70 | P51: =IF(N51<>"",N51,E51) -> 33.1
A52: RJ Barrett | B52: TOR | C52: PF,SF,SG | D52: 72 | E52: 31.3 | F52: 57 | G52: 30.3 | H52: =IF(G52="","",E52-G52) -> 1 | K52: =IF(J52="",0,COUNTIFS(Schedule!$B:$B,B52,Schedule!$A:$A,"<"&J52)) -> 0 | L52: =82-K52 -> 82 | O52: =IF(M52<>"",M52,MIN(D52,L52)) -> 72 | P52: =IF(N52<>"",N52,E52) -> 31.3
A53: Bam Adebayo | B53: MIA | C53: C,PF | D53: 76 | E53: 32.9 | F53: 73 | G53: 32.4 | H53: =IF(G53="","",E53-G53) -> 0.5 | I53: Day-To-Day | J53: 46309 | K53: =IF(J53="",0,COUNTIFS(Schedule!$B:$B,B53,Schedule!$A:$A,"<"&J53)) -> 0 | L53: =82-K53 -> 82 | O53: =IF(M53<>"",M53,MIN(D53,L53)) -> 76 | P53: =IF(N53<>"",N53,E53) -> 32.9 | Q53: 2026-10-10: Adebayo won't be available for Saturday's preseason game against the Timberwolves due to rest, Eric Nehm of The Athletic reports.
A54: Julius Randle | B54: BKN | C54: PF | D54: 75 | E54: 33.6 | F54: 79 | G54: 33 | H54: =IF(G54="","",E54-G54) -> 0.6 | K54: =IF(J54="",0,COUNTIFS(Schedule!$B:$B,B54,Schedule!$A:$A,"<"&J54)) -> 0 | L54: =82-K54 -> 82 | O54: =IF(M54<>"",M54,MIN(D54,L54)) -> 75 | P54: =IF(N54<>"",N54,E54) -> 33.6
A55: Alperen Sengun | B55: HOU | C55: C,PF | D55: 75 | E55: 32.8 | F55: 72 | G55: 33.3 | H55: =IF(G55="","",E55-G55) -> -0.5 | I55: Day-To-Day | J55: 46310 | K55: =IF(J55="",0,COUNTIFS(Schedule!$B:$B,B55,Schedule!$A:$A,"<"&J55)) -> 0 | L55: =82-K55 -> 82 | O55: =IF(M55<>"",M55,MIN(D55,L55)) -> 75 | P55: =IF(N55<>"",N55,E55) -> 32.8 | Q55: 2026-10-11: Sengun (rest) isn't expected to play in Sunday's preseason game against the Mavericks, Will Guillory of The Athletic reports.
A56: Desmond Bane | B56: ORL | C56: SG,SF | D56: 75 | E56: 33.3 | F56: 82 | G56: 33.6 | H56: =IF(G56="","",E56-G56) -> -0.3 | I56: Day-To-Day | J56: 46308 | K56: =IF(J56="",0,COUNTIFS(Schedule!$B:$B,B56,Schedule!$A:$A,"<"&J56)) -> 0 | L56: =82-K56 -> 82 | O56: =IF(M56<>"",M56,MIN(D56,L56)) -> 75 | P56: =IF(N56<>"",N56,E56) -> 33.3 | Q56: 2026-10-11: Bane (rest) has been ruled out for Sunday's preseason game versus Cleveland, Jason Beede of the Orlando Sentinel reports.
A57: De'Aaron Fox | B57: SAS | C57: PG,SG | D57: 75 | E57: 31.3 | F57: 72 | G57: 31 | H57: =IF(G57="","",E57-G57) -> 0.3 | I57: Day-To-Day | J57: 46307 | K57: =IF(J57="",0,COUNTIFS(Schedule!$B:$B,B57,Schedule!$A:$A,"<"&J57)) -> 0 | L57: =82-K57 -> 82 | O57: =IF(M57<>"",M57,MIN(D57,L57)) -> 75 | P57: =IF(N57<>"",N57,E57) -> 31.3 | Q57: 2026-10-11: Fox (undisclosed) has been ruled out for Saturday's preseason game against the Suns, Matt Guzman of SI.com reports.
A58: Paul George | B58: BOS | C58: PF,SF | D58: 63 | E58: 31.8 | F58: 37 | G58: 30.7 | H58: =IF(G58="","",E58-G58) -> 1.1 | K58: =IF(J58="",0,COUNTIFS(Schedule!$B:$B,B58,Schedule!$A:$A,"<"&J58)) -> 0 | L58: =82-K58 -> 82 | O58: =IF(M58<>"",M58,MIN(D58,L58)) -> 63 | P58: =IF(N58<>"",N58,E58) -> 31.8
A59: CJ McCollum | B59: ATL | C59: PG,SG | D59: 76 | E59: 30.7 | F59: 76 | G59: 29.8 | H59: =IF(G59="","",E59-G59) -> 0.9 | K59: =IF(J59="",0,COUNTIFS(Schedule!$B:$B,B59,Schedule!$A:$A,"<"&J59)) -> 0 | L59: =82-K59 -> 82 | O59: =IF(M59<>"",M59,MIN(D59,L59)) -> 76 | P59: =IF(N59<>"",N59,E59) -> 30.7
A60: Darryn Peterson | B60: UTH | C60: PG,SG | D60: 76 | E60: 31.1 | H60: =IF(G60="","",E60-G60) | K60: =IF(J60="",0,COUNTIFS(Schedule!$B:$B,B60,Schedule!$A:$A,"<"&J60)) -> 0 | L60: =82-K60 -> 82 | O60: =IF(M60<>"",M60,MIN(D60,L60)) -> 76 | P60: =IF(N60<>"",N60,E60) -> 31.1
A61: Evan Mobley | B61: CLE | C61: PF,C | D61: 72 | E61: 32.6 | F61: 65 | G61: 31.9 | H61: =IF(G61="","",E61-G61) -> 0.7 | K61: =IF(J61="",0,COUNTIFS(Schedule!$B:$B,B61,Schedule!$A:$A,"<"&J61)) -> 0 | L61: =82-K61 -> 82 | O61: =IF(M61<>"",M61,MIN(D61,L61)) -> 72 | P61: =IF(N61<>"",N61,E61) -> 32.6
A62: Tyrese Haliburton | B62: IND | C62: PG,SG | D62: 71 | E62: 33.5 | H62: =IF(G62="","",E62-G62) | I62: Day-To-Day | J62: 46308 | K62: =IF(J62="",0,COUNTIFS(Schedule!$B:$B,B62,Schedule!$A:$A,"<"&J62)) -> 0 | L62: =82-K62 -> 82 | O62: =IF(M62<>"",M62,MIN(D62,L62)) -> 71 | P62: =IF(N62<>"",N62,E62) -> 33.5 | Q62: 2026-10-10: Haliburton will not play in Saturday's preseason game against the Hawks due to a right ankle injury, Tony East of Forbes.com reports.
A63: Darius Acuff Jr. | B63: SAC | C63: PG | D63: 76 | E63: 31.5 | H63: =IF(G63="","",E63-G63) | K63: =IF(J63="",0,COUNTIFS(Schedule!$B:$B,B63,Schedule!$A:$A,"<"&J63)) -> 0 | L63: =82-K63 -> 82 | O63: =IF(M63<>"",M63,MIN(D63,L63)) -> 76 | P63: =IF(N63<>"",N63,E63) -> 31.5
A64: Scottie Barnes | B64: TOR | C64: C,PF,SF,SG | D64: 75 | E64: 33.8 | F64: 80 | G64: 33.5 | H64: =IF(G64="","",E64-G64) -> 0.3 | K64: =IF(J64="",0,COUNTIFS(Schedule!$B:$B,B64,Schedule!$A:$A,"<"&J64)) -> 0 | L64: =82-K64 -> 82 | O64: =IF(M64<>"",M64,MIN(D64,L64)) -> 75 | P64: =IF(N64<>"",N64,E64) -> 33.8
A65: Kon Knueppel | B65: CHA | C65: SF,SG | D65: 78 | E65: 32.9 | F65: 81 | G65: 31.5 | H65: =IF(G65="","",E65-G65) -> 1.4 | I65: Day-To-Day | J65: 46316 | K65: =IF(J65="",0,COUNTIFS(Schedule!$B:$B,B65,Schedule!$A:$A,"<"&J65)) -> 0 | L65: =82-K65 -> 82 | O65: =IF(M65<>"",M65,MIN(D65,L65)) -> 78 | P65: =IF(N65<>"",N65,E65) -> 32.9 | Q65: 2026-09-28: Hornets general manager Jeff Peterson said Monday that he "doesn't know" whether Knueppel (hamstring) will be available for the team's regular-season opener against the Nets, Owen Watterson of SI.com reports.
A66: Jimmy Butler III | B66: GSW | C66: PF,SF,SG | D66: 44 | E66: 31.8 | F66: 38 | G66: 31.1 | H66: =IF(G66="","",E66-G66) -> 0.7 | I66: Out | J66: 46389 | K66: =IF(J66="",0,COUNTIFS(Schedule!$B:$B,B66,Schedule!$A:$A,"<"&J66)) -> 32 | L66: =82-K66 -> 50 | O66: =IF(M66<>"",M66,MIN(D66,L66)) -> 44 | P66: =IF(N66<>"",N66,E66) -> 31.8 | Q66: 2026-10-02: The Warriors hope to have Butler (knee) back early in 2027, per Keith Watkins of Yahoo Sports.
A67: Josh Giddey | B67: CHI | C67: PG,SG,SF | D67: 73 | E67: 35.7 | F67: 54 | G67: 32.1 | H67: =IF(G67="","",E67-G67) -> 3.6 | K67: =IF(J67="",0,COUNTIFS(Schedule!$B:$B,B67,Schedule!$A:$A,"<"&J67)) -> 0 | L67: =82-K67 -> 82 | O67: =IF(M67<>"",M67,MIN(D67,L67)) -> 73 | P67: =IF(N67<>"",N67,E67) -> 35.7
A68: Cameron Boozer | B68: MEM | C68: PF | D68: 75 | E68: 32.3 | H68: =IF(G68="","",E68-G68) | K68: =IF(J68="",0,COUNTIFS(Schedule!$B:$B,B68,Schedule!$A:$A,"<"&J68)) -> 0 | L68: =82-K68 -> 82 | O68: =IF(M68<>"",M68,MIN(D68,L68)) -> 75 | P68: =IF(N68<>"",N68,E68) -> 32.3
A69: Jalen Duren | B69: DET | C69: C | D69: 75 | E69: 30.3 | F69: 70 | G69: 28.2 | H69: =IF(G69="","",E69-G69) -> 2.1 | I69: Day-To-Day | J69: 46309 | K69: =IF(J69="",0,COUNTIFS(Schedule!$B:$B,B69,Schedule!$A:$A,"<"&J69)) -> 0 | L69: =82-K69 -> 82 | O69: =IF(M69<>"",M69,MIN(D69,L69)) -> 75 | P69: =IF(N69<>"",N69,E69) -> 30.3 | Q69: 2026-10-10: Duren (reconditioning) won't suit up for Saturday's preseason game against the Wizards, Josh Robbins of The Athletic reports.
A70: Domantas Sabonis | B70: SAC | C70: C,PF | D70: 74 | E70: 34.1 | F70: 19 | G70: 29.7 | H70: =IF(G70="","",E70-G70) -> 4.4 | I70: Day-To-Day | J70: 46308 | K70: =IF(J70="",0,COUNTIFS(Schedule!$B:$B,B70,Schedule!$A:$A,"<"&J70)) -> 0 | L70: =82-K70 -> 82 | O70: =IF(M70<>"",M70,MIN(D70,L70)) -> 74 | P70: =IF(N70<>"",N70,E70) -> 34.1 | Q70: 2026-10-10: Sabonis (undisclosed) is out for Saturday's preseason game against the Warriors, Jason Anderson of The Sacramento Bee reports.
A71: Miles Bridges | B71: PHO | C71: SF,PF | D71: 75 | E71: 30.6 | F71: 77 | G71: 31 | H71: =IF(G71="","",E71-G71) -> -0.4 | I71: Day-To-Day | J71: 46309 | K71: =IF(J71="",0,COUNTIFS(Schedule!$B:$B,B71,Schedule!$A:$A,"<"&J71)) -> 0 | L71: =82-K71 -> 82 | O71: =IF(M71<>"",M71,MIN(D71,L71)) -> 75 | P71: =IF(N71<>"",N71,E71) -> 30.6 | Q71: 2026-10-11: Bridges (ankle) won't play in Saturday's preseason game against the Spurs, Hayden Cilley of ClutchPoints.com reports.
A72: Ty Jerome | B72: MEM | C72: PG,SG | D72: 71 | E72: 25.6 | F72: 15 | G72: 22.6 | H72: =IF(G72="","",E72-G72) -> 3 | K72: =IF(J72="",0,COUNTIFS(Schedule!$B:$B,B72,Schedule!$A:$A,"<"&J72)) -> 0 | L72: =82-K72 -> 82 | O72: =IF(M72<>"",M72,MIN(D72,L72)) -> 71 | P72: =IF(N72<>"",N72,E72) -> 25.6
A73: Dillon Brooks | B73: PHO | C73: PF,SF,SG | D73: 74 | E73: 31 | F73: 56 | G73: 30.4 | H73: =IF(G73="","",E73-G73) -> 0.6 | K73: =IF(J73="",0,COUNTIFS(Schedule!$B:$B,B73,Schedule!$A:$A,"<"&J73)) -> 0 | L73: =82-K73 -> 82 | O73: =IF(M73<>"",M73,MIN(D73,L73)) -> 74 | P73: =IF(N73<>"",N73,E73) -> 31
A74: Kristaps Porzingis | B74: GSW | C74: PF,C | D74: 54 | E74: 26.9 | F74: 32 | G74: 24 | H74: =IF(G74="","",E74-G74) -> 2.9 | I74: Day-To-Day | J74: 46316 | K74: =IF(J74="",0,COUNTIFS(Schedule!$B:$B,B74,Schedule!$A:$A,"<"&J74)) -> 0 | L74: =82-K74 -> 82 | O74: =IF(M74<>"",M74,MIN(D74,L74)) -> 54 | P74: =IF(N74<>"",N74,E74) -> 26.9 | Q74: 2026-10-06: Porzingis (undisclosed) remains out indefinitely, per Anthony Slater of ESPN.com.
A75: Derrick White | B75: BOS | C75: PG,SG | D75: 78 | E75: 34.3 | F75: 77 | G75: 34.1 | H75: =IF(G75="","",E75-G75) -> 0.2 | K75: =IF(J75="",0,COUNTIFS(Schedule!$B:$B,B75,Schedule!$A:$A,"<"&J75)) -> 0 | L75: =82-K75 -> 82 | O75: =IF(M75<>"",M75,MIN(D75,L75)) -> 78 | P75: =IF(N75<>"",N75,E75) -> 34.3
A76: Stephon Castle | B76: SAS | C76: PG,SG | D76: 75 | E76: 31.7 | F76: 68 | G76: 30 | H76: =IF(G76="","",E76-G76) -> 1.7 | K76: =IF(J76="",0,COUNTIFS(Schedule!$B:$B,B76,Schedule!$A:$A,"<"&J76)) -> 0 | L76: =82-K76 -> 82 | O76: =IF(M76<>"",M76,MIN(D76,L76)) -> 75 | P76: =IF(N76<>"",N76,E76) -> 31.7
A77: Dejounte Murray | B77: NOR | C77: PG,SG | D77: 73 | E77: 30.5 | F77: 14 | G77: 27.8 | H77: =IF(G77="","",E77-G77) -> 2.7 | I77: Day-To-Day | J77: 46309 | K77: =IF(J77="",0,COUNTIFS(Schedule!$B:$B,B77,Schedule!$A:$A,"<"&J77)) -> 0 | L77: =82-K77 -> 82 | O77: =IF(M77<>"",M77,MIN(D77,L77)) -> 73 | P77: =IF(N77<>"",N77,E77) -> 30.5 | Q77: 2026-10-08: Murray (toe) has been ruled out for Thursday's preseason game against the Heat, Andrew Lopez of Gulf Coast Sports &amp; Entertainment Network reports.
A78: OG Anunoby | B78: NYK | C78: SF,PF | D78: 73 | E78: 34.8 | F78: 67 | G78: 33.2 | H78: =IF(G78="","",E78-G78) -> 1.6 | K78: =IF(J78="",0,COUNTIFS(Schedule!$B:$B,B78,Schedule!$A:$A,"<"&J78)) -> 0 | L78: =82-K78 -> 82 | O78: =IF(M78<>"",M78,MIN(D78,L78)) -> 73 | P78: =IF(N78<>"",N78,E78) -> 34.8
A79: DeMar DeRozan | B79: DEN | C79: PF,SF | D79: 77 | E79: 29.6 | F79: 77 | G79: 31.2 | H79: =IF(G79="","",E79-G79) -> -1.6 | K79: =IF(J79="",0,COUNTIFS(Schedule!$B:$B,B79,Schedule!$A:$A,"<"&J79)) -> 0 | L79: =82-K79 -> 82 | O79: =IF(M79<>"",M79,MIN(D79,L79)) -> 77 | P79: =IF(N79<>"",N79,E79) -> 29.6
A80: Immanuel Quickley | B80: TOR | C80: PG,SG | D80: 72 | E80: 30.9 | F80: 70 | G80: 31.9 | H80: =IF(G80="","",E80-G80) -> -1 | K80: =IF(J80="",0,COUNTIFS(Schedule!$B:$B,B80,Schedule!$A:$A,"<"&J80)) -> 0 | L80: =82-K80 -> 82 | O80: =IF(M80<>"",M80,MIN(D80,L80)) -> 72 | P80: =IF(N80<>"",N80,E80) -> 30.9
A81: Amen Thompson | B81: HOU | C81: PG,SF,SG | D81: 78 | E81: 35.7 | F81: 79 | G81: 37.4 | H81: =IF(G81="","",E81-G81) -> -1.7 | K81: =IF(J81="",0,COUNTIFS(Schedule!$B:$B,B81,Schedule!$A:$A,"<"&J81)) -> 0 | L81: =82-K81 -> 82 | O81: =IF(M81<>"",M81,MIN(D81,L81)) -> 78 | P81: =IF(N81<>"",N81,E81) -> 35.7
A82: Payton Pritchard | B82: BOS | C82: PG,SG | D82: 75 | E82: 30.7 | F82: 79 | G82: 32.4 | H82: =IF(G82="","",E82-G82) -> -1.7 | K82: =IF(J82="",0,COUNTIFS(Schedule!$B:$B,B82,Schedule!$A:$A,"<"&J82)) -> 0 | L82: =82-K82 -> 82 | O82: =IF(M82<>"",M82,MIN(D82,L82)) -> 75 | P82: =IF(N82<>"",N82,E82) -> 30.7
A83: Nickeil Alexander-Walker | B83: ATL | C83: PG,SG | D83: 79 | E83: 30.3 | F83: 78 | G83: 33.4 | H83: =IF(G83="","",E83-G83) -> -3.1 | I83: Day-To-Day | J83: 46307 | K83: =IF(J83="",0,COUNTIFS(Schedule!$B:$B,B83,Schedule!$A:$A,"<"&J83)) -> 0 | L83: =82-K83 -> 82 | O83: =IF(M83<>"",M83,MIN(D83,L83)) -> 79 | P83: =IF(N83<>"",N83,E83) -> 30.3 | Q83: 2026-10-10: Alexander-Walker (rest) won't suit up for Saturday's preseason game in Indiana, Brad Rowland of the Locked On Podcast Network reports.
A84: Chet Holmgren | B84: OKC | C84: PF,C | D84: 72 | E84: 28.6 | F84: 69 | G84: 28.9 | H84: =IF(G84="","",E84-G84) -> -0.3 | I84: Day-To-Day | J84: 46308 | K84: =IF(J84="",0,COUNTIFS(Schedule!$B:$B,B84,Schedule!$A:$A,"<"&J84)) -> 0 | L84: =82-K84 -> 82 | O84: =IF(M84<>"",M84,MIN(D84,L84)) -> 72 | P84: =IF(N84<>"",N84,E84) -> 28.6 | Q84: 2026-10-10: Holmgren (quadriceps) won't play in Monday's preseason game against the Hawks, Clemente Almanza of USA Today reports.
A85: John Collins | B85: DET | C85: PF,C | D85: 73 | E85: 29.5 | F85: 69 | G85: 27.1 | H85: =IF(G85="","",E85-G85) -> 2.4 | K85: =IF(J85="",0,COUNTIFS(Schedule!$B:$B,B85,Schedule!$A:$A,"<"&J85)) -> 0 | L85: =82-K85 -> 82 | O85: =IF(M85<>"",M85,MIN(D85,L85)) -> 73 | P85: =IF(N85<>"",N85,E85) -> 29.5
A86: Caleb Wilson | B86: CHI | C86: PF,SF | D86: 75 | E86: 32.2 | H86: =IF(G86="","",E86-G86) | K86: =IF(J86="",0,COUNTIFS(Schedule!$B:$B,B86,Schedule!$A:$A,"<"&J86)) -> 0 | L86: =82-K86 -> 82 | O86: =IF(M86<>"",M86,MIN(D86,L86)) -> 75 | P86: =IF(N86<>"",N86,E86) -> 32.2
A87: Andrew Wiggins | B87: MIA | C87: PF,SF,SG | D87: 73 | E87: 30.3 | F87: 68 | G87: 30.3 | H87: =IF(G87="","",E87-G87) -> 0 | I87: Day-To-Day | J87: 46309 | K87: =IF(J87="",0,COUNTIFS(Schedule!$B:$B,B87,Schedule!$A:$A,"<"&J87)) -> 0 | L87: =82-K87 -> 82 | O87: =IF(M87<>"",M87,MIN(D87,L87)) -> 73 | P87: =IF(N87<>"",N87,E87) -> 30.3 | Q87: 2026-10-10: Wiggins (rest) won't play in Saturday's preseason game against the Timberwolves, Eric Nehm of The Athletic reports.
A88: Ivica Zubac | B88: IND | C88: C | D88: 74 | E88: 31.2 | F88: 48 | G88: 30.1 | H88: =IF(G88="","",E88-G88) -> 1.1 | K88: =IF(J88="",0,COUNTIFS(Schedule!$B:$B,B88,Schedule!$A:$A,"<"&J88)) -> 0 | L88: =82-K88 -> 82 | O88: =IF(M88<>"",M88,MIN(D88,L88)) -> 74 | P88: =IF(N88<>"",N88,E88) -> 31.2
A89: Collin Sexton | B89: LAL | C89: PG,SG | D89: 75 | E89: 24.4 | F89: 68 | G89: 23.7 | H89: =IF(G89="","",E89-G89) -> 0.7 | I89: Day-To-Day | J89: 46308 | K89: =IF(J89="",0,COUNTIFS(Schedule!$B:$B,B89,Schedule!$A:$A,"<"&J89)) -> 0 | L89: =82-K89 -> 82 | O89: =IF(M89<>"",M89,MIN(D89,L89)) -> 75 | P89: =IF(N89<>"",N89,E89) -> 24.4 | Q89: 2026-10-10: Lakers head coach JJ Redick said Saturday that Sexton is day-to-day due to a lower-leg injury, Jovan Buha of The Athletic reports.
A90: Mikel Brown Jr. | B90: BKN | C90: PG | D90: 75 | E90: 31.3 | H90: =IF(G90="","",E90-G90) | I90: Day-To-Day | J90: 46307 | K90: =IF(J90="",0,COUNTIFS(Schedule!$B:$B,B90,Schedule!$A:$A,"<"&J90)) -> 0 | L90: =82-K90 -> 82 | O90: =IF(M90<>"",M90,MIN(D90,L90)) -> 75 | P90: =IF(N90<>"",N90,E90) -> 31.3 | Q90: 2026-10-08: Brown (ankle) will miss Thursday's preseason game against Philadelphia, Brian Lewis of the New York Post reports.
A91: VJ Edgecombe | B91: PHI | C91: PG,SG | D91: 75 | E91: 34.6 | F91: 75 | G91: 35 | H91: =IF(G91="","",E91-G91) -> -0.4 | K91: =IF(J91="",0,COUNTIFS(Schedule!$B:$B,B91,Schedule!$A:$A,"<"&J91)) -> 0 | L91: =82-K91 -> 82 | O91: =IF(M91<>"",M91,MIN(D91,L91)) -> 75 | P91: =IF(N91<>"",N91,E91) -> 34.6
A92: Matas Buzelis | B92: CHI | C92: SF,PF | D92: 76 | E92: 30.6 | F92: 77 | G92: 29.2 | H92: =IF(G92="","",E92-G92) -> 1.4 | K92: =IF(J92="",0,COUNTIFS(Schedule!$B:$B,B92,Schedule!$A:$A,"<"&J92)) -> 0 | L92: =82-K92 -> 82 | O92: =IF(M92<>"",M92,MIN(D92,L92)) -> 76 | P92: =IF(N92<>"",N92,E92) -> 30.6
A93: Mikal Bridges | B93: NYK | C93: PF,SF,SG | D93: 80 | E93: 34.7 | F93: 82 | G93: 32.8 | H93: =IF(G93="","",E93-G93) -> 1.9 | K93: =IF(J93="",0,COUNTIFS(Schedule!$B:$B,B93,Schedule!$A:$A,"<"&J93)) -> 0 | L93: =82-K93 -> 82 | O93: =IF(M93<>"",M93,MIN(D93,L93)) -> 80 | P93: =IF(N93<>"",N93,E93) -> 34.7
A94: Jarrett Allen | B94: CLE | C94: C | D94: 75 | E94: 29.2 | F94: 56 | G94: 27.1 | H94: =IF(G94="","",E94-G94) -> 2.1 | K94: =IF(J94="",0,COUNTIFS(Schedule!$B:$B,B94,Schedule!$A:$A,"<"&J94)) -> 0 | L94: =82-K94 -> 82 | O94: =IF(M94<>"",M94,MIN(D94,L94)) -> 75 | P94: =IF(N94<>"",N94,E94) -> 29.2
A95: Alex Sarr | B95: WAS | C95: C,PF | D95: 72 | E95: 28 | F95: 48 | G95: 27.2 | H95: =IF(G95="","",E95-G95) -> 0.8 | K95: =IF(J95="",0,COUNTIFS(Schedule!$B:$B,B95,Schedule!$A:$A,"<"&J95)) -> 0 | L95: =82-K95 -> 82 | O95: =IF(M95<>"",M95,MIN(D95,L95)) -> 72 | P95: =IF(N95<>"",N95,E95) -> 28
A96: Dylan Harper | B96: SAS | C96: PG,SG | D96: 75 | E96: 28.9 | F96: 69 | G96: 22.6 | H96: =IF(G96="","",E96-G96) -> 6.3 | K96: =IF(J96="",0,COUNTIFS(Schedule!$B:$B,B96,Schedule!$A:$A,"<"&J96)) -> 0 | L96: =82-K96 -> 82 | O96: =IF(M96<>"",M96,MIN(D96,L96)) -> 75 | P96: =IF(N96<>"",N96,E96) -> 28.9
A97: Aaron Gordon | B97: DEN | C97: PF,C | D97: 72 | E97: 29.4 | F97: 36 | G97: 27.9 | H97: =IF(G97="","",E97-G97) -> 1.5 | K97: =IF(J97="",0,COUNTIFS(Schedule!$B:$B,B97,Schedule!$A:$A,"<"&J97)) -> 0 | L97: =82-K97 -> 82 | O97: =IF(M97<>"",M97,MIN(D97,L97)) -> 72 | P97: =IF(N97<>"",N97,E97) -> 29.4
A98: Naz Reid | B98: CHA | C98: PF,C | D98: 77 | E98: 29.1 | F98: 77 | G98: 26.1 | H98: =IF(G98="","",E98-G98) -> 3 | K98: =IF(J98="",0,COUNTIFS(Schedule!$B:$B,B98,Schedule!$A:$A,"<"&J98)) -> 0 | L98: =82-K98 -> 82 | O98: =IF(M98<>"",M98,MIN(D98,L98)) -> 77 | P98: =IF(N98<>"",N98,E98) -> 29.1
A99: Jonathan Kuminga | B99: MIN | C99: PF,SF | D99: 72 | E99: 25.7 | F99: 36 | G99: 23.1 | H99: =IF(G99="","",E99-G99) -> 2.6 | I99: Day-To-Day | J99: 46307 | K99: =IF(J99="",0,COUNTIFS(Schedule!$B:$B,B99,Schedule!$A:$A,"<"&J99)) -> 0 | L99: =82-K99 -> 82 | O99: =IF(M99<>"",M99,MIN(D99,L99)) -> 72 | P99: =IF(N99<>"",N99,E99) -> 25.7 | Q99: 2026-10-10: Kuminga (rest) is not available against the Heat on Saturday.
A100: De'Andre Hunter | B100: SAC | C100: SF,PF | D100: 72 | E100: 26.9 | F100: 45 | G100: 26.1 | H100: =IF(G100="","",E100-G100) -> 0.8 | K100: =IF(J100="",0,COUNTIFS(Schedule!$B:$B,B100,Schedule!$A:$A,"<"&J100)) -> 0 | L100: =82-K100 -> 82 | O100: =IF(M100<>"",M100,MIN(D100,L100)) -> 72 | P100: =IF(N100<>"",N100,E100) -> 26.9
...

Sheet Settings
A1: Category | B1: Weight | D1: League | F1: Notes | H1: Slot | I1: Count | K1: DIFF (ADP − RK) | L1: Meaning
A2: PTS | B2: 1 | D2: Number of Teams | F2: 12 | G2: Yahoo public prize leagues: 12 | H2: PG | I2: 1 | K2: ≥ +24 | L2: Steal (>2 rounds)
A3: REB | B3: 1 | D3: Players Drafted | F3: =F2*SUM(I2:I10) -> 156 | G3: teams × (starters + bench); IL excluded | H3: SG | I3: 1 | K3: +12 to +23 | L3: Potential steal (1–2 rounds)
A4: AST | B4: 1 | D4: Replacement Rank | F4: =F3+1 -> 157 | G4: first player left on waivers | H4: G | I4: 1 | K4: −12 to −23 | L4: Potential reach (1–2 rounds)
A5: STL | B5: 1 | D5: Value Pool | F5: =F3 -> 156 | G5: players the averages / stdevs are measured against | H5: SF | I5: 1 | K5: ≤ −24 | L5: Reach (>2 rounds)
A6: BLK | B6: 1 | H6: PF | I6: 1
A7: 3PM | B7: 1 | D7: Games Played Projection | F7: Yes | G7: "Yes" = projected GP, "No" = Flat GP for everyone | H7: F | I7: 1
A8: FG% | B8: 1 | D8: Flat GP | F8: 75 | G8: used when Games Played Projection is No | H8: C | I8: 2
A9: FT% | B9: 1 | H9: Util | I9: 2
A10: TO | B10: 1 | D10: Boost or Bust | F10: ON | G10: "ON" / "OFF" — your ADJ marks on The List | H10: BN | I10: 3
H11: IL | I11: 3
A12: 1 = counts, 0 = punt, or any weight in between. | D12: + + + | F12: 0.15 | G12: Multiplies every counting stat and attempt; FG% / FT% are unchanged.
A13: TO is scored in reverse automatically. | D13: + + | F13: 0.1 | H13: Max games played: 82 per slot
D14: + | F14: 0.05
D15: - | F15: -0.05
D16: - - | F16: -0.1
D17: - - - | F17: -0.15

Sheet Player Data
A1: Player | B1: Team | C1: Pos | D1: GP | E1: MIN | F1: PTS | G1: REB | H1: AST | I1: STL | J1: BLK | K1: 3PM | L1: TO | M1: FG% | N1: FT% | O1: FGA (est.) | P1: FTA (est.) | Q1: FTr source | R1: Yahoo ADP | S1: ESPN ADP
A2: Shai Gilgeous-Alexander | B2: OKC | C2: PG | D2: 77 | E2: 2641 | F2: 2421 | G2: 350 | H2: 484 | I2: 124 | J2: 63 | K2: 133 | L2: 180 | M2: 0.528 | N2: 0.887 | O2: 1584.5 | P2: 693.1 | Q2: 2025-26 (1321 FGA) | R2: 4 | S2: 2
A3: Giannis Antetokounmpo | B3: MIA | C3: PF,C | D3: 73 | E3: 2407 | F3: 2263 | G3: 828 | H3: 474 | I3: 79 | J3: 63 | K3: 26 | L3: 245 | M3: 0.607 | N3: 0.64 | O3: 1453.6 | P3: 738 | Q3: 2025-26 (598 FGA) | R3: 9 | S3: 5
A4: Luka Doncic | B4: LAL | C4: PG,SG | D4: 74 | E4: 2673 | F4: 2293 | G4: 588 | H4: 599 | I4: 115 | J4: 34 | K4: 272 | L4: 298 | M4: 0.469 | N4: 0.787 | O4: 1592.9 | P4: 669.4 | Q4: 2025-26 (1457 FGA) | R4: 3 | S4: 4
A5: Anthony Edwards | B5: MIN | C5: PG,SF,SG | D5: 75 | E5: 2693 | F5: 2151 | G5: 412 | H5: 318 | I5: 102 | J5: 57 | K5: 265 | L5: 222 | M5: 0.47 | N5: 0.808 | O5: 1551.3 | P5: 529.4 | Q5: 2025-26 (1231 FGA) | R5: 13 | S5: 6
A6: Jayson Tatum | B6: BOS | C6: SF,PF | D6: 74 | E6: 2671 | F6: 2043 | G6: 660 | H6: 421 | I6: 83 | J6: 34 | K6: 256 | L6: 229 | M6: 0.447 | N6: 0.819 | O6: 1610.5 | P6: 424 | Q6: 2025-26 (287 FGA) | R6: 8 | S6: 8
A7: Nikola Jokic | B7: DEN | C7: C | D7: 75 | E7: 2718 | F7: 2048 | G7: 933 | H7: 722 | I7: 111 | J7: 61 | K7: 125 | L7: 248 | M7: 0.563 | N7: 0.819 | O7: 1315.9 | P7: 538.9 | Q7: 2025-26 (1132 FGA) | R7: 2 | S7: 1
A8: Donovan Mitchell | B8: CLE | C8: PG,SG | D8: 75 | E8: 2488 | F8: 1996 | G8: 360 | H8: 415 | I8: 117 | J8: 22 | K8: 242 | L8: 194 | M8: 0.463 | N8: 0.842 | O8: 1487.9 | P8: 446.8 | Q8: 2025-26 (1403 FGA) | R8: 19 | S8: 21
A9: Jalen Brunson | B9: NYK | C9: PG | D9: 75 | E9: 2673 | F9: 1971 | G9: 245 | H9: 511 | I9: 65 | J9: 8 | K9: 190 | L9: 183 | M9: 0.473 | N9: 0.834 | O9: 1507.8 | P9: 425.2 | Q9: 2025-26 (1475 FGA) | R9: 21 | S9: 19
A10: Joel Embiid | B10: PHI | C10: C | D10: 59 | E10: 1827 | F10: 1522 | G10: 474 | H10: 239 | I10: 36 | J10: 70 | K10: 74 | L10: 173 | M10: 0.49 | N10: 0.861 | O10: 1061.3 | P10: 473.8 | Q10: 2025-26 (697 FGA) | R10: 49 | S10: 45
A11: Stephen Curry | B11: GSW | C11: PG | D11: 73 | E11: 2312 | F11: 1883 | G11: 304 | H11: 388 | I11: 81 | J11: 29 | K11: 336 | L11: 215 | M11: 0.452 | N11: 0.928 | O11: 1337.1 | P11: 364.6 | Q11: 2025-26 (799 FGA) | R11: 23 | S11: 18
A12: Devin Booker | B12: PHO | C12: PG,SG | D12: 75 | E12: 2690 | F12: 1914 | G12: 313 | H12: 483 | I12: 73 | J12: 21 | K12: 157 | L12: 219 | M12: 0.459 | N12: 0.882 | O12: 1374.3 | P12: 561.7 | Q12: 2025-26 (1198 FGA) | R12: 31 | S12: 17
A13: Tyrese Maxey | B13: PHI | C13: PG,SG | D13: 75 | E13: 2693 | F13: 1902 | G13: 284 | H13: 448 | I13: 119 | J13: 49 | K13: 207 | L13: 165 | M13: 0.468 | N13: 0.889 | O13: 1435.5 | P13: 395.3 | Q13: 2025-26 (1501 FGA) | R13: 7 | S13: 13
... A99: Jonathan Kuminga | B99: MIN | C99: PF,SF | D99: 72 | E99: 1853 | F99: 1061 | G99: 392 | H99: 167 | I99: 54 | J99: 30 | K99: 72 | L99: 133 | M99: 0.474 | N99: 0.702 | O99: 844.6 | P99: 268.2 | Q99: 2025-26 (339 FGA) | R99: 193 | S99: 144
A100: De'Andre Hunter | B100: SAC | C100: SF,PF | D100: 72 | E100: 1936 | F100: 1049 | G100: 270 | H100: 114 | I100: 48 | J100: 14 | K100: 133 | L100: 104 | M100: 0.455 | N100: 0.852 | O100: 801 | P100: 219.6 | Q100: 2025-26 (501 FGA) | R100: 98
A101: Jerami Grant | B101: MEM | C101: SF,PF | D101: 73 | E101: 1929 | F101: 1060 | G101: 203 | H101: 135 | I101: 48 | J101: 41 | K101: 145 | L101: 108 | M101: 0.442 | N101: 0.824 | O101: 754.4 | P101: 301.1 | Q101: 2025-26 (730 FGA) | S101: 176
A102: Keaton Wagler | B102: LAC | C102: PG,SG | D102: 74 | E102: 2016 | F102: 1060 | G102: 226 | H102: 314 | I102: 87 | J102: 14 | K102: 115 | L102: 166 | M102: 0.464 | N102: 0.817 | O102: 830.5 | P102: 213.4 | Q102: PG median | R102: 195 | S102: 177
A103: Ayo Dosunmu | B103: MIN | C103: PG,SF,SG | D103: 75 | E103: 2177 | F103: 1072 | G103: 264 | H103: 287 | I103: 75 | J103: 24 | K103: 124 | L103: 106 | M103: 0.512 | N103: 0.858 | O103: 788.7 | P103: 163.6 | Q103: 2025-26 (747 FGA) | R103: 127 | S103: 154
A104: Onyeka Okongwu | B104: ATL | C104: C | D104: 75 | E104: 2263 | F104: 1060 | G104: 564 | H104: 207 | I104: 75 | J104: 72 | K104: 113 | L104: 109 | M104: 0.506 | N104: 0.759 | O104: 786.9 | P104: 198.5 | Q104: 2025-26 (860 FGA) | R104: 57 | S104: 78
A105: Tobias Harris | B105: SAS | C105: PF,SF | D105: 75 | E105: 2282 | F105: 1047 | G105: 426 | H105: 181 | I105: 69 | J105: 44 | K105: 100 | L105: 75 | M105: 0.474 | N105: 0.865 | O105: 820.2 | P105: 195.9 | Q105: 2025-26 (659 FGA) | R105: 191 | S105: 109
A106: Cedric Coward | B106: MEM | C106: SF,SG | D106: 74 | E106: 2018 | F106: 1031 | G106: 428 | H106: 204 | I106: 49 | J106: 33 | K106: 116 | L106: 127 | M106: 0.481 | N106: 0.854 | O106: 776.3 | P106: 197 | Q106: 2025-26 (648 FGA) | R106: 118
A107: Brandin Podziemski | B107: GSW | C107: PG,SG | D107: 79 | E107: 2346 | F107: 1105 | G107: 423 | H107: 299 | I107: 95 | J107: 16 | K107: 160 | L107: 128 | M107: 0.447 | N107: 0.786 | O107: 851.7 | P107: 233.6 | Q107: 2025-26 (866 FGA) | R107: 147 | S107: 151
A108: Quentin Grimes | B108: LAL | C108: SG,SF | D108: 76 | E108: 2219 | F108: 1059 | G108: 300 | H108: 241 | I108: 67 | J108: 25 | K108: 147 | L108: 143 | M108: 0.462 | N108: 0.802 | O108: 786 | P108: 231.6 | Q108: 2025-26 (755 FGA) | R108: 180 | S108: 166
A109: Cameron Johnson | B109: DEN | C109: PF,SF | D109: 73 | E109: 2205 | F109: 1017 | G109: 291 | H109: 193 | I109: 55 | J109: 33 | K109: 152 | L109: 80 | M109: 0.486 | N109: 0.86 | O109: 735.5 | P109: 174.5 | Q109: 2025-26 (475 FGA) | R109: 126 | S109: 186
A110: Bennedict Mathurin | B110: NOR | C110: SG,SF | D110: 73 | E110: 1838 | F110: 1017 | G110: 321 | H110: 120 | I110: 43 | J110: 18 | K110: 80 | L110: 125 | M110: 0.442 | N110: 0.85 | O110: 748 | P110: 324.4 | Q110: 2025-26 (677 FGA) | R110: 188 | S110: 125
A111: Jabari Smith Jr. | B111: HOU | C111: C,PF | D111: 76 | E111: 2453 | F111: 1051 | G111: 507 | H111: 115 | I111: 44 | J111: 61 | K111: 155 | L111: 93 | M111: 0.45 | N111: 0.79 | O111: 826 | P111: 193.1 | Q111: 2025-26 (974 FGA) | R111: 115 | S111: 129
A112: Jaden McDaniels | B112: MIN | C112: PF,SF | D112: 76 | E112: 2413 | F112: 1055 | G112: 361 | H112: 186 | I112: 94 | J112: 73 | K112: 100 | L112: 118 | M112: 0.499 | N112: 0.83 | O112: 807.7 | P112: 179.4 | Q112: 2025-26 (809 FGA) | R112: 84 | S112: 82
A113: Saddiq Bey | B113: NOR | C113: SF,PF | D113: 75 | E113: 1884 | F113: 1010 | G113: 326 | H113: 141 | I113: 53 | J113: 7 | K113: 120 | L113: 56 | M113: 0.454 | N113: 0.84 | O113: 770.1 | P113: 227.1 | Q113: 2025-26 (967 FGA) | R113: 190 | S113: 167
A114: Ace Bailey | B114: UTH | C114: PF,SF | D114: 75 | E114: 2094 | F114: 1011 | G114: 294 | H114: 132 | I114: 61 | J114: 48 | K114: 144 | L114: 106 | M114: 0.448 | N114: 0.754 | O114: 875.7 | P114: 109.2 | Q114: 2025-26 (892 FGA) | R114: 158 | S114: 136
A115: Shaedon Sharpe | B115: POR | C115: PG,SF,SG | D115: 18 | E115: 395 | F115: 243 | G115: 56 | H115: 33 | I115: 15 | J115: 1 | K115: 25 | L115: 32 | M115: 0.46 | N115: 0.785 | O115: 197.7 | P115: 46 | Q115: 2025-26 (868 FGA) | R115: 149 | S115: 108
A116: P.J. Washington Jr. | B116: DAL | C116: C,PF,SF | D116: 71 | E116: 2158 | F116: 956 | G116: 465 | H116: 137 | I116: 67 | J116: 64 | K116: 96 | L116: 114 | M116: 0.45 | N116: 0.701 | O116: 780.3 | P116: 225 | Q116: 2025-26 (658 FGA) | R116: 179 | S116: 173
A117: Jalen Suggs | B117: ORL | C117: PG,SG | D117: 70 | E117: 1922 | F117: 940 | G117: 257 | H117: 300 | I117: 108 | J117: 49 | K117: 138 | L117: 167 | M117: 0.43 | N117: 0.851 | O117: 779.6 | P117: 154.6 | Q117: 2025-26 (649 FGA) | R117: 131 | S117: 135
A118: Andrew Nembhard | B118: IND | C118: PG,SG | D118: 75 | E118: 2405 | F118: 997 | G118: 231 | H118: 471 | I118: 80 | J118: 10 | K118: 96 | L118: 149 | M118: 0.467 | N118: 0.81 | O118: 765.8 | P118: 229.3 | Q118: 2025-26 (753 FGA) | R118: 182 | S118: 97
... A128: Klay Thompson | B128: MIA | C128: SG,SF | D128: 74 | E128: 1749 | F128: 941 | G128: 184 | H128: 126 | I128: 43 | J128: 22 | K128: 223 | L128: 73 | M128: 0.41 | N128: 0.832 | O128: 796.1 | P128: 78.4 | Q128: 2025-26 (728 FGA) | R128: 130 | S128: 127
A129: Aaron Nesmith | B129: IND | C129: PF,SF,SG | D129: 71 | E129: 1982 | F129: 901 | G129: 290 | H129: 105 | I129: 50 | J129: 33 | K129: 145 | L129: 70 | M129: 0.472 | N129: 0.855 | O129: 666 | P129: 148.9 | Q129: 2025-26 (512 FGA) | R129: 41
A130: Malik Monk | B130: SAC | C130: PG,SG | D130: 73 | E130: 1689 | F130: 923 | G130: 174 | H130: 275 | I130: 46 | J130: 32 | K130: 130 | L130: 127 | M130: 0.445 | N130: 0.863 | O130: 752.2 | P130: 143.2 | Q130: 2025-26 (632 FGA) | S130: 110
A131: Bradley Beal | B131: LAC | C131: SF,SG | D131: 66 | E131: 1569 | F131: 813 | G131: 171 | H131: 180 | I131: 54 | J131: 23 | K131: 91 | L131: 95 | M131: 0.497 | N131: 0.804 | O131: 612.1 | P131: 141.2 | Q131: 2025-26 (48 FGA)
A132: Bobby Portis Jr. | B132: MIA | C132: PF,C | D132: 72 | E132: 1628 | F132: 889 | G132: 462 | H132: 116 | I132: 45 | J132: 17 | K132: 109 | L132: 65 | M132: 0.478 | N132: 0.752 | O132: 744.3 | P132: 91 | Q132: 2025-26 (750 FGA) | R132: 152 | S132: 133
A133: Myles Turner | B133: MIL | C133: C | D133: 75 | E133: 2086 | F133: 925 | G133: 393 | H133: 105 | I133: 49 | J133: 114 | K133: 147 | L133: 102 | M133: 0.449 | N133: 0.753 | O133: 698.5 | P133: 200.2 | Q133: 2025-26 (646 FGA) | R133: 110 | S133: 60
A134: Kingston Flemings | B134: ATL | C134: PG,SG | D134: 75 | E134: 1908 | F134: 909 | G134: 184 | H134: 297 | I134: 88 | J134: 24 | K134: 96 | L134: 151 | M134: 0.441 | N134: 0.794 | O134: 748.6 | P134: 192.3 | Q134: PG median
A135: Kyshawn George | B135: WAS | C135: PF,SF,SG | D135: 72 | E135: 2053 | F135: 872 | G135: 335 | H135: 258 | I135: 69 | J135: 59 | K135: 127 | L135: 153 | M135: 0.425 | N135: 0.788 | O135: 722.1 | P135: 166.5 | Q135: 2025-26 (577 FGA) | R135: 143 | S135: 145
A136: Josh Hart | B136: NYK | C136: SF,SG | D136: 73 | E136: 2385 | F136: 884 | G136: 604 | H136: 365 | I136: 93 | J136: 24 | K136: 100 | L136: 144 | M136: 0.506 | N136: 0.741 | O136: 667.2 | P136: 146.8 | Q136: 2025-26 (592 FGA) | R136: 114 | S136: 48
A137: Max Christie | B137: DAL | C137: SG,SF | D137: 78 | E137: 2403 | F137: 934 | G137: 262 | H137: 165 | I137: 54 | J137: 31 | K137: 167 | L137: 95 | M137: 0.44 | N137: 0.885 | O137: 726.7 | P137: 144 | Q137: 2025-26 (725 FGA)
A138: Christian Braun | B138: DEN | C138: PF,SF,SG | D138: 72 | E138: 2189 | F138: 853 | G138: 322 | H138: 166 | I138: 54 | J138: 29 | K138: 68 | L138: 60 | M138: 0.536 | N138: 0.795 | O138: 616.5 | P138: 156.1 | Q138: 2025-26 (389 FGA) | R138: 169 | S138: 83
A139: Jakob Poeltl | B139: TOR | C139: C | D139: 72 | E139: 1959 | F139: 858 | G139: 582 | H139: 168 | I139: 67 | J139: 77 | K139: 0 | L139: 109 | M139: 0.659 | N139: 0.628 | O139: 564.7 | P139: 181 | Q139: 2025-26 (310 FGA) | R139: 177 | S139: 76
A140: Grayson Allen | B140: CHA | C140: PG,SF,SG | D140: 71 | E140: 1631 | F140: 839 | G140: 180 | H140: 181 | I140: 61 | J140: 17 | K140: 173 | L140: 84 | M140: 0.417 | N140: 0.847 | O140: 635.3 | P140: 160.8 | Q140: 2025-26 (667 FGA)
A141: Egor Demin | B141: BKN | C141: PG,SG | D141: 75 | E141: 2148 | F141: 882 | G141: 261 | H141: 273 | I141: 65 | J141: 27 | K141: 196 | L141: 136 | M141: 0.422 | N141: 0.835 | O141: 690.3 | P141: 123.8 | Q141: 2025-26 (449 FGA) | R141: 185 | S141: 134
A142: Scoot Henderson | B142: POR | C142: PG,SG | D142: 72 | E142: 1696 | F142: 848 | G142: 179 | H142: 267 | I142: 62 | J142: 18 | K142: 109 | L142: 162 | M142: 0.418 | N142: 0.805 | O142: 696.6 | P142: 194.6 | Q142: 2025-26 (342 FGA) | S142: 148
A143: Dyson Daniels | B143: ATL | C143: PG,SF,SG | D143: 77 | E143: 2530 | F143: 901 | G143: 464 | H143: 399 | I143: 159 | J143: 35 | K143: 38 | L143: 132 | M143: 0.507 | N143: 0.607 | O143: 769.4 | P143: 136.5 | Q143: 2025-26 (777 FGA) | R143: 64 | S143: 49
A144: Anthony Black | B144: ORL | C144: PG,SG,SF | D144: 74 | E144: 1917 | F144: 860 | G144: 243 | H144: 226 | I144: 91 | J144: 45 | K144: 84 | L144: 126 | M144: 0.442 | N144: 0.737 | O144: 706.7 | P144: 205.3 | Q144: 2025-26 (772 FGA) | R144: 174 | S144: 149
A145: Kyle Kuzma | B145: MIL | C145: SF,PF | D145: 73 | E145: 1791 | F145: 851 | G145: 301 | H145: 164 | I145: 39 | J145: 25 | K145: 80 | L145: 120 | M145: 0.465 | N145: 0.697 | O145: 691.8 | P145: 183 | Q145: 2025-26 (689 FGA) | R145: 171 | S145: 172
A146: Nic Claxton | B146: CHI | C146: C | D146: 74 | E146: 2031 | F146: 854 | G146: 500 | H146: 238 | I146: 50 | J146: 92 | K146: 6 | L146: 95 | M146: 0.587 | N146: 0.591 | O146: 607.3 | P146: 228.4 | Q146: 2025-26 (583 FGA) | R146: 108 | S146: 107
A147: Duncan Robinson | B147: DET | C147: SG,SF | D147: 77 | E147: 1969 | F147: 879 | G147: 192 | H147: 161 | I147: 47 | J147: 15 | K147: 205 | L147: 67 | M147: 0.452 | N147: 0.776 | O147: 649.7 | P147: 111.7 | Q147: 2025-26 (698 FGA) | R147: 113
A148: Kelly Oubre Jr. | B148: IND | C148: PF,SF,SG | D148: 73 | E148: 1872 | F148: 832 | G148: 307 | H148: 100 | I148: 67 | J148: 31 | K148: 80 | L148: 71 | M148: 0.484 | N148: 0.758 | O148: 645.6 | P148: 167.6 | Q148: 2025-26 (544 FGA) | R148: 139 | S148: 150
A149: Zach Edey | B149: MEM | C149: C | D149: 70 | E149: 1813 | F149: 801 | G149: 642 | H149: 83 | I149: 44 | J149: 106 | K149: 17 | L149: 131 | M149: 0.595 | N149: 0.736 | O149: 548 | P149: 179.2 | Q149: 2025-26 (98 FGA) | R149: 72 | S149: 122
A150: Nikola Vucevic | B150: ORL | C150: C | D150: 75 | E150: 1695 | F150: 857 | G150: 501 | H150: 164 | I150: 44 | J150: 40 | K150: 71 | L150: 76 | M150: 0.501 | N150: 0.814 | O150: 694.9 | P150: 110.2 | Q150: 2025-26 (799 FGA) | R150: 141 | S150: 40
A151: De'Anthony Melton | B151: GSW | C151: PG,SG | D151: 72 | E151: 1575 | F151: 823 | G151: 224 | H151: 173 | I151: 109 | J151: 27 | K151: 106 | L151: 122 | M151: 0.398 | N151: 0.817 | O151: 724.6 | P151: 171.6 | Q151: 2025-26 (528 FGA)
A152: Walker Kessler | B152: LAL | C152: C | D152: 72 | E152: 2213 | F152: 817 | G152: 825 | H152: 118 | I152: 53 | J152: 158 | K152: 11 | L152: 105 | M152: 0.681 | N152: 0.536 | O152: 518.2 | P152: 186.9 | Q152: 2025-26 (37 FGA) | R152: 28 | S152: 63
A153: Tim Hardaway Jr. | B153: MIA | C153: SG,SF | D153: 79 | E153: 1984 | F153: 902 | G153: 186 | H153: 103 | I153: 40 | J153: 8 | K153: 182 | L153: 42 | M153: 0.43 | N153: 0.824 | O153: 677.8 | P153: 166.4 | Q153: 2025-26 (779 FGA)
A154: Brice Sensabaugh | B154: UTH | C154: PF,SF,SG | D154: 75 | E154: 1486 | F154: 854 | G154: 190 | H154: 113 | I154: 48 | J154: 7 | K154: 133 | L154: 97 | M154: 0.46 | N154: 0.836 | O154: 645.4 | P154: 152.1 | Q154: 2025-26 (857 FGA) | S154: 191
A155: Derik Queen | B155: NOR | C155: C,PF | D155: 77 | E155: 1916 | F155: 876 | G155: 522 | H155: 269 | I155: 75 | J155: 68 | K155: 24 | L155: 177 | M155: 0.475 | N155: 0.801 | O155: 689.3 | P155: 246.1 | Q155: 2025-26 (748 FGA) | R155: 92 | S155: 139
A156: Rudy Gobert | B156: MIN | C156: C | D156: 75 | E156: 2411 | F156: 853 | G156: 836 | H156: 127 | I156: 60 | J156: 118 | K156: 0 | L156: 99 | M156: 0.666 | N156: 0.59 | O156: 518.3 | P156: 275.6 | Q156: 2025-26 (491 FGA) | R156: 80 | S156: 70
A157: Kevin Porter Jr. | B157: MIL | C157: PG,SG | D157: 72 | E157: 1617 | F157: 809 | G157: 251 | H157: 327 | I157: 94 | J157: 21 | K157: 59 | L157: 140 | M157: 0.451 | N157: 0.841 | O157: 654.3 | P157: 190 | Q157: 2025-26 (514 FGA) | R157: 161 | S157: 79
A158: Keldon Johnson | B158: SAS | C158: PF,SF | D158: 78 | E158: 1631 | F158: 864 | G158: 336 | H158: 108 | I158: 40 | J158: 12 | K158: 81 | L158: 67 | M158: 0.494 | N158: 0.774 | O158: 665.8 | P158: 161.7 | Q158: 2025-26 (797 FGA)
A159: Jordan Poole | B159: NOR | C159: PG,SG | D159: 47 | E159: 923 | F159: 525 | G159: 80 | H159: 121 | I159: 31 | J159: 13 | K159: 81 | L159: 73 | M159: 0.43 | N159: 0.877 | O159: 409.1 | P159: 105.1 | Q159: 2025-26 (444 FGA) | S159: 75
A160: Jaylon Tyson | B160: CLE | C160: PF,SF,SG | D160: 70 | E160: 1642 | F160: 774 | G160: 324 | H160: 143 | I160: 51 | J160: 24 | K160: 114 | L160: 91 | M160: 0.485 | N160: 0.741 | O160: 598.8 | P160: 106.8 | Q160: 2025-26 (670 FGA)
A161: Toumani Camara | B161: POR | C161: PF,SF | D161: 77 | E161: 2379 | F161: 844 | G161: 390 | H161: 156 | I161: 92 | J161: 40 | K161: 147 | L161: 111 | M161: 0.449 | N161: 0.722 | O161: 683 | P161: 115.9 | Q161: 2025-26 (891 FGA) | R161: 172 | S161: 132
A162: Jaylen Wells | B162: MEM | C162: SF,SG | D162: 75 | E162: 1909 | F162: 819 | G162: 216 | H162: 112 | I162: 54 | J162: 7 | K162: 131 | L162: 70 | M162: 0.43 | N162: 0.794 | O162: 652.3 | P162: 160 | Q162: 2025-26 (698 FGA)
A163: Morez Johnson Jr. | B163: DAL | C163: C,PF | D163: 75 | E163: 1903 | F163: 806 | G163: 420 | H163: 117 | I163: 51 | J163: 73 | K163: 27 | L163: 77 | M163: 0.517 | N163: 0.738 | O163: 610.7 | P163: 199.9 | Q163: C median | R163: 192
A164: Mark Williams | B164: PHO | C164: C | D164: 29 | E164: 602 | F164: 307 | G164: 209 | H164: 37 | I164: 21 | J164: 25 | K164: 0 | L164: 28 | M164: 0.635 | N164: 0.783 | O164: 196.2 | P164: 73.9 | Q164: 2025-26 (438 FGA) | R164: 122 | S164: 103
A165: Naji Marshall | B165: DAL | C165: PF,SF,SG | D165: 74 | E165: 1682 | F165: 794 | G165: 270 | H165: 185 | I165: 60 | J165: 7 | K165: 52 | L165: 87 | M165: 0.511 | N165: 0.779 | O165: 576.2 | P165: 196.5 | Q165: 2025-26 (821 FGA)
A166: Jrue Holiday | B166: POR | C166: PG,SG | D166: 73 | E166: 1879 | F166: 769 | G166: 279 | H166: 277 | I166: 61 | J166: 22 | K166: 115 | L166: 125 | M166: 0.454 | N166: 0.858 | O166: 619.5 | P166: 106.6 | Q166: 2025-26 (709 FGA) | R166: 159 | S166: 140
A167: Yaxel Lendeborg | B167: GSW | C167: PF,SF | D167: 75 | E167: 1873 | F167: 790 | G167: 394 | H167: 138 | I167: 65 | J167: 61 | K167: 47 | L167: 96 | M167: 0.491 | N167: 0.755 | O167: 638.4 | P167: 153.7 | Q167: PF median | R167: 157 | S167: 141
A168: Kel'el Ware | B168: MIL | C168: C | D168: 75 | E168: 1752 | F168: 781 | G168: 620 | H168: 58 | I168: 53 | J168: 81 | K168: 77 | L168: 65 | M168: 0.532 | N168: 0.727 | O168: 585.6 | P168: 111.4 | Q168: 2025-26 (649 FGA) | R168: 78 | S168: 124
A169: Moses Moody | B169: GSW | C169: PF,SF,SG | D169: 36 | E169: 817 | F169: 371 | G169: 102 | H169: 48 | I169: 31 | J169: 15 | K169: 74 | L169: 29 | M169: 0.435 | N169: 0.783 | O169: 286.5 | P169: 61 | Q169: 2025-26 (557 FGA)
A170: Jared McCain | B170: OKC | C170: PG,SG | D170: 74 | E170: 1501 | F170: 757 | G170: 168 | H170: 120 | I170: 43 | J170: 4 | K170: 128 | L170: 70 | M170: 0.439 | N170: 0.863 | O170: 617.8 | P170: 100.3 | Q170: 2025-26 (480 FGA) | R170: 121 | S170: 137
A171: Reed Sheppard | B171: HOU | C171: PG,SG | D171: 77 | E171: 1644 | F171: 791 | G171: 180 | H171: 202 | I171: 90 | J171: 42 | K171: 165 | L171: 92 | M171: 0.423 | N171: 0.802 | O171: 664.4 | P171: 79.7 | Q171: 2025-26 (946 FGA) | R171: 160 | S171: 91
A172: Wendell Carter Jr. | B172: ORL | C172: C | D172: 75 | E172: 2021 | F172: 766 | G172: 526 | H172: 142 | I172: 54 | J172: 43 | K172: 57 | L172: 86 | M172: 0.5 | N172: 0.761 | O172: 551 | P172: 207.7 | Q172: 2025-26 (637 FGA) | R172: 135
A173: Isaiah Joe | B173: DET | C173: SF,SG | D173: 75 | E173: 1625 | F173: 762 | G173: 198 | H173: 108 | I173: 51 | J173: 15 | K173: 178 | L173: 48 | M173: 0.447 | N173: 0.879 | O173: 532 | P173: 123.3 | Q173: 2025-26 (543 FGA)
A174: Donovan Clingan | B174: POR | C174: C | D174: 76 | E174: 1908 | F174: 764 | G174: 766 | H174: 134 | I174: 42 | J174: 128 | K174: 62 | L174: 87 | M174: 0.521 | N174: 0.662 | O174: 564.7 | P174: 171.5 | Q174: 2025-26 (684 FGA) | R174: 42 | S174: 96
A175: Deandre Ayton | B175: WAS | C175: C | D175: 71 | E175: 1597 | F175: 711 | G175: 491 | H175: 61 | I175: 35 | J175: 53 | K175: 1 | L175: 77 | M175: 0.59 | N175: 0.671 | O175: 524.8 | P175: 135.3 | Q175: 2025-26 (601 FGA) | R175: 168 | S175: 104
A176: Ajay Mitchell | B176: OKC | C176: PG,SG | D176: 67 | E176: 1313 | F176: 660 | G176: 160 | H176: 174 | I176: 60 | J176: 14 | K176: 53 | L176: 70 | M176: 0.483 | N176: 0.87 | O176: 505.4 | P176: 136.5 | Q176: 2025-26 (590 FGA) | R176: 144
A177: Jalen Smith | B177: CHI | C177: PF,C | D177: 72 | E177: 1501 | F177: 712 | G177: 454 | H177: 87 | I177: 28 | J177: 58 | K177: 98 | L177: 65 | M177: 0.478 | N177: 0.76 | O177: 541.6 | P177: 126.6 | Q177: 2025-26 (404 FGA)
A178: Santi Aldama | B178: DAL | C178: PF,SF | D178: 72 | E178: 1577 | F178: 712 | G178: 349 | H178: 156 | I178: 43 | J178: 35 | K178: 93 | L178: 60 | M178: 0.484 | N178: 0.671 | O178: 548.3 | P178: 131.5 | Q178: 2025-26 (476 FGA) | S178: 131
A179: Ausar Thompson | B179: DET | C179: PF,SF,SG | D179: 74 | E179: 1930 | F179: 730 | G179: 431 | H179: 214 | I179: 142 | J179: 73 | K179: 8 | L179: 113 | M179: 0.523 | N179: 0.585 | O179: 588.9 | P179: 181.3 | Q179: 2025-26 (577 FGA) | R179: 100 | S179: 98
A180: Collin Gillespie | B180: PHO | C180: PG,SG | D180: 76 | E180: 1738 | F180: 741 | G180: 261 | H180: 279 | I180: 84 | J180: 15 | K180: 167 | L180: 88 | M180: 0.42 | N180: 0.871 | O180: 600.6 | P180: 79.8 | Q180: 2025-26 (842 FGA) | R180: 194
A181: Derrick Jones Jr. | B181: LAC | C181: SF,PF | D181: 73 | E181: 1852 | F181: 716 | G181: 245 | H181: 76 | I181: 66 | J181: 52 | K181: 80 | L181: 57 | M181: 0.506 | N181: 0.729 | O181: 534 | P181: 131.2 | Q181: 2025-26 (379 FGA)
A182: Obi Toppin | B182: IND | C182: PF,SF | D182: 71 | E182: 1304 | F182: 687 | G182: 262 | H182: 111 | I182: 36 | J182: 21 | K182: 85 | L182: 58 | M182: 0.536 | N182: 0.799 | O182: 477.6 | P182: 112.7 | Q182: 2025-26 (199 FGA) | S182: 165
A183: Isaiah Hartenstein | B183: OKC | C183: C | D183: 71 | E183: 1788 | F183: 691 | G183: 640 | H183: 234 | I183: 67 | J183: 55 | K183: 0 | L183: 116 | M183: 0.612 | N183: 0.649 | O183: 477.5 | P183: 164.1 | Q183: 2025-26 (296 FGA) | R183: 120 | S183: 112
A184: Sam Merrill | B184: CLE | C184: SF,SG | D184: 70 | E184: 1585 | F184: 680 | G184: 164 | H184: 136 | I184: 46 | J184: 10 | K184: 167 | L184: 46 | M184: 0.441 | N184: 0.868 | O184: 497.1 | P184: 85.9 | Q184: 2025-26 (484 FGA)
A185: Scotty Pippen Jr. | B185: MEM | C185: PG,SG | D185: 71 | E185: 1483 | F185: 680 | G185: 191 | H185: 292 | I185: 96 | J185: 25 | K185: 74 | L185: 133 | M185: 0.459 | N185: 0.747 | O185: 548.1 | P185: 137.7 | Q185: 2025-26 (96 FGA) | S185: 159
A186: Dennis Schroder | B186: CHA | C186: PG,SG | D186: 75 | E186: 1643 | F186: 717 | G186: 164 | H186: 306 | I186: 44 | J186: 11 | K186: 96 | L186: 111 | M186: 0.408 | N186: 0.833 | O186: 578.4 | P186: 178.9 | Q186: 2025-26 (629 FGA) | S186: 175
A187: Tre Jones | B187: CHI | C187: PG,SG | D187: 73 | E187: 1478 | F187: 682 | G187: 161 | H187: 281 | I187: 62 | J187: 7 | K187: 32 | L187: 69 | M187: 0.545 | N187: 0.841 | O187: 472.2 | P187: 160.9 | Q187: 2025-26 (617 FGA)
A188: Sam Hauser | B188: BOS | C188: SF,PF | D188: 78 | E188: 1880 | F188: 723 | G188: 286 | H188: 96 | I188: 37 | J188: 19 | K188: 198 | L188: 32 | M188: 0.423 | N188: 0.888 | O188: 569 | P188: 49.2 | Q188: 2025-26 (601 FGA) | R188: 133
A189: Jusuf Nurkic | B189: UTH | C189: C | D189: 68 | E189: 1557 | F189: 627 | G189: 560 | H189: 220 | I189: 68 | J189: 40 | K189: 33 | L189: 132 | M189: 0.495 | N189: 0.615 | O189: 500.6 | P189: 160.1 | Q189: 2025-26 (358 FGA) | R189: 166 | S189: 158
A190: Bilal Coulibaly | B190: WAS | C190: SG,SF | D190: 73 | E190: 1686 | F190: 677 | G190: 260 | H190: 154 | I190: 76 | J190: 50 | K190: 60 | L190: 96 | M190: 0.433 | N190: 0.747 | O190: 566.5 | P190: 169.2 | Q190: 2025-26 (541 FGA)
A191: Brook Lopez | B191: LAC | C191: C | D191: 75 | E191: 1760 | F191: 694 | G191: 289 | H191: 99 | I191: 42 | J191: 104 | K191: 106 | L191: 59 | M191: 0.473 | N191: 0.808 | O191: 535.6 | P191: 100.7 | Q191: 2025-26 (542 FGA) | R191: 77
A192: Danny Wolf | B192: BKN | C192: C,PF | D192: 75 | E192: 1569 | F192: 689 | G192: 356 | H192: 161 | I192: 38 | J192: 41 | K192: 87 | L192: 93 | M192: 0.436 | N192: 0.771 | O192: 556.3 | P192: 151.6 | Q192: 2025-26 (440 FGA)
A193: Kyle Filipowski | B193: UTH | C193: C,PF | D193: 76 | E193: 1514 | F193: 695 | G193: 430 | H193: 156 | I193: 60 | J193: 30 | K193: 62 | L193: 97 | M193: 0.492 | N193: 0.725 | O193: 519.4 | P193: 168.2 | Q193: 2025-26 (657 FGA) | R193: 173 | S193: 183
A194: Daniel Gafford | B194: DAL | C194: C | D194: 73 | E194: 1403 | F194: 671 | G194: 419 | H194: 81 | I194: 40 | J194: 95 | K194: 0 | L194: 66 | M194: 0.696 | N194: 0.687 | O194: 396.2 | P194: 173.9 | Q194: 2025-26 (316 FGA) | R194: 109 | S194: 130
...

Sheet Pool
A1: Category | B1: All mean | C1: All stdev | D1: Pool mean | E1: Pool stdev
A2: PTS | B2: =AVERAGE('The List'!$N$2:$N$266) -> 978.31662 | C2: =STDEV('The List'!$N$2:$N$266) -> 467.82739 | D2: =SUMPRODUCT('The List'!$AR$2:$AR$266,'The List'!$N$2:$N$266)/SUM('The List'!$AR$2:$AR$266) -> 1239.3799 | E2: =SQRT(SUMPRODUCT('The List'!$AR$2:$AR$266,('The List'!$N$2:$N$266-D2)^2)/(SUM('The List'!$AR$2:$AR$266)-1)) -> 405.68591
A3: REB | B3: =AVERAGE('The List'!$O$2:$O$266) -> 357.4833 | C3: =STDEV('The List'!$O$2:$O$266) -> 169.46819 | D3: =SUMPRODUCT('The List'!$AR$2:$AR$266,'The List'!$O$2:$O$266)/SUM('The List'!$AR$2:$AR$266) -> 429.42479 | E3: =SQRT(SUMPRODUCT('The List'!$AR$2:$AR$266,('The List'!$O$2:$O$266-D3)^2)/(SUM('The List'!$AR$2:$AR$266)-1)) -> 171.80626
A4: AST | B4: =AVERAGE('The List'!$P$2:$P$266) -> 223.17276 | C4: =STDEV('The List'!$P$2:$P$266) -> 143.90321 | D4: =SUMPRODUCT('The List'!$AR$2:$AR$266,'The List'!$P$2:$P$266)/SUM('The List'!$AR$2:$AR$266) -> 280.0626 | E4: =SQRT(SUMPRODUCT('The List'!$AR$2:$AR$266,('The List'!$P$2:$P$266-D4)^2)/(SUM('The List'!$AR$2:$AR$266)-1)) -> 147.85621
A5: STL | B5: =AVERAGE('The List'!$Q$2:$Q$266) -> 64.052801 | C5: =STDEV('The List'!$Q$2:$Q$266) -> 25.634948 | D5: =SUMPRODUCT('The List'!$AR$2:$AR$266,'The List'!$Q$2:$Q$266)/SUM('The List'!$AR$2:$AR$266) -> 74.22232 | E5: =SQRT(SUMPRODUCT('The List'!$AR$2:$AR$266,('The List'!$Q$2:$Q$266-D5)^2)/(SUM('The List'!$AR$2:$AR$266)-1)) -> 22.650996
A6: BLK | B6: =AVERAGE('The List'!$R$2:$R$266) -> 41.69549 | C6: =STDEV('The List'!$R$2:$R$266) -> 31.296874 | D6: =SUMPRODUCT('The List'!$AR$2:$AR$266,'The List'!$R$2:$R$266)/SUM('The List'!$AR$2:$AR$266) -> 50.334105 | E6: =SQRT(SUMPRODUCT('The List'!$AR$2:$AR$266,('The List'!$R$2:$R$266-D6)^2)/(SUM('The List'!$AR$2:$AR$266)-1)) -> 34.553384
A7: 3PM | B7: =AVERAGE('The List'!$S$2:$S$266) -> 101.834 | C7: =STDEV('The List'!$S$2:$S$266) -> 68.824525 | D7: =SUMPRODUCT('The List'!$AR$2:$AR$266,'The List'!$S$2:$S$266)/SUM('The List'!$AR$2:$AR$266) -> 123.41253 | E7: =SQRT(SUMPRODUCT('The List'!$AR$2:$AR$266,('The List'!$S$2:$S$266-D7)^2)/(SUM('The List'!$AR$2:$AR$266)-1)) -> 71.000984
A8: FG% | B8: =AVERAGE('The List'!$AO$2:$AO$266) -> 3.196772e-13 | C8: =STDEV('The List'!$AO$2:$AO$266) -> 39.047019 | D8: =SUMPRODUCT('The List'!$AR$2:$AR$266,'The List'!$AS$2:$AS$266)/SUM('The List'!$AR$2:$AR$266) -> 1.5586393e-13 | E8: =SQRT(SUMPRODUCT('The List'!$AR$2:$AR$266,('The List'!$AS$2:$AS$266-D8)^2)/(SUM('The List'!$AR$2:$AR$266)-1)) -> 45.725609
A9: FT% | B9: =AVERAGE('The List'!$AP$2:$AP$266) -> -4.7937964e-14 | C9: =STDEV('The List'!$AP$2:$AP$266) -> 18.721707 | D9: =SUMPRODUCT('The List'!$AR$2:$AR$266,'The List'!$AT$2:$AT$266)/SUM('The List'!$AR$2:$AR$266) -> 1.8451337e-13 | E9: =SQRT(SUMPRODUCT('The List'!$AR$2:$AR$266,('The List'!$AT$2:$AT$266-D9)^2)/(SUM('The List'!$AR$2:$AR$266)-1)) -> 22.310588
A10: TO | B10: =AVERAGE('The List'!$T$2:$T$266) -> 115.84451 | C10: =STDEV('The List'!$T$2:$T$266) -> 60.185539 | D10: =SUMPRODUCT('The List'!$AR$2:$AR$266,'The List'!$T$2:$T$266)/SUM('The List'!$AR$2:$AR$266) -> 143.11815 | E10: =SQRT(SUMPRODUCT('The List'!$AR$2:$AR$266,('The List'!$T$2:$T$266-D10)^2)/(SUM('The List'!$AR$2:$AR$266)-1)) -> 58.180795
A11: Shooting average (makes ÷ attempts)
A12: FG% | B12: =SUM('The List'!$W$2:$W$266)/SUM('The List'!$X$2:$X$266) -> 0.48060677 | D12: =SUMPRODUCT('The List'!$AR$2:$AR$266,'The List'!$W$2:$W$266)/SUMPRODUCT('The List'!$AR$2:$AR$266,'The List'!$X$2:$X$266) -> 0.48407359
A13: FT% | B13: =SUM('The List'!$Y$2:$Y$266)/SUM('The List'!$Z$2:$Z$266) -> 0.79009966 | D13: =SUMPRODUCT('The List'!$AR$2:$AR$266,'The List'!$Y$2:$Y$266)/SUMPRODUCT('The List'!$AR$2:$AR$266,'The List'!$Z$2:$Z$266) -> 0.80013843

Sheet Schedule
A1: Date | B1: Team
A2: 46315 | B2: BOS
A3: 46315 | B3: DET
A4: 46315 | B4: NYK
A5: 46315 | B5: OKC
A6: 46315 | B6: PHI
A7: 46315 | B7: SAS
A8: 46316 | B8: ATL
A9: 46316 | B9: BKN
A10: 46316 | B10: CHA
A11: 46316 | B11: CHI
A12: 46316 | B12: DAL
A13: 46316 | B13: GSW
... A2401: 46488 | B2401: WAS
