Workbook

Sheet Settings
A1: Scoring System | B1: Points | C1: Categories | E1: Pos | F1: Players Selected Over Replacement | H1: Starting Lineup | I1: Position Based | J1: Draft Based | K1: Replacement Player FP | M1: Column | N1: Colour Legend
A2: Goals | B2: 6 | C2: 1 | E2: C | F2: {=ROUND(IF(E$21="Position",I2,IF(E$21="Draft",ROUND(J2*(H2/2)*($E$24/12),0),AVERAGE(I2,ROUND(J2*(H2/2)*($E$24/12),0)))),0)} -> 23 | H2: 2 | I2: {=H2*E$24} -> 24 | J2: 21 | K2: {=_xlfn.XLOOKUP(0,'C'!F3:F210,'C'!E3:E210)} -> 6.3600096 | M2: Team | N2: Weak Defensive SOS for Skaters, Offensive SOS for Goalies
A3: Assists | B3: 4 | C3: 1 | E3: LW | F3: {=ROUND(IF(E$21="Position",I3,IF(E$21="Draft",ROUND(J3*(H3/2)*($E$24/12),0),AVERAGE(I3,ROUND(J3*(H3/2)*($E$24/12),0)))),0)} -> 21 | H3: 2 | I3: {=H3*E$24} -> 24 | J3: 17 | K3: {=_xlfn.XLOOKUP(0,LW!F3:F210,LW!E3:E210)} -> 6.8943856 | M3: Team | N3: Strong Defensive SOS for Skaters, Offensive SOS for Goalies
A4: Points | E4: RW | F4: {=ROUND(IF(E$21="Position",I4,IF(E$21="Draft",ROUND(J4*(H4/2)*($E$24/12),0),AVERAGE(I4,ROUND(J4*(H4/2)*($E$24/12),0)))),0)} -> 22 | H4: 2 | I4: {=H4*E$24} -> 24 | J4: 20 | K4: {=_xlfn.XLOOKUP(0,RW!F3:F210,RW!E3:E210)} -> 6.8872346 | M4: Team | N4: Off-day heavy (Sun, Mon, Wed, Fri)
A5: Shots | B5: 0.9 | C5: 1 | E5: D | F5: {=ROUND(IF(E$21="Position",I5,IF(E$21="Draft",ROUND(J5*(H5/4)*($E$24/12),0),AVERAGE(I5,ROUND(J5*(H5/4)*($E$24/12),0)))),0)} -> 37 | H5: 4 | I5: {=H5*E$24} -> 48 | J5: 25 | K5: {=_xlfn.XLOOKUP(0,D!F3:F204,D!E3:E204)} -> 0.56685091 | M5: Team | N5: On-day heavy (Tue, Thu, Sat)
A6: Blocks | B6: 1 | E6: G | F6: {=ROUND(IF(E$21="Position",I6,IF(E$21="Draft",ROUND(J6*(H6/2)*($E$24/12),0),AVERAGE(I6,ROUND(J6*(H6/2)*($E$24/12),0)))),0)} -> 21 | H6: 2 | I6: {=H6*E$24} -> 24 | J6: 18 | K6: {=_xlfn.XLOOKUP(0,G!F3:F66,G!E3:E66)} -> 2.0381853
A7: Hits | C7: 1 | M7: Age | N7: Pre-Prime, chance to breakout
A8: Powerplay Goals | E8: Average Draft Position | H8: “Yahoo” or “Fantrax” or “Average” | M8: Age | N8: Post-Prime, chance to decline
A9: Powerplay Points | B9: 2 | C9: 1 | E9: YAHOO
A10: Shorthanded Goals | M10: Salary | N10: Contract Year
A11: Shorthanded Points | B11: 2 | E11: Games Played Projection | H11: “Yes” or “No”
A12: Time On Ice | E12: Yes | M12: ADP Diff | N12: Steal (>2 RD Difference)
A13: Defensemen Points | M13: ADP Diff | N13: Potential Steal (1-2 RD Difference)
A14: Plus-Minus | C14: 1 | E14: League Type | H14: “Points” or “Categories” | M14: ADP Diff | N14: Potential Reach (1-2 RD Difference)
A15: Penalty Minutes | E15: Categories | M15: ADP Diff | N15: Reach (>2 RD Difference)
A16: Game-Winning Goals
A17: Faceoff Wins | E17: Forward Separation | H17: “C/LW/RW” or “Forwards” | M17: TOI | N17: Role Increase (>1 min)
A18: Faceoff Losses | E18: C/LW/RW | M18: TOI | N18: Role Decrease (>1 min)
A19: Faceoff Percentage
E20: Replacement Level | H20: “Position” or “Draft” or “Blend” | M20: PPG | N20: PP1 (>60% of TOI)
A21: Wins | B21: 3 | C21: 1 | E21: Blend | M21: PPP | N21: PP1 (50-60% of TOI)
A22: Losses
A23: Overtime Losses | E23: Number of Teams
A24: Shutouts | B24: 1 | C24: 1 | E24: 12
A25: Saves | B25: 0.5
A26: Save Percentage | C26: 1 | E26: Boost or Bust | H26: How much a player’s projection moves up or down based on subjective opinion
A27: Goals Against | B27: -3 | E27: ON
A28: Goals Against Average | C28: 1 | E28: + + + | F28: 0.2 | H28: “ON” or “OFF” to toggle subjective boosts/busts from Shayna and Dom
A29: Games Played | E29: + + | F29: 0.1
E30: + | F30: 0.05 | H30: Skater Stats Affected: G, A, PTS, SOG, PPG, PPP, +/-, GWG Goalie Stats Affected: W, L, SV, GA, SV%, GAA
E31: - | F31: -0.05
E32: - - | F32: -0.1
E33: - - - | F33: -0.2

Sheet The List
A1: RK | B1: NAME | C1: KEEP? | D1: POS | F1: TEAM | G1: AGE | H1: SALARY | I1: FP | J1: /GP | K1: VORP | L1: /$ | M1: ADP | N1: DIFF. | P1: ADJ | Q1: GP | R1: TOI | S1: G | T1: A | U1: PTS | V1: SOG | W1: PPG | X1: PPP | Y1: SHG | Z1: SHP | AA1: BLK | AB1: HIT | AC1: +/- | AD1: PIM | AE1: GWG | AF1: FOW | AG1: FOL | AH1: FO% | AJ1: GP | AK1: W | AL1: L | AM1: OTL | AN1: SO | AO1: SV | AP1: GA | AQ1: SV% | AR1: GAA
A2: =RANK(K2,K$2:K$671) -> 3 | B2: Cale Makar | C2: N | D2: {=VLOOKUP(B2,'Player Data'!A1:D673,4,FALSE)} -> D | E2: {=VLOOKUP(B2,D!A1:C204,3,FALSE)} -> 1 | F2: {=VLOOKUP(B2,'Player Data'!A1:B673,2,FALSE)} -> COL | G2: {=VLOOKUP(B2,'Player Data'!A1:D673,3,FALSE)} -> 27 | H2: {=IFERROR(VLOOKUP(B2,ADP!A1:F671,6,FALSE)/1000000,VLOOKUP(B2,ADP!A1:F671,6,FALSE))} -> 9 | I2: =IF(Settings!$E$15="POINTS",((R2*Q2)*Settings!$B$12)+(S2*Settings!$B$2)+(T2*Settings!$B$3)+(U2*Settings!$B$4)+(V2*Settings!$B$5)+(X2*Settings!$B$9)+(AA2*Settings!$B$6)+(W2*Settings!$B$8)+(AB2*Settings!$B$7)+(AC2*Settings!$B$14)+(AD2*Settings!$B$15)+(AE2*Settings!$B$16)+(AF2*Settings!$B$17)+(AG2*Settings!$B$18)+(U2*Settings!$B$13)+(Y2*Settings!$B$10)+(Z2*Settings!$B$11),VLOOKUP(B2,'Standard Deviations'!A$1:C$672,3,FALSE)) -> 9.279134 | J2: {=IF(D2="G",I2/AJ2,I2/Q2)} -> 0.11316017 | K2: {=VLOOKUP(B2,D!A1:F204,6,FALSE)} -> 8.7122831 | L2: {=IFERROR(K2/H2,"N/A")} -> 0.96803145 | M2: 7.3 | N2: {=IFERROR(M2-A2,"N/A")} -> 4.3 | P2: {=_xlfn.XLOOKUP($B2,ADP!A2:A671,ADP!G2:G671)} -> 0 | Q2: {=IF(Settings!$E$12="YES",VLOOKUP(B2,'Player Data'!A1:E673,5,FALSE),84)} -> 82 | R2: {=VLOOKUP(B2,'Player Data'!$A1:$AE673,6,FALSE)} -> 25.3 | S2: {=VLOOKUP(B2,'Player Data'!$A1:$AE673,7,FALSE)*$Q2*IFERROR((VLOOKUP(P2,Settings!$E$28:$F$33,2,FALSE)+1),1)} -> 22.14 | T2: {=VLOOKUP(B2,'Player Data'!$A1:$AE673,8,FALSE)*$Q2*IFERROR((VLOOKUP(P2,Settings!$E$28:$F$33,2,FALSE)+1),1)} -> 63.96 | U2: {=SUM(S2:T2)} -> 86.1 | V2: {=VLOOKUP(B2,'Player Data'!$A1:$AE673,10,FALSE)*$Q2*IFERROR(((VLOOKUP(P2,Settings!$E$28:$F$33,2,FALSE)/2)+1),1)} -> 225.5 | W2: {=VLOOKUP(B2,'Player Data'!$A1:$AE673,11,FALSE)*$Q2*IFERROR((VLOOKUP(P2,Settings!$E$28:$F$33,2,FALSE)+1),1)} -> 6.56 | X2: {=VLOOKUP(B2,'Player Data'!$A1:$AE673,12,FALSE)*$Q2*IFERROR((VLOOKUP(P2,Settings!$E$28:$F$33,2,FALSE)+1),1)} -> 33.62 | Y2: {=VLOOKUP(B2,'Player Data'!$A1:$AE673,13,FALSE)*$Q2} -> 0.82 | Z2: {=VLOOKUP(B2,'Player Data'!$A1:$AE673,14,FALSE)*$Q2} -> 1.64 | AA2: {=VLOOKUP(B2,'Player Data'!$A1:$AE673,15,FALSE)*$Q2} -> 132.84 | AB2: {=VLOOKUP(B2,'Player Data'!$A1:$AE673,16,FALSE)*$Q2} -> 51.66 | AC2: {=VLOOKUP(B2,'Player Data'!$A1:$AE673,17,FALSE)*$Q2*IFERROR((VLOOKUP(P2,Settings!$E$28:$F$33,2,FALSE)+1),1)} -> 9.84 | AD2: {=VLOOKUP(B2,'Player Data'!$A1:$AE673,18,FALSE)*$Q2} -> 24.6 | AE2: {=VLOOKUP(B2,'Player Data'!$A1:$AE673,19,FALSE)*$Q2*IFERROR((VLOOKUP(P2,Settings!$E$28:$F$33,2,FALSE)+1),1)} -> 4.1 | AF2: {=VLOOKUP(B2,'Player Data'!$A1:$AE673,20,FALSE)*$Q2} -> 0 | AG2: {=VLOOKUP(B2,'Player Data'!$A1:$AE673,21,FALSE)*$Q2} -> 0 | AH2: {=VLOOKUP(B2,'Player Data'!$A1:$AE673,22,FALSE)} -> 0
A3: =RANK(K3,K$2:K$671) -> 1 | B3: Nathan MacKinnon | C3: N | D3: {=VLOOKUP(B3,'Player Data'!A1:D673,4,FALSE)} -> C | E3: {=VLOOKUP(B3,'C'!A1:C210,3,FALSE)} -> 1 | F3: {=VLOOKUP(B3,'Player Data'!A1:B673,2,FALSE)} -> COL | G3: {=VLOOKUP(B3,'Player Data'!A1:D673,3,FALSE)} -> 31 | H3: {=IFERROR(VLOOKUP(B3,ADP!A1:F671,6,FALSE)/1000000,VLOOKUP(B3,ADP!A1:F671,6,FALSE))} -> 12.6 | I3: =IF(Settings!$E$15="POINTS",((R3*Q3)*Settings!$B$12)+(S3*Settings!$B$2)+(T3*Settings!$B$3)+(U3*Settings!$B$4)+(V3*Settings!$B$5)+(X3*Settings!$B$9)+(AA3*Settings!$B$6)+(W3*Settings!$B$8)+(AB3*Settings!$B$7)+(AC3*Settings!$B$14)+(AD3*Settings!$B$15)+(AE3*Settings!$B$16)+(AF3*Settings!$B$17)+(AG3*Settings!$B$18)+(Y3*Settings!$B$10)+(Z3*Settings!$B$11),VLOOKUP(B3,'Standard Deviations'!A$1:C$672,3,FALSE)) -> 15.810473 | J3: {=IF(D3="G",I3/AJ3,I3/Q3)} -> 0.19048763 | K3: {=IF(Settings!$E$18="C/LW/RW",VLOOKUP(B3,'C'!A1:F210,6,FALSE),VLOOKUP(B3,F!A1:F407,6,FALSE))} -> 9.4504636 | L3: {=IFERROR(K3/H3,"N/A")} -> 0.75003679 | M3: 2.4 | N3: {=IFERROR(M3-A3,"N/A")} -> 1.4 | P3: {=_xlfn.XLOOKUP($B3,ADP!A2:A671,ADP!G2:G671)} -> 0 | Q3: {=IF(Settings!$E$12="YES",VLOOKUP(B3,'Player Data'!A1:E673,5,FALSE),84)} -> 83 | R3: {=VLOOKUP(B3,'Player Data'!$A1:$AE673,6,FALSE)} -> 22 | S3: {=VLOOKUP(B3,'Player Data'!$A1:$AE673,7,FALSE)*$Q3*IFERROR((VLOOKUP(P3,Settings!$E$28:$F$33,2,FALSE)+1),1)} -> 45.65 | T3: {=VLOOKUP(B3,'Player Data'!$A1:$AE673,8,FALSE)*$Q3*IFERROR((VLOOKUP(P3,Settings!$E$28:$F$33,2,FALSE)+1),1)} -> 77.19 | U3: {=SUM(S3:T3)} -> 122.84 | V3: {=VLOOKUP(B3,'Player Data'!$A1:$AE673,10,FALSE)*$Q3*IFERROR(((VLOOKUP(P3,Settings!$E$28:$F$33,2,FALSE)/2)+1),1)} -> 350.26 | W3: {=VLOOKUP(B3,'Player Data'!$A1:$AE673,11,FALSE)*$Q3*IFERROR((VLOOKUP(P3,Settings!$E$28:$F$33,2,FALSE)+1),1)} -> 9.96 | X3: {=VLOOKUP(B3,'Player Data'!$A1:$AE673,12,FALSE)*$Q3*IFERROR((VLOOKUP(P3,Settings!$E$28:$F$33,2,FALSE)+1),1)} -> 34.03 | Y3: {=VLOOKUP(B3,'Player Data'!$A1:$AE673,13,FALSE)*$Q3} -> 0 | Z3: {=VLOOKUP(B3,'Player Data'!$A1:$AE673,14,FALSE)*$Q3} -> 0 | AA3: {=VLOOKUP(B3,'Player Data'!$A1:$AE673,15,FALSE)*$Q3} -> 44.82 | AB3: {=VLOOKUP(B3,'Player Data'!$A1:$AE673,16,FALSE)*$Q3} -> 58.1 | AC3: {=VLOOKUP(B3,'Player Data'!$A1:$AE673,17,FALSE)*$Q3*IFERROR((VLOOKUP(P3,Settings!$E$28:$F$33,2,FALSE)+1),1)} -> 14.11 | AD3: {=VLOOKUP(B3,'Player Data'!$A1:$AE673,18,FALSE)*$Q3} -> 34.03 | AE3: {=VLOOKUP(B3,'Player Data'!$A1:$AE673,19,FALSE)*$Q3*IFERROR((VLOOKUP(P3,Settings!$E$28:$F$33,2,FALSE)+1),1)} -> 8.3 | AF3: {=VLOOKUP(B3,'Player Data'!$A1:$AE673,20,FALSE)*$Q3} -> 681.43 | AG3: {=VLOOKUP(B3,'Player Data'!$A1:$AE673,21,FALSE)*$Q3} -> 697.2 | AH3: {=VLOOKUP(B3,'Player Data'!$A1:$AE673,22,FALSE)} -> 0.49
A4: =RANK(K4,K$2:K$671) -> 2 | B4: Connor McDavid | C4: N | D4: {=VLOOKUP(B4,'Player Data'!A1:D673,4,FALSE)} -> C | E4: {=VLOOKUP(B4,'C'!A1:C210,3,FALSE)} -> 2 | F4: {=VLOOKUP(B4,'Player Data'!A1:B673,2,FALSE)} -> EDM | G4: {=VLOOKUP(B4,'Player Data'!A1:D673,3,FALSE)} -> 29 | H4: {=IFERROR(VLOOKUP(B4,ADP!A1:F671,6,FALSE)/1000000,VLOOKUP(B4,ADP!A1:F671,6,FALSE))} -> 12.5 | I4: =IF(Settings!$E$15="POINTS",((R4*Q4)*Settings!$B$12)+(S4*Settings!$B$2)+(T4*Settings!$B$3)+(U4*Settings!$B$4)+(V4*Settings!$B$5)+(X4*Settings!$B$9)+(AA4*Settings!$B$6)+(W4*Settings!$B$8)+(AB4*Settings!$B$7)+(AC4*Settings!$B$14)+(AD4*Settings!$B$15)+(AE4*Settings!$B$16)+(AF4*Settings!$B$17)+(AG4*Settings!$B$18)+(Y4*Settings!$B$10)+(Z4*Settings!$B$11),VLOOKUP(B4,'Standard Deviations'!A$1:C$672,3,FALSE)) -> 15.623747 | J4: {=IF(D4="G",I4/AJ4,I4/Q4)} -> 0.19288576 | K4: {=IF(Settings!$E$18="C/LW/RW",VLOOKUP(B4,'C'!A1:F210,6,FALSE),VLOOKUP(B4,F!A1:F407,6,FALSE))} -> 9.2637369 | L4: {=IFERROR(K4/H4,"N/A")} -> 0.74109896 | M4: 1.5 | N4: {=IFERROR(M4-A4,"N/A")} -> -0.5 | P4: {=_xlfn.XLOOKUP($B4,ADP!A2:A671,ADP!G2:G671)} -> 0 | Q4: {=IF(Settings!$E$12="YES",VLOOKUP(B4,'Player Data'!A1:E673,5,FALSE),84)} -> 81 | R4: {=VLOOKUP(B4,'Player Data'!$A1:$AE673,6,FALSE)} -> 22 | S4: {=VLOOKUP(B4,'Player Data'!$A1:$AE673,7,FALSE)*$Q4*IFERROR((VLOOKUP(P4,Settings!$E$28:$F$33,2,FALSE)+1),1)} -> 39.69 | T4: {=VLOOKUP(B4,'Player Data'!$A1:$AE673,8,FALSE)*$Q4*IFERROR((VLOOKUP(P4,Settings!$E$28:$F$33,2,FALSE)+1),1)} -> 90.72 | U4: {=SUM(S4:T4)} -> 130.41 | V4: {=VLOOKUP(B4,'Player Data'!$A1:$AE673,10,FALSE)*$Q4*IFERROR(((VLOOKUP(P4,Settings!$E$28:$F$33,2,FALSE)/2)+1),1)} -> 281.88 | W4: {=VLOOKUP(B4,'Player Data'!$A1:$AE673,11,FALSE)*$Q4*IFERROR((VLOOKUP(P4,Settings!$E$28:$F$33,2,FALSE)+1),1)} -> 12.15 | X4: {=VLOOKUP(B4,'Player Data'!$A1:$AE673,12,FALSE)*$Q4*IFERROR((VLOOKUP(P4,Settings!$E$28:$F$33,2,FALSE)+1),1)} -> 50.22 | Y4: {=VLOOKUP(B4,'Player Data'!$A1:$AE673,13,FALSE)*$Q4} -> 0 | Z4: {=VLOOKUP(B4,'Player Data'!$A1:$AE673,14,FALSE)*$Q4} -> 0 | AA4: {=VLOOKUP(B4,'Player Data'!$A1:$AE673,15,FALSE)*$Q4} -> 29.16 | AB4: {=VLOOKUP(B4,'Player Data'!$A1:$AE673,16,FALSE)*$Q4} -> 47.79 | AC4: {=VLOOKUP(B4,'Player Data'!$A1:$AE673,17,FALSE)*$Q4*IFERROR((VLOOKUP(P4,Settings!$E$28:$F$33,2,FALSE)+1),1)} -> 10.53 | AD4: {=VLOOKUP(B4,'Player Data'!$A1:$AE673,18,FALSE)*$Q4} -> 38.07 | AE4: {=VLOOKUP(B4,'Player Data'!$A1:$AE673,19,FALSE)*$Q4*IFERROR((VLOOKUP(P4,Settings!$E$28:$F$33,2,FALSE)+1),1)} -> 6.48 | AF4: {=VLOOKUP(B4,'Player Data'!$A1:$AE673,20,FALSE)*$Q4} -> 437.4 | AG4: {=VLOOKUP(B4,'Player Data'!$A1:$AE673,21,FALSE)*$Q4} -> 450.36 | AH4: {=VLOOKUP(B4,'Player Data'!$A1:$AE673,22,FALSE)} -> 0.49
A5: =RANK(K5,K$2:K$671) -> 4 | B5: Evan Bouchard | C5: N | D5: {=VLOOKUP(B5,'Player Data'!A1:D673,4,FALSE)} -> D | E5: {=VLOOKUP(B5,D!A1:C204,3,FALSE)} -> 2 | F5: {=VLOOKUP(B5,'Player Data'!A1:B673,2,FALSE)} -> EDM | G5: {=VLOOKUP(B5,'Player Data'!A1:D673,3,FALSE)} -> 26 | H5: {=IFERROR(VLOOKUP(B5,ADP!A1:F671,6,FALSE)/1000000,VLOOKUP(B5,ADP!A1:F671,6,FALSE))} -> 10.5 | I5: =IF(Settings!$E$15="POINTS",((R5*Q5)*Settings!$B$12)+(S5*Settings!$B$2)+(T5*Settings!$B$3)+(U5*Settings!$B$4)+(V5*Settings!$B$5)+(X5*Settings!$B$9)+(AA5*Settings!$B$6)+(W5*Settings!$B$8)+(AB5*Settings!$B$7)+(AC5*Settings!$B$14)+(AD5*Settings!$B$15)+(AE5*Settings!$B$16)+(AF5*Settings!$B$17)+(AG5*Settings!$B$18)+(U5*Settings!$B$13)+(Y5*Settings!$B$10)+(Z5*Settings!$B$11),VLOOKUP(B5,'Standard Deviations'!A$1:C$672,3,FALSE)) -> 8.8388075 | J5: {=IF(D5="G",I5/AJ5,I5/Q5)} -> 0.1052239 | K5: {=VLOOKUP(B5,D!A1:F204,6,FALSE)} -> 8.2719566 | L5: {=IFERROR(K5/H5,"N/A")} -> 0.78780539 | M5: 18.9 | N5: {=IFERROR(M5-A5,"N/A")} -> 14.9 | P5: {=_xlfn.XLOOKUP($B5,ADP!A2:A671,ADP!G2:G671)} -> 0 | Q5: {=IF(Settings!$E$12="YES",VLOOKUP(B5,'Player Data'!A1:E673,5,FALSE),84)} -> 84 | R5: {=VLOOKUP(B5,'Player Data'!$A1:$AE673,6,FALSE)} -> 24.9 | S5: {=VLOOKUP(B5,'Player Data'!$A1:$AE673,7,FALSE)*$Q5*IFERROR((VLOOKUP(P5,Settings!$E$28:$F$33,2,FALSE)+1),1)} -> 17.64 | T5: {=VLOOKUP(B5,'Player Data'!$A1:$AE673,8,FALSE)*$Q5*IFERROR((VLOOKUP(P5,Settings!$E$28:$F$33,2,FALSE)+1),1)} -> 66.36 | U5: {=SUM(S5:T5)} -> 84 | V5: {=VLOOKUP(B5,'Player Data'!$A1:$AE673,10,FALSE)*$Q5*IFERROR(((VLOOKUP(P5,Settings!$E$28:$F$33,2,FALSE)/2)+1),1)} -> 228.48 | W5: {=VLOOKUP(B5,'Player Data'!$A1:$AE673,11,FALSE)*$Q5*IFERROR((VLOOKUP(P5,Settings!$E$28:$F$33,2,FALSE)+1),1)} -> 5.88 | X5: {=VLOOKUP(B5,'Player Data'!$A1:$AE673,12,FALSE)*$Q5*IFERROR((VLOOKUP(P5,Settings!$E$28:$F$33,2,FALSE)+1),1)} -> 34.44 | Y5: {=VLOOKUP(B5,'Player Data'!$A1:$AE673,13,FALSE)*$Q5} -> 0 | Z5: {=VLOOKUP(B5,'Player Data'!$A1:$AE673,14,FALSE)*$Q5} -> 1.68 | AA5: {=VLOOKUP(B5,'Player Data'!$A1:$AE673,15,FALSE)*$Q5} -> 115.08 | AB5: {=VLOOKUP(B5,'Player Data'!$A1:$AE673,16,FALSE)*$Q5} -> 43.68 | AC5: {=VLOOKUP(B5,'Player Data'!$A1:$AE673,17,FALSE)*$Q5*IFERROR((VLOOKUP(P5,Settings!$E$28:$F$33,2,FALSE)+1),1)} -> 9.24 | AD5: {=VLOOKUP(B5,'Player Data'!$A1:$AE673,18,FALSE)*$Q5} -> 36.12 | AE5: {=VLOOKUP(B5,'Player Data'!$A1:$AE673,19,FALSE)*$Q5*IFERROR((VLOOKUP(P5,Settings!$E$28:$F$33,2,FALSE)+1),1)} -> 3.36 | AF5: {=VLOOKUP(B5,'Player Data'!$A1:$AE673,20,FALSE)*$Q5} -> 0 | AG5: {=VLOOKUP(B5,'Player Data'!$A1:$AE673,21,FALSE)*$Q5} -> 0 | AH5: {=VLOOKUP(B5,'Player Data'!$A1:$AE673,22,FALSE)} -> 0
A6: =RANK(K6,K$2:K$671) -> 5 | B6: Quinn Hughes | C6: N | D6: {=VLOOKUP(B6,'Player Data'!A1:D673,4,FALSE)} -> D | E6: {=VLOOKUP(B6,D!A1:C204,3,FALSE)} -> 3 | F6: {=VLOOKUP(B6,'Player Data'!A1:B673,2,FALSE)} -> MIN | G6: {=VLOOKUP(B6,'Player Data'!A1:D673,3,FALSE)} -> 26 | H6: {=IFERROR(VLOOKUP(B6,ADP!A1:F671,6,FALSE)/1000000,VLOOKUP(B6,ADP!A1:F671,6,FALSE))} -> 7.85 | I6: =IF(Settings!$E$15="POINTS",((R6*Q6)*Settings!$B$12)+(S6*Settings!$B$2)+(T6*Settings!$B$3)+(U6*Settings!$B$4)+(V6*Settings!$B$5)+(X6*Settings!$B$9)+(AA6*Settings!$B$6)+(W6*Settings!$B$8)+(AB6*Settings!$B$7)+(AC6*Settings!$B$14)+(AD6*Settings!$B$15)+(AE6*Settings!$B$16)+(AF6*Settings!$B$17)+(AG6*Settings!$B$18)+(U6*Settings!$B$13)+(Y6*Settings!$B$10)+(Z6*Settings!$B$11),VLOOKUP(B6,'Standard Deviations'!A$1:C$672,3,FALSE)) -> 8.368205 | J6: {=IF(D6="G",I6/AJ6,I6/Q6)} -> 0.10331117 | K6: {=VLOOKUP(B6,D!A1:F204,6,FALSE)} -> 7.8013541 | L6: {=IFERROR(K6/H6,"N/A")} -> 0.99380307 | M6: 14.1 | N6: {=IFERROR(M6-A6,"N/A")} -> 9.1 | P6: {=_xlfn.XLOOKUP($B6,ADP!A2:A671,ADP!G2:G671)} -> 0 | Q6: {=IF(Settings!$E$12="YES",VLOOKUP(B6,'Player Data'!A1:E673,5,FALSE),84)} -> 81 | R6: {=VLOOKUP(B6,'Player Data'!$A1:$AE673,6,FALSE)} -> 27.7 | S6: {=VLOOKUP(B6,'Player Data'!$A1:$AE673,7,FALSE)*$Q6*IFERROR((VLOOKUP(P6,Settings!$E$28:$F$33,2,FALSE)+1),1)} -> 15.39 | T6: {=VLOOKUP(B6,'Player Data'!$A1:$AE673,8,FALSE)*$Q6*IFERROR((VLOOKUP(P6,Settings!$E$28:$F$33,2,FALSE)+1),1)} -> 76.95 | U6: {=SUM(S6:T6)} -> 92.34 | V6: {=VLOOKUP(B6,'Player Data'!$A1:$AE673,10,FALSE)*$Q6*IFERROR(((VLOOKUP(P6,Settings!$E$28:$F$33,2,FALSE)/2)+1),1)} -> 216.27 | W6: {=VLOOKUP(B6,'Player Data'!$A1:$AE673,11,FALSE)*$Q6*IFERROR((VLOOKUP(P6,Settings!$E$28:$F$33,2,FALSE)+1),1)} -> 4.05 | X6: {=VLOOKUP(B6,'Player Data'!$A1:$AE673,12,FALSE)*$Q6*IFERROR((VLOOKUP(P6,Settings!$E$28:$F$33,2,FALSE)+1),1)} -> 37.26 | Y6: {=VLOOKUP(B6,'Player Data'!$A1:$AE673,13,FALSE)*$Q6} -> 0 | Z6: {=VLOOKUP(B6,'Player Data'!$A1:$AE673,14,FALSE)*$Q6} -> 0 | AA6: {=VLOOKUP(B6,'Player Data'!$A1:$AE673,15,FALSE)*$Q6} -> 98.01 | AB6: {=VLOOKUP(B6,'Player Data'!$A1:$AE673,16,FALSE)*$Q6} -> 21.06 | AC6: {=VLOOKUP(B6,'Player Data'!$A1:$AE673,17,FALSE)*$Q6*IFERROR((VLOOKUP(P6,Settings!$E$28:$F$33,2,FALSE)+1),1)} -> 6.48 | AD6: {=VLOOKUP(B6,'Player Data'!$A1:$AE673,18,FALSE)*$Q6} -> 37.26 | AE6: {=VLOOKUP(B6,'Player Data'!$A1:$AE673,19,FALSE)*$Q6*IFERROR((VLOOKUP(P6,Settings!$E$28:$F$33,2,FALSE)+1),1)} -> 2.43 | AF6: {=VLOOKUP(B6,'Player Data'!$A1:$AE673,20,FALSE)*$Q6} -> 0 | AG6: {=VLOOKUP(B6,'Player Data'!$A1:$AE673,21,FALSE)*$Q6} -> 0 | AH6: {=VLOOKUP(B6,'Player Data'!$A1:$AE673,22,FALSE)} -> 0
A7: =RANK(K7,K$2:K$671) -> 7 | B7: Zach Werenski | C7: N | D7: {=VLOOKUP(B7,'Player Data'!A1:D673,4,FALSE)} -> D | E7: {=VLOOKUP(B7,D!A1:C204,3,FALSE)} -> 4 | F7: {=VLOOKUP(B7,'Player Data'!A1:B673,2,FALSE)} -> CBJ | G7: {=VLOOKUP(B7,'Player Data'!A1:D673,3,FALSE)} -> 29 | H7: {=IFERROR(VLOOKUP(B7,ADP!A1:F671,6,FALSE)/1000000,VLOOKUP(B7,ADP!A1:F671,6,FALSE))} -> 9.583 | I7: =IF(Settings!$E$15="POINTS",((R7*Q7)*Settings!$B$12)+(S7*Settings!$B$2)+(T7*Settings!$B$3)+(U7*Settings!$B$4)+(V7*Settings!$B$5)+(X7*Settings!$B$9)+(AA7*Settings!$B$6)+(W7*Settings!$B$8)+(AB7*Settings!$B$7)+(AC7*Settings!$B$14)+(AD7*Settings!$B$15)+(AE7*Settings!$B$16)+(AF7*Settings!$B$17)+(AG7*Settings!$B$18)+(U7*Settings!$B$13)+(Y7*Settings!$B$10)+(Z7*Settings!$B$11),VLOOKUP(B7,'Standard Deviations'!A$1:C$672,3,FALSE)) -> 7.5895483 | J7: {=IF(D7="G",I7/AJ7,I7/Q7)} -> 0.093698127 | K7: {=VLOOKUP(B7,D!A1:F204,6,FALSE)} -> 7.0226974 | L7: {=IFERROR(K7/H7,"N/A")} -> 0.73282869 | M7: 17.1 | N7: {=IFERROR(M7-A7,"N/A")} -> 10.1 | P7: {=_xlfn.XLOOKUP($B7,ADP!A2:A671,ADP!G2:G671)} -> 0 | Q7: {=IF(Settings!$E$12="YES",VLOOKUP(B7,'Player Data'!A1:E673,5,FALSE),84)} -> 81 | R7: {=VLOOKUP(B7,'Player Data'!$A1:$AE673,6,FALSE)} -> 27.1 | S7: {=VLOOKUP(B7,'Player Data'!$A1:$AE673,7,FALSE)*$Q7*IFERROR((VLOOKUP(P7,Settings!$E$28:$F$33,2,FALSE)+1),1)} -> 20.25 | T7: {=VLOOKUP(B7,'Player Data'!$A1:$AE673,8,FALSE)*$Q7*IFERROR((VLOOKUP(P7,Settings!$E$28:$F$33,2,FALSE)+1),1)} -> 61.56 | U7: {=SUM(S7:T7)} -> 81.81 | V7: {=VLOOKUP(B7,'Player Data'!$A1:$AE673,10,FALSE)*$Q7*IFERROR(((VLOOKUP(P7,Settings!$E$28:$F$33,2,FALSE)/2)+1),1)} -> 279.45 | W7: {=VLOOKUP(B7,'Player Data'!$A1:$AE673,11,FALSE)*$Q7*IFERROR((VLOOKUP(P7,Settings!$E$28:$F$33,2,FALSE)+1),1)} -> 4.86 | X7: {=VLOOKUP(B7,'Player Data'!$A1:$AE673,12,FALSE)*$Q7*IFERROR((VLOOKUP(P7,Settings!$E$28:$F$33,2,FALSE)+1),1)} -> 25.11 | Y7: {=VLOOKUP(B7,'Player Data'!$A1:$AE673,13,FALSE)*$Q7} -> 0 | Z7: {=VLOOKUP(B7,'Player Data'!$A1:$AE673,14,FALSE)*$Q7} -> 1.62 | AA7: {=VLOOKUP(B7,'Player Data'!$A1:$AE673,15,FALSE)*$Q7} -> 117.45 | AB7: {=VLOOKUP(B7,'Player Data'!$A1:$AE673,16,FALSE)*$Q7} -> 35.64 | AC7: {=VLOOKUP(B7,'Player Data'!$A1:$AE673,17,FALSE)*$Q7*IFERROR((VLOOKUP(P7,Settings!$E$28:$F$33,2,FALSE)+1),1)} -> 4.86 | AD7: {=VLOOKUP(B7,'Player Data'!$A1:$AE673,18,FALSE)*$Q7} -> 29.16 | AE7: {=VLOOKUP(B7,'Player Data'!$A1:$AE673,19,FALSE)*$Q7*IFERROR((VLOOKUP(P7,Settings!$E$28:$F$33,2,FALSE)+1),1)} -> 3.24 | AF7: {=VLOOKUP(B7,'Player Data'!$A1:$AE673,20,FALSE)*$Q7} -> 0 | AG7: {=VLOOKUP(B7,'Player Data'!$A1:$AE673,21,FALSE)*$Q7} -> 0 | AH7: {=VLOOKUP(B7,'Player Data'!$A1:$AE673,22,FALSE)} -> 0
A8: =RANK(K8,K$2:K$671) -> 8 | B8: Rasmus Dahlin | C8: N | D8: {=VLOOKUP(B8,'Player Data'!A1:D673,4,FALSE)} -> D | E8: {=VLOOKUP(B8,D!A1:C204,3,FALSE)} -> 5 | F8: {=VLOOKUP(B8,'Player Data'!A1:B673,2,FALSE)} -> BUF | G8: {=VLOOKUP(B8,'Player Data'!A1:D673,3,FALSE)} -> 26 | H8: {=IFERROR(VLOOKUP(B8,ADP!A1:F671,6,FALSE)/1000000,VLOOKUP(B8,ADP!A1:F671,6,FALSE))} -> 11 | I8: =IF(Settings!$E$15="POINTS",((R8*Q8)*Settings!$B$12)+(S8*Settings!$B$2)+(T8*Settings!$B$3)+(U8*Settings!$B$4)+(V8*Settings!$B$5)+(X8*Settings!$B$9)+(AA8*Settings!$B$6)+(W8*Settings!$B$8)+(AB8*Settings!$B$7)+(AC8*Settings!$B$14)+(AD8*Settings!$B$15)+(AE8*Settings!$B$16)+(AF8*Settings!$B$17)+(AG8*Settings!$B$18)+(U8*Settings!$B$13)+(Y8*Settings!$B$10)+(Z8*Settings!$B$11),VLOOKUP(B8,'Standard Deviations'!A$1:C$672,3,FALSE)) -> 7.355086 | J8: {=IF(D8="G",I8/AJ8,I8/Q8)} -> 0.090803531 | K8: {=VLOOKUP(B8,D!A1:F204,6,FALSE)} -> 6.7882351 | L8: {=IFERROR(K8/H8,"N/A")} -> 0.61711228 | M8: 35.8 | N8: {=IFERROR(M8-A8,"N/A")} -> 27.8 | P8: {=_xlfn.XLOOKUP($B8,ADP!A2:A671,ADP!G2:G671)} -> + + | Q8: {=IF(Settings!$E$12="YES",VLOOKUP(B8,'Player Data'!A1:E673,5,FALSE),84)} -> 81 | R8: {=VLOOKUP(B8,'Player Data'!$A1:$AE673,6,FALSE)} -> 24.2 | S8: {=VLOOKUP(B8,'Player Data'!$A1:$AE673,7,FALSE)*$Q8*IFERROR((VLOOKUP(P8,Settings!$E$28:$F$33,2,FALSE)+1),1)} -> 21.384 | T8: {=VLOOKUP(B8,'Player Data'!$A1:$AE673,8,FALSE)*$Q8*IFERROR((VLOOKUP(P8,Settings!$E$28:$F$33,2,FALSE)+1),1)} -> 56.133 | U8: {=SUM(S8:T8)} -> 77.517 | V8: {=VLOOKUP(B8,'Player Data'!$A1:$AE673,10,FALSE)*$Q8*IFERROR(((VLOOKUP(P8,Settings!$E$28:$F$33,2,FALSE)/2)+1),1)} -> 218.5785 | W8: {=VLOOKUP(B8,'Player Data'!$A1:$AE673,11,FALSE)*$Q8*IFERROR((VLOOKUP(P8,Settings!$E$28:$F$33,2,FALSE)+1),1)} -> 7.128 | X8: {=VLOOKUP(B8,'Player Data'!$A1:$AE673,12,FALSE)*$Q8*IFERROR((VLOOKUP(P8,Settings!$E$28:$F$33,2,FALSE)+1),1)} -> 24.948 | Y8: {=VLOOKUP(B8,'Player Data'!$A1:$AE673,13,FALSE)*$Q8} -> 0 | Z8: {=VLOOKUP(B8,'Player Data'!$A1:$AE673,14,FALSE)*$Q8} -> 0 | AA8: {=VLOOKUP(B8,'Player Data'!$A1:$AE673,15,FALSE)*$Q8} -> 100.44 | AB8: {=VLOOKUP(B8,'Player Data'!$A1:$AE673,16,FALSE)*$Q8} -> 84.24 | AC8: {=VLOOKUP(B8,'Player Data'!$A1:$AE673,17,FALSE)*$Q8*IFERROR((VLOOKUP(P8,Settings!$E$28:$F$33,2,FALSE)+1),1)} -> 5.346 | AD8: {=VLOOKUP(B8,'Player Data'!$A1:$AE673,18,FALSE)*$Q8} -> 60.75 | AE8: {=VLOOKUP(B8,'Player Data'!$A1:$AE673,19,FALSE)*$Q8*IFERROR((VLOOKUP(P8,Settings!$E$28:$F$33,2,FALSE)+1),1)} -> 3.564 | AF8: {=VLOOKUP(B8,'Player Data'!$A1:$AE673,20,FALSE)*$Q8} -> 0 | AG8: {=VLOOKUP(B8,'Player Data'!$A1:$AE673,21,FALSE)*$Q8} -> 0 | AH8: {=VLOOKUP(B8,'Player Data'!$A1:$AE673,22,FALSE)} -> 0
A9: =RANK(K9,K$2:K$671) -> 6 | B9: Nikita Kucherov | C9: N | D9: {=VLOOKUP(B9,'Player Data'!A1:D673,4,FALSE)} -> RW | E9: {=VLOOKUP(B9,RW!A1:F210,3,FALSE)} -> 1 | F9: {=VLOOKUP(B9,'Player Data'!A1:B673,2,FALSE)} -> T.B | G9: {=VLOOKUP(B9,'Player Data'!A1:D673,3,FALSE)} -> 33 | H9: {=IFERROR(VLOOKUP(B9,ADP!A1:F671,6,FALSE)/1000000,VLOOKUP(B9,ADP!A1:F671,6,FALSE))} -> 9.5 | I9: =IF(Settings!$E$15="POINTS",((R9*Q9)*Settings!$B$12)+(S9*Settings!$B$2)+(T9*Settings!$B$3)+(U9*Settings!$B$4)+(V9*Settings!$B$5)+(X9*Settings!$B$9)+(AA9*Settings!$B$6)+(W9*Settings!$B$8)+(AB9*Settings!$B$7)+(AC9*Settings!$B$14)+(AD9*Settings!$B$15)+(AE9*Settings!$B$16)+(AF9*Settings!$B$17)+(AG9*Settings!$B$18)+(Y9*Settings!$B$10)+(Z9*Settings!$B$11),VLOOKUP(B9,'Standard Deviations'!A$1:C$672,3,FALSE)) -> 14.596009 | J9: {=IF(D9="G",I9/AJ9,I9/Q9)} -> 0.17800011 | K9: {=IF(Settings!$E$18="C/LW/RW",VLOOKUP(B9,RW!A1:F210,6,FALSE),VLOOKUP(B9,F!A1:F407,6,FALSE))} -> 7.7087748 | L9: {=IFERROR(K9/H9,"N/A")} -> 0.81144998 | M9: 4.1 | N9: {=IFERROR(M9-A9,"N/A")} -> -1.9 | P9: {=_xlfn.XLOOKUP($B9,ADP!A2:A671,ADP!G2:G671)} -> 0 | Q9: {=IF(Settings!$E$12="YES",VLOOKUP(B9,'Player Data'!A1:E673,5,FALSE),84)} -> 82 | R9: {=VLOOKUP(B9,'Player Data'!$A1:$AE673,6,FALSE)} -> 20.3 | S9: {=VLOOKUP(B9,'Player Data'!$A1:$AE673,7,FALSE)*$Q9*IFERROR((VLOOKUP(P9,Settings!$E$28:$F$33,2,FALSE)+1),1)} -> 41 | T9: {=VLOOKUP(B9,'Player Data'!$A1:$AE673,8,FALSE)*$Q9*IFERROR((VLOOKUP(P9,Settings!$E$28:$F$33,2,FALSE)+1),1)} -> 85.28 | U9: {=SUM(S9:T9)} -> 126.28 | V9: {=VLOOKUP(B9,'Player Data'!$A1:$AE673,10,FALSE)*$Q9*IFERROR(((VLOOKUP(P9,Settings!$E$28:$F$33,2,FALSE)/2)+1),1)} -> 256.66 | W9: {=VLOOKUP(B9,'Player Data'!$A1:$AE673,11,FALSE)*$Q9*IFERROR((VLOOKUP(P9,Settings!$E$28:$F$33,2,FALSE)+1),1)} -> 9.02 | X9: {=VLOOKUP(B9,'Player Data'!$A1:$AE673,12,FALSE)*$Q9*IFERROR((VLOOKUP(P9,Settings!$E$28:$F$33,2,FALSE)+1),1)} -> 43.46 | Y9: {=VLOOKUP(B9,'Player Data'!$A1:$AE673,13,FALSE)*$Q9} -> 0 | Z9: {=VLOOKUP(B9,'Player Data'!$A1:$AE673,14,FALSE)*$Q9} -> 0 | AA9: {=VLOOKUP(B9,'Player Data'!$A1:$AE673,15,FALSE)*$Q9} -> 33.62 | AB9: {=VLOOKUP(B9,'Player Data'!$A1:$AE673,16,FALSE)*$Q9} -> 36.9 | AC9: {=VLOOKUP(B9,'Player Data'!$A1:$AE673,17,FALSE)*$Q9*IFERROR((VLOOKUP(P9,Settings!$E$28:$F$33,2,FALSE)+1),1)} -> 13.12 | AD9: {=VLOOKUP(B9,'Player Data'!$A1:$AE673,18,FALSE)*$Q9} -> 35.26 | AE9: {=VLOOKUP(B9,'Player Data'!$A1:$AE673,19,FALSE)*$Q9*IFERROR((VLOOKUP(P9,Settings!$E$28:$F$33,2,FALSE)+1),1)} -> 7.38 | AF9: {=VLOOKUP(B9,'Player Data'!$A1:$AE673,20,FALSE)*$Q9} -> 0.82 | AG9: {=VLOOKUP(B9,'Player Data'!$A1:$AE673,21,FALSE)*$Q9} -> 1.64 | AH9: {=VLOOKUP(B9,'Player Data'!$A1:$AE673,22,FALSE)} -> 0.3
A10: =RANK(K10,K$2:K$671) -> 10 | B10: Andrei Vasilevskiy | C10: N | D10: {=VLOOKUP(B10,'Player Data'!A1:D673,4,FALSE)} -> G | E10: {=VLOOKUP(B10,G!A1:D66,3,FALSE)} -> 1 | F10: {=VLOOKUP(B10,'Player Data'!A1:B673,2,FALSE)} -> T.B | G10: {=VLOOKUP(B10,'Player Data'!A1:D673,3,FALSE)} -> 32 | H10: {=IFERROR(VLOOKUP(B10,ADP!A1:F671,6,FALSE)/1000000,VLOOKUP(B10,ADP!A1:F671,6,FALSE))} -> 9.5 | I10: =IF(Settings!$E$15="POINTS",(AJ10*Settings!$B$29)+(AK10*Settings!$B$21)+(AL10*Settings!$B$22)+(AN10*Settings!$B$24)+(AO10*Settings!$B$25)+(AP10*Settings!$B$27)+(AM10*Settings!$B$23),VLOOKUP(B10,'Standard Deviations'!A$1:C$672,3,FALSE)) -> 7.7477346 | J10: {=IF(D10="G",I10/AJ10,I10/Q10)} -> 0.1408679 | K10: {=VLOOKUP(B10,G!A1:F66,6,FALSE)} -> 5.7095493 | L10: {=IFERROR(K10/H10,"N/A")} -> 0.60100519 | M10: 11.9 | N10: {=IFERROR(M10-A10,"N/A")} -> 1.9 | P10: {=_xlfn.XLOOKUP($B10,ADP!A2:A671,ADP!G2:G671)} -> 0 | AJ10: {=VLOOKUP(B10,'Player Data'!$A1:$AE673,24,FALSE)} -> 55 | AK10: {=VLOOKUP(B10,'Player Data'!$A1:$AE673,25,FALSE)*$AJ10*IFERROR((VLOOKUP(P10,Settings!$E$28:$F$33,2,FALSE)+1),1)} -> 33.55 | AL10: {=AJ10-AK10-AM10} -> 15.95 | AM10: {=VLOOKUP(B10,'Player Data'!$A1:$AE673,27,FALSE)*$AJ10} -> 5.5 | AN10: {=VLOOKUP(B10,'Player Data'!$A1:$AE673,28,FALSE)*AJ10} -> 3.85 | AO10: {=VLOOKUP(B10,'Player Data'!$A1:$AE673,29,FALSE)*$AJ10*IFERROR((VLOOKUP(P10,Settings!$E$28:$F$33,2,FALSE)/4)+1,1)} -> 1468.5 | AP10: {=VLOOKUP(B10,'Player Data'!$A1:$AE673,31,FALSE)*$AJ10*(IFERROR(1-(VLOOKUP(P10,Settings!$E$28:$F$33,2,FALSE)/4),1))} -> 142.45 | AQ10: {=1-(AP10/(AO10+AP10))} -> 0.91157392 | AR10: {=AP10/AJ10} -> 2.59
A11: =RANK(K11,K$2:K$671) -> 11 | B11: Moritz Seider | C11: N | D11: {=VLOOKUP(B11,'Player Data'!A1:D673,4,FALSE)} -> D | E11: {=VLOOKUP(B11,D!A1:C204,3,FALSE)} -> 6 | F11: {=VLOOKUP(B11,'Player Data'!A1:B673,2,FALSE)} -> DET | G11: {=VLOOKUP(B11,'Player Data'!A1:D673,3,FALSE)} -> 25 | H11: {=IFERROR(VLOOKUP(B11,ADP!A1:F671,6,FALSE)/1000000,VLOOKUP(B11,ADP!A1:F671,6,FALSE))} -> 8.55 | I11: =IF(Settings!$E$15="POINTS",((R11*Q11)*Settings!$B$12)+(S11*Settings!$B$2)+(T11*Settings!$B$3)+(U11*Settings!$B$4)+(V11*Settings!$B$5)+(X11*Settings!$B$9)+(AA11*Settings!$B$6)+(W11*Settings!$B$8)+(AB11*Settings!$B$7)+(AC11*Settings!$B$14)+(AD11*Settings!$B$15)+(AE11*Settings!$B$16)+(AF11*Settings!$B$17)+(AG11*Settings!$B$18)+(U11*Settings!$B$13)+(Y11*Settings!$B$10)+(Z11*Settings!$B$11),VLOOKUP(B11,'Standard Deviations'!A$1:C$672,3,FALSE)) -> 6.0618594 | J11: {=IF(D11="G",I11/AJ11,I11/Q11)} -> 0.072164993 | K11: {=VLOOKUP(B11,D!A1:F204,6,FALSE)} -> 5.4950085 | L11: {=IFERROR(K11/H11,"N/A")} -> 0.64269105 | M11: 55.9 | N11: {=IFERROR(M11-A11,"N/A")} -> 44.9 | P11: {=_xlfn.XLOOKUP($B11,ADP!A2:A671,ADP!G2:G671)} -> 0 | Q11: {=IF(Settings!$E$12="YES",VLOOKUP(B11,'Player Data'!A1:E673,5,FALSE),84)} -> 84 | R11: {=VLOOKUP(B11,'Player Data'!$A1:$AE673,6,FALSE)} -> 25.9 | S11: {=VLOOKUP(B11,'Player Data'!$A1:$AE673,7,FALSE)*$Q11*IFERROR((VLOOKUP(P11,Settings!$E$28:$F$33,2,FALSE)+1),1)} -> 10.92 | T11: {=VLOOKUP(B11,'Player Data'!$A1:$AE673,8,FALSE)*$Q11*IFERROR((VLOOKUP(P11,Settings!$E$28:$F$33,2,FALSE)+1),1)} -> 47.88 | U11: {=SUM(S11:T11)} -> 58.8 | V11: {=VLOOKUP(B11,'Player Data'!$A1:$AE673,10,FALSE)*$Q11*IFERROR(((VLOOKUP(P11,Settings!$E$28:$F$33,2,FALSE)/2)+1),1)} -> 185.64 | W11: {=VLOOKUP(B11,'Player Data'!$A1:$AE673,11,FALSE)*$Q11*IFERROR((VLOOKUP(P11,Settings!$E$28:$F$33,2,FALSE)+1),1)} -> 4.2 | X11: {=VLOOKUP(B11,'Player Data'!$A1:$AE673,12,FALSE)*$Q11*IFERROR((VLOOKUP(P11,Settings!$E$28:$F$33,2,FALSE)+1),1)} -> 27.72 | Y11: {=VLOOKUP(B11,'Player Data'!$A1:$AE673,13,FALSE)*$Q11} -> 0 | Z11: {=VLOOKUP(B11,'Player Data'!$A1:$AE673,14,FALSE)*$Q11} -> 0 | AA11: {=VLOOKUP(B11,'Player Data'!$A1:$AE673,15,FALSE)*$Q11} -> 180.6 | AB11: {=VLOOKUP(B11,'Player Data'!$A1:$AE673,16,FALSE)*$Q11} -> 144.48 | AC11: {=VLOOKUP(B11,'Player Data'!$A1:$AE673,17,FALSE)*$Q11*IFERROR((VLOOKUP(P11,Settings!$E$28:$F$33,2,FALSE)+1),1)} -> 2.52 | AD11: {=VLOOKUP(B11,'Player Data'!$A1:$AE673,18,FALSE)*$Q11} -> 53.76 | AE11: {=VLOOKUP(B11,'Player Data'!$A1:$AE673,19,FALSE)*$Q11*IFERROR((VLOOKUP(P11,Settings!$E$28:$F$33,2,FALSE)+1),1)} -> 1.68 | AF11: {=VLOOKUP(B11,'Player Data'!$A1:$AE673,20,FALSE)*$Q11} -> 0 | AG11: {=VLOOKUP(B11,'Player Data'!$A1:$AE673,21,FALSE)*$Q11} -> 0 | AH11: {=VLOOKUP(B11,'Player Data'!$A1:$AE673,22,FALSE)} -> 0
A12: =RANK(K12,K$2:K$671) -> 9 | B12: Leon Draisaitl | C12: N | D12: {=VLOOKUP(B12,'Player Data'!A1:D673,4,FALSE)} -> C,LW | E12: {=VLOOKUP(B12,LW!A1:C210,3,FALSE)} -> 1 | F12: {=VLOOKUP(B12,'Player Data'!A1:B673,2,FALSE)} -> EDM | G12: {=VLOOKUP(B12,'Player Data'!A1:D673,3,FALSE)} -> 30 | H12: {=IFERROR(VLOOKUP(B12,ADP!A1:F671,6,FALSE)/1000000,VLOOKUP(B12,ADP!A1:F671,6,FALSE))} -> 14 | I12: =IF(Settings!$E$15="POINTS",((R12*Q12)*Settings!$B$12)+(S12*Settings!$B$2)+(T12*Settings!$B$3)+(U12*Settings!$B$4)+(V12*Settings!$B$5)+(X12*Settings!$B$9)+(AA12*Settings!$B$6)+(W12*Settings!$B$8)+(AB12*Settings!$B$7)+(AC12*Settings!$B$14)+(AD12*Settings!$B$15)+(AE12*Settings!$B$16)+(AF12*Settings!$B$17)+(AG12*Settings!$B$18)+(Y12*Settings!$B$10)+(Z12*Settings!$B$11),VLOOKUP(B12,'Standard Deviations'!A$1:C$672,3,FALSE)) -> 12.747493 | J12: {=IF(D12="G",I12/AJ12,I12/Q12)} -> 0.16136067 | K12: {=IF(Settings!$E$18="C/LW/RW",VLOOKUP(B12,LW!A1:F210,6,FALSE),VLOOKUP(B12,F!A1:F407,6,FALSE))} -> 5.8531073 | L12: {=IFERROR(K12/H12,"N/A")} -> 0.41807909 | M12: 6.6 | N12: {=IFERROR(M12-A12,"N/A")} -> -2.4 | P12: {=_xlfn.XLOOKUP($B12,ADP!A2:A671,ADP!G2:G671)} -> 0 | Q12: {=IF(Settings!$E$12="YES",VLOOKUP(B12,'Player Data'!A1:E673,5,FALSE),84)} -> 79 | R12: {=VLOOKUP(B12,'Player Data'!$A1:$AE673,6,FALSE)} -> 21.1 | S12: {=VLOOKUP(B12,'Player Data'!$A1:$AE673,7,FALSE)*$Q12*IFERROR((VLOOKUP(P12,Settings!$E$28:$F$33,2,FALSE)+1),1)} -> 45.03 | T12: {=VLOOKUP(B12,'Player Data'!$A1:$AE673,8,FALSE)*$Q12*IFERROR((VLOOKUP(P12,Settings!$E$28:$F$33,2,FALSE)+1),1)} -> 66.36 | U12: {=SUM(S12:T12)} -> 111.39 | V12: {=VLOOKUP(B12,'Player Data'!$A1:$AE673,10,FALSE)*$Q12*IFERROR(((VLOOKUP(P12,Settings!$E$28:$F$33,2,FALSE)/2)+1),1)} -> 232.26 | W12: {=VLOOKUP(B12,'Player Data'!$A1:$AE673,11,FALSE)*$Q12*IFERROR((VLOOKUP(P12,Settings!$E$28:$F$33,2,FALSE)+1),1)} -> 19.75 | X12: {=VLOOKUP(B12,'Player Data'!$A1:$AE673,12,FALSE)*$Q12*IFERROR((VLOOKUP(P12,Settings!$E$28:$F$33,2,FALSE)+1),1)} -> 45.82 | Y12: {=VLOOKUP(B12,'Player Data'!$A1:$AE673,13,FALSE)*$Q12} -> 0 | Z12: {=VLOOKUP(B12,'Player Data'!$A1:$AE673,14,FALSE)*$Q12} -> 0 | AA12: {=VLOOKUP(B12,'Player Data'!$A1:$AE673,15,FALSE)*$Q12} -> 23.7 | AB12: {=VLOOKUP(B12,'Player Data'!$A1:$AE673,16,FALSE)*$Q12} -> 39.5 | AC12: {=VLOOKUP(B12,'Player Data'!$A1:$AE673,17,FALSE)*$Q12*IFERROR((VLOOKUP(P12,Settings!$E$28:$F$33,2,FALSE)+1),1)} -> 9.48 | AD12: {=VLOOKUP(B12,'Player Data'!$A1:$AE673,18,FALSE)*$Q12} -> 39.5 | AE12: {=VLOOKUP(B12,'Player Data'!$A1:$AE673,19,FALSE)*$Q12*IFERROR((VLOOKUP(P12,Settings!$E$28:$F$33,2,FALSE)+1),1)} -> 7.9 | AF12: {=VLOOKUP(B12,'Player Data'!$A1:$AE673,20,FALSE)*$Q12} -> 746.55 | AG12: {=VLOOKUP(B12,'Player Data'!$A1:$AE673,21,FALSE)*$Q12} -> 584.6 | AH12: {=VLOOKUP(B12,'Player Data'!$A1:$AE673,22,FALSE)} -> 0.56
A13: =RANK(K13,K$2:K$671) -> 12 | B13: Lane Hutson | C13: N | D13: {=VLOOKUP(B13,'Player Data'!A1:D673,4,FALSE)} -> D | E13: {=VLOOKUP(B13,D!A1:C204,3,FALSE)} -> 7 | F13: {=VLOOKUP(B13,'Player Data'!A1:B673,2,FALSE)} -> MTL | G13: {=VLOOKUP(B13,'Player Data'!A1:D673,3,FALSE)} -> 22 | H13: {=IFERROR(VLOOKUP(B13,ADP!A1:F671,6,FALSE)/1000000,VLOOKUP(B13,ADP!A1:F671,6,FALSE))} -> 8.85 | I13: =IF(Settings!$E$15="POINTS",((R13*Q13)*Settings!$B$12)+(S13*Settings!$B$2)+(T13*Settings!$B$3)+(U13*Settings!$B$4)+(V13*Settings!$B$5)+(X13*Settings!$B$9)+(AA13*Settings!$B$6)+(W13*Settings!$B$8)+(AB13*Settings!$B$7)+(AC13*Settings!$B$14)+(AD13*Settings!$B$15)+(AE13*Settings!$B$16)+(AF13*Settings!$B$17)+(AG13*Settings!$B$18)+(U13*Settings!$B$13)+(Y13*Settings!$B$10)+(Z13*Settings!$B$11),VLOOKUP(B13,'Standard Deviations'!A$1:C$672,3,FALSE)) -> 5.479629 | J13: {=IF(D13="G",I13/AJ13,I13/Q13)} -> 0.065233679 | K13: {=VLOOKUP(B13,D!A1:F204,6,FALSE)} -> 4.9127781 | L13: {=IFERROR(K13/H13,"N/A")} -> 0.55511617 | M13: 20 | N13: {=IFERROR(M13-A13,"N/A")} -> 8 | P13: {=_xlfn.XLOOKUP($B13,ADP!A2:A671,ADP!G2:G671)} -> 0 | Q13: {=IF(Settings!$E$12="YES",VLOOKUP(B13,'Player Data'!A1:E673,5,FALSE),84)} -> 84 | R13: {=VLOOKUP(B13,'Player Data'!$A1:$AE673,6,FALSE)} -> 23.7 | S13: {=VLOOKUP(B13,'Player Data'!$A1:$AE673,7,FALSE)*$Q13*IFERROR((VLOOKUP(P13,Settings!$E$28:$F$33,2,FALSE)+1),1)} -> 11.76 | T13: {=VLOOKUP(B13,'Player Data'!$A1:$AE673,8,FALSE)*$Q13*IFERROR((VLOOKUP(P13,Settings!$E$28:$F$33,2,FALSE)+1),1)} -> 66.36 | U13: {=SUM(S13:T13)} -> 78.12 | V13: {=VLOOKUP(B13,'Player Data'!$A1:$AE673,10,FALSE)*$Q13*IFERROR(((VLOOKUP(P13,Settings!$E$28:$F$33,2,FALSE)/2)+1),1)} -> 128.52 | W13: {=VLOOKUP(B13,'Player Data'!$A1:$AE673,11,FALSE)*$Q13*IFERROR((VLOOKUP(P13,Settings!$E$28:$F$33,2,FALSE)+1),1)} -> 2.52 | X13: {=VLOOKUP(B13,'Player Data'!$A1:$AE673,12,FALSE)*$Q13*IFERROR((VLOOKUP(P13,Settings!$E$28:$F$33,2,FALSE)+1),1)} -> 26.88 | Y13: {=VLOOKUP(B13,'Player Data'!$A1:$AE673,13,FALSE)*$Q13} -> 0 | Z13: {=VLOOKUP(B13,'Player Data'!$A1:$AE673,14,FALSE)*$Q13} -> 0 | AA13: {=VLOOKUP(B13,'Player Data'!$A1:$AE673,15,FALSE)*$Q13} -> 131.88 | AB13: {=VLOOKUP(B13,'Player Data'!$A1:$AE673,16,FALSE)*$Q13} -> 38.64 | AC13: {=VLOOKUP(B13,'Player Data'!$A1:$AE673,17,FALSE)*$Q13*IFERROR((VLOOKUP(P13,Settings!$E$28:$F$33,2,FALSE)+1),1)} -> 8.4 | AD13: {=VLOOKUP(B13,'Player Data'!$A1:$AE673,18,FALSE)*$Q13} -> 37.8 | AE13: {=VLOOKUP(B13,'Player Data'!$A1:$AE673,19,FALSE)*$Q13*IFERROR((VLOOKUP(P13,Settings!$E$28:$F$33,2,FALSE)+1),1)} -> 1.68 | AF13: {=VLOOKUP(B13,'Player Data'!$A1:$AE673,20,FALSE)*$Q13} -> 0 | AG13: {=VLOOKUP(B13,'Player Data'!$A1:$AE673,21,FALSE)*$Q13} -> 0 | AH13: {=VLOOKUP(B13,'Player Data'!$A1:$AE673,22,FALSE)} -> 0
A14: =RANK(K14,K$2:K$671) -> 16 | B14: Jakob Chychrun | C14: N | D14: {=VLOOKUP(B14,'Player Data'!A1:D673,4,FALSE)} -> D | E14: {=VLOOKUP(B14,D!A1:C204,3,FALSE)} -> 8 | F14: {=VLOOKUP(B14,'Player Data'!A1:B673,2,FALSE)} -> WSH | G14: {=VLOOKUP(B14,'Player Data'!A1:D673,3,FALSE)} -> 28 | H14: {=IFERROR(VLOOKUP(B14,ADP!A1:F671,6,FALSE)/1000000,VLOOKUP(B14,ADP!A1:F671,6,FALSE))} -> 9 | I14: =IF(Settings!$E$15="POINTS",((R14*Q14)*Settings!$B$12)+(S14*Settings!$B$2)+(T14*Settings!$B$3)+(U14*Settings!$B$4)+(V14*Settings!$B$5)+(X14*Settings!$B$9)+(AA14*Settings!$B$6)+(W14*Settings!$B$8)+(AB14*Settings!$B$7)+(AC14*Settings!$B$14)+(AD14*Settings!$B$15)+(AE14*Settings!$B$16)+(AF14*Settings!$B$17)+(AG14*Settings!$B$18)+(U14*Settings!$B$13)+(Y14*Settings!$B$10)+(Z14*Settings!$B$11),VLOOKUP(B14,'Standard Deviations'!A$1:C$672,3,FALSE)) -> 5.0308181 | J14: {=IF(D14="G",I14/AJ14,I14/Q14)} -> 0.060612266 | K14: {=VLOOKUP(B14,D!A1:F204,6,FALSE)} -> 4.4639672 | L14: {=IFERROR(K14/H14,"N/A")} -> 0.49599635 | M14: 54.7 | N14: {=IFERROR(M14-A14,"N/A")} -> 38.7 | P14: {=_xlfn.XLOOKUP($B14,ADP!A2:A671,ADP!G2:G671)} -> 0 | Q14: {=IF(Settings!$E$12="YES",VLOOKUP(B14,'Player Data'!A1:E673,5,FALSE),84)} -> 83 | R14: {=VLOOKUP(B14,'Player Data'!$A1:$AE673,6,FALSE)} -> 23.2 | S14: {=VLOOKUP(B14,'Player Data'!$A1:$AE673,7,FALSE)*$Q14*IFERROR((VLOOKUP(P14,Settings!$E$28:$F$33,2,FALSE)+1),1)} -> 21.58 | T14: {=VLOOKUP(B14,'Player Data'!$A1:$AE673,8,FALSE)*$Q14*IFERROR((VLOOKUP(P14,Settings!$E$28:$F$33,2,FALSE)+1),1)} -> 33.2 | U14: {=SUM(S14:T14)} -> 54.78 | V14: {=VLOOKUP(B14,'Player Data'!$A1:$AE673,10,FALSE)*$Q14*IFERROR(((VLOOKUP(P14,Settings!$E$28:$F$33,2,FALSE)/2)+1),1)} -> 219.12 | W14: {=VLOOKUP(B14,'Player Data'!$A1:$AE673,11,FALSE)*$Q14*IFERROR((VLOOKUP(P14,Settings!$E$28:$F$33,2,FALSE)+1),1)} -> 7.47 | X14: {=VLOOKUP(B14,'Player Data'!$A1:$AE673,12,FALSE)*$Q14*IFERROR((VLOOKUP(P14,Settings!$E$28:$F$33,2,FALSE)+1),1)} -> 19.09 | Y14: {=VLOOKUP(B14,'Player Data'!$A1:$AE673,13,FALSE)*$Q14} -> 0 | Z14: {=VLOOKUP(B14,'Player Data'!$A1:$AE673,14,FALSE)*$Q14} -> 0 | AA14: {=VLOOKUP(B14,'Player Data'!$A1:$AE673,15,FALSE)*$Q14} -> 118.69 | AB14: {=VLOOKUP(B14,'Player Data'!$A1:$AE673,16,FALSE)*$Q14} -> 63.08 | AC14: {=VLOOKUP(B14,'Player Data'!$A1:$AE673,17,FALSE)*$Q14*IFERROR((VLOOKUP(P14,Settings!$E$28:$F$33,2,FALSE)+1),1)} -> 6.64 | AD14: {=VLOOKUP(B14,'Player Data'!$A1:$AE673,18,FALSE)*$Q14} -> 58.93 | AE14: {=VLOOKUP(B14,'Player Data'!$A1:$AE673,19,FALSE)*$Q14*IFERROR((VLOOKUP(P14,Settings!$E$28:$F$33,2,FALSE)+1),1)} -> 3.32 | AF14: {=VLOOKUP(B14,'Player Data'!$A1:$AE673,20,FALSE)*$Q14} -> 0 | AG14: {=VLOOKUP(B14,'Player Data'!$A1:$AE673,21,FALSE)*$Q14} -> 0 | AH14: {=VLOOKUP(B14,'Player Data'!$A1:$AE673,22,FALSE)} -> 0
A15: =RANK(K15,K$2:K$671) -> 14 | B15: Connor Hellebuyck | C15: N | D15: {=VLOOKUP(B15,'Player Data'!A1:D673,4,FALSE)} -> G | E15: {=VLOOKUP(B15,G!A1:D66,3,FALSE)} -> 2 | F15: {=VLOOKUP(B15,'Player Data'!A1:B673,2,FALSE)} -> WPG | G15: {=VLOOKUP(B15,'Player Data'!A1:D673,3,FALSE)} -> 33 | H15: {=IFERROR(VLOOKUP(B15,ADP!A1:F671,6,FALSE)/1000000,VLOOKUP(B15,ADP!A1:F671,6,FALSE))} -> 8.5 | I15: =IF(Settings!$E$15="POINTS",(AJ15*Settings!$B$29)+(AK15*Settings!$B$21)+(AL15*Settings!$B$22)+(AN15*Settings!$B$24)+(AO15*Settings!$B$25)+(AP15*Settings!$B$27)+(AM15*Settings!$B$23),VLOOKUP(B15,'Standard Deviations'!A$1:C$672,3,FALSE)) -> 6.6333594 | J15: {=IF(D15="G",I15/AJ15,I15/Q15)} -> 0.12060653 | K15: {=VLOOKUP(B15,G!A1:F66,6,FALSE)} -> 4.5951741 | L15: {=IFERROR(K15/H15,"N/A")} -> 0.54060872 | M15: 26.6 | N15: {=IFERROR(M15-A15,"N/A")} -> 12.6 | P15: {=_xlfn.XLOOKUP($B15,ADP!A2:A671,ADP!G2:G671)} -> 0 | AJ15: {=VLOOKUP(B15,'Player Data'!$A1:$AE673,24,FALSE)} -> 55 | AK15: {=VLOOKUP(B15,'Player Data'!$A1:$AE673,25,FALSE)*$AJ15*IFERROR((VLOOKUP(P15,Settings!$E$28:$F$33,2,FALSE)+1),1)} -> 29.15 | AL15: {=AJ15-AK15-AM15} -> 19.25 | AM15: {=VLOOKUP(B15,'Player Data'!$A1:$AE673,27,FALSE)*$AJ15} -> 6.6 | AN15: {=VLOOKUP(B15,'Player Data'!$A1:$AE673,28,FALSE)*AJ15} -> 3.85 | AO15: {=VLOOKUP(B15,'Player Data'!$A1:$AE673,29,FALSE)*$AJ15*IFERROR((VLOOKUP(P15,Settings!$E$28:$F$33,2,FALSE)/4)+1,1)} -> 1446.5 | AP15: {=VLOOKUP(B15,'Player Data'!$A1:$AE673,31,FALSE)*$AJ15*(IFERROR(1-(VLOOKUP(P15,Settings!$E$28:$F$33,2,FALSE)/4),1))} -> 143.55 | AQ15: {=1-(AP15/(AO15+AP15))} -> 0.90971982 | AR15: {=AP15/AJ15} -> 2.61
A16: =RANK(K16,K$2:K$671) -> 18 | B16: Matthew Schaefer | C16: N | D16: {=VLOOKUP(B16,'Player Data'!A1:D673,4,FALSE)} -> D | E16: {=VLOOKUP(B16,D!A1:C204,3,FALSE)} -> 9 | F16: {=VLOOKUP(B16,'Player Data'!A1:B673,2,FALSE)} -> NYI | G16: {=VLOOKUP(B16,'Player Data'!A1:D673,3,FALSE)} -> 19 | H16: {=IFERROR(VLOOKUP(B16,ADP!A1:F671,6,FALSE)/1000000,VLOOKUP(B16,ADP!A1:F671,6,FALSE))} -> 0.975 | I16: =IF(Settings!$E$15="POINTS",((R16*Q16)*Settings!$B$12)+(S16*Settings!$B$2)+(T16*Settings!$B$3)+(U16*Settings!$B$4)+(V16*Settings!$B$5)+(X16*Settings!$B$9)+(AA16*Settings!$B$6)+(W16*Settings!$B$8)+(AB16*Settings!$B$7)+(AC16*Settings!$B$14)+(AD16*Settings!$B$15)+(AE16*Settings!$B$16)+(AF16*Settings!$B$17)+(AG16*Settings!$B$18)+(U16*Settings!$B$13)+(Y16*Settings!$B$10)+(Z16*Settings!$B$11),VLOOKUP(B16,'Standard Deviations'!A$1:C$672,3,FALSE)) -> 4.9499454 | J16: {=IF(D16="G",I16/AJ16,I16/Q16)} -> 0.059637896 | K16: {=VLOOKUP(B16,D!A1:F204,6,FALSE)} -> 4.3830945 | L16: {=IFERROR(K16/H16,"N/A")} -> 4.4954815 | M16: 34.2 | N16: {=IFERROR(M16-A16,"N/A")} -> 16.2 | P16: {=_xlfn.XLOOKUP($B16,ADP!A2:A671,ADP!G2:G671)} -> + | Q16: {=IF(Settings!$E$12="YES",VLOOKUP(B16,'Player Data'!A1:E673,5,FALSE),84)} -> 83 | R16: {=VLOOKUP(B16,'Player Data'!$A1:$AE673,6,FALSE)} -> 24.8 | S16: {=VLOOKUP(B16,'Player Data'!$A1:$AE673,7,FALSE)*$Q16*IFERROR((VLOOKUP(P16,Settings!$E$28:$F$33,2,FALSE)+1),1)} -> 26.145 | T16: {=VLOOKUP(B16,'Player Data'!$A1:$AE673,8,FALSE)*$Q16*IFERROR((VLOOKUP(P16,Settings!$E$28:$F$33,2,FALSE)+1),1)} -> 44.4465 | U16: {=SUM(S16:T16)} -> 70.5915 | V16: {=VLOOKUP(B16,'Player Data'!$A1:$AE673,10,FALSE)*$Q16*IFERROR(((VLOOKUP(P16,Settings!$E$28:$F$33,2,FALSE)/2)+1),1)} -> 230.55325 | W16: {=VLOOKUP(B16,'Player Data'!$A1:$AE673,11,FALSE)*$Q16*IFERROR((VLOOKUP(P16,Settings!$E$28:$F$33,2,FALSE)+1),1)} -> 9.5865 | X16: {=VLOOKUP(B16,'Player Data'!$A1:$AE673,12,FALSE)*$Q16*IFERROR((VLOOKUP(P16,Settings!$E$28:$F$33,2,FALSE)+1),1)} -> 23.5305 | Y16: {=VLOOKUP(B16,'Player Data'!$A1:$AE673,13,FALSE)*$Q16} -> 0 | Z16: {=VLOOKUP(B16,'Player Data'!$A1:$AE673,14,FALSE)*$Q16} -> 0 | AA16: {=VLOOKUP(B16,'Player Data'!$A1:$AE673,15,FALSE)*$Q16} -> 113.71 | AB16: {=VLOOKUP(B16,'Player Data'!$A1:$AE673,16,FALSE)*$Q16} -> 46.48 | AC16: {=VLOOKUP(B16,'Player Data'!$A1:$AE673,17,FALSE)*$Q16*IFERROR((VLOOKUP(P16,Settings!$E$28:$F$33,2,FALSE)+1),1)} -> -0.8715 | AD16: {=VLOOKUP(B16,'Player Data'!$A1:$AE673,18,FALSE)*$Q16} -> 43.16 | AE16: {=VLOOKUP(B16,'Player Data'!$A1:$AE673,19,FALSE)*$Q16*IFERROR((VLOOKUP(P16,Settings!$E$28:$F$33,2,FALSE)+1),1)} -> 3.486 | AF16: {=VLOOKUP(B16,'Player Data'!$A1:$AE673,20,FALSE)*$Q16} -> 0 | AG16: {=VLOOKUP(B16,'Player Data'!$A1:$AE673,21,FALSE)*$Q16} -> 0 | AH16: {=VLOOKUP(B16,'Player Data'!$A1:$AE673,22,FALSE)} -> 0
A17: =RANK(K17,K$2:K$671) -> 15 | B17: Logan Thompson | C17: N | D17: {=VLOOKUP(B17,'Player Data'!A1:D673,4,FALSE)} -> G | E17: {=VLOOKUP(B17,G!A1:D66,3,FALSE)} -> 3 | F17: {=VLOOKUP(B17,'Player Data'!A1:B673,2,FALSE)} -> WSH | G17: {=VLOOKUP(B17,'Player Data'!A1:D673,3,FALSE)} -> 29 | H17: {=IFERROR(VLOOKUP(B17,ADP!A1:F671,6,FALSE)/1000000,VLOOKUP(B17,ADP!A1:F671,6,FALSE))} -> 5.85 | I17: =IF(Settings!$E$15="POINTS",(AJ17*Settings!$B$29)+(AK17*Settings!$B$21)+(AL17*Settings!$B$22)+(AN17*Settings!$B$24)+(AO17*Settings!$B$25)+(AP17*Settings!$B$27)+(AM17*Settings!$B$23),VLOOKUP(B17,'Standard Deviations'!A$1:C$672,3,FALSE)) -> 6.596576 | J17: {=IF(D17="G",I17/AJ17,I17/Q17)} -> 0.11993775 | K17: {=VLOOKUP(B17,G!A1:F66,6,FALSE)} -> 4.5583907 | L17: {=IFERROR(K17/H17,"N/A")} -> 0.77921209 | M17: 28.6 | N17: {=IFERROR(M17-A17,"N/A")} -> 13.6 | P17: {=_xlfn.XLOOKUP($B17,ADP!A2:A671,ADP!G2:G671)} -> 0 | AJ17: {=VLOOKUP(B17,'Player Data'!$A1:$AE673,24,FALSE)} -> 55 | AK17: {=VLOOKUP(B17,'Player Data'!$A1:$AE673,25,FALSE)*$AJ17*IFERROR((VLOOKUP(P17,Settings!$E$28:$F$33,2,FALSE)+1),1)} -> 31.9 | AL17: {=AJ17-AK17-AM17} -> 17.05 | AM17: {=VLOOKUP(B17,'Player Data'!$A1:$AE673,27,FALSE)*$AJ17} -> 6.05 | AN17: {=VLOOKUP(B17,'Player Data'!$A1:$AE673,28,FALSE)*AJ17} -> 3.85 | AO17: {=VLOOKUP(B17,'Player Data'!$A1:$AE673,29,FALSE)*$AJ17*IFERROR((VLOOKUP(P17,Settings!$E$28:$F$33,2,FALSE)/4)+1,1)} -> 1457.5 | AP17: {=VLOOKUP(B17,'Player Data'!$A1:$AE673,31,FALSE)*$AJ17*(IFERROR(1-(VLOOKUP(P17,Settings!$E$28:$F$33,2,FALSE)/4),1))} -> 146.3 | AQ17: {=1-(AP17/(AO17+AP17))} -> 0.90877915 | AR17: {=AP17/AJ17} -> 2.66
A18: =RANK(K18,K$2:K$671) -> 20 | B18: Darren Raddysh | C18: N | D18: {=VLOOKUP(B18,'Player Data'!A1:D673,4,FALSE)} -> D | E18: {=VLOOKUP(B18,D!A1:C204,3,FALSE)} -> 10 | F18: {=VLOOKUP(B18,'Player Data'!A1:B673,2,FALSE)} -> TOR | G18: {=VLOOKUP(B18,'Player Data'!A1:D673,3,FALSE)} -> 30 | H18: {=IFERROR(VLOOKUP(B18,ADP!A1:F671,6,FALSE)/1000000,VLOOKUP(B18,ADP!A1:F671,6,FALSE))} -> 8.5 | I18: =IF(Settings!$E$15="POINTS",((R18*Q18)*Settings!$B$12)+(S18*Settings!$B$2)+(T18*Settings!$B$3)+(U18*Settings!$B$4)+(V18*Settings!$B$5)+(X18*Settings!$B$9)+(AA18*Settings!$B$6)+(W18*Settings!$B$8)+(AB18*Settings!$B$7)+(AC18*Settings!$B$14)+(AD18*Settings!$B$15)+(AE18*Settings!$B$16)+(AF18*Settings!$B$17)+(AG18*Settings!$B$18)+(U18*Settings!$B$13)+(Y18*Settings!$B$10)+(Z18*Settings!$B$11),VLOOKUP(B18,'Standard Deviations'!A$1:C$672,3,FALSE)) -> 4.8016307 | J18: {=IF(D18="G",I18/AJ18,I18/Q18)} -> 0.059279392 | K18: {=VLOOKUP(B18,D!A1:F204,6,FALSE)} -> 4.2347798 | L18: {=IFERROR(K18/H18,"N/A")} -> 0.49820939 | M18: 50.4 | N18: {=IFERROR(M18-A18,"N/A")} -> 30.4 | P18: {=_xlfn.XLOOKUP($B18,ADP!A2:A671,ADP!G2:G671)} -> 0 | Q18: {=IF(Settings!$E$12="YES",VLOOKUP(B18,'Player Data'!A1:E673,5,FALSE),84)} -> 81 | R18: {=VLOOKUP(B18,'Player Data'!$A1:$AE673,6,FALSE)} -> 23.3 | S18: {=VLOOKUP(B18,'Player Data'!$A1:$AE673,7,FALSE)*$Q18*IFERROR((VLOOKUP(P18,Settings!$E$28:$F$33,2,FALSE)+1),1)} -> 14.58 | T18: {=VLOOKUP(B18,'Player Data'!$A1:$AE673,8,FALSE)*$Q18*IFERROR((VLOOKUP(P18,Settings!$E$28:$F$33,2,FALSE)+1),1)} -> 45.36 | U18: {=SUM(S18:T18)} -> 59.94 | V18: {=VLOOKUP(B18,'Player Data'!$A1:$AE673,10,FALSE)*$Q18*IFERROR(((VLOOKUP(P18,Settings!$E$28:$F$33,2,FALSE)/2)+1),1)} -> 198.45 | W18: {=VLOOKUP(B18,'Player Data'!$A1:$AE673,11,FALSE)*$Q18*IFERROR((VLOOKUP(P18,Settings!$E$28:$F$33,2,FALSE)+1),1)} -> 7.29 | X18: {=VLOOKUP(B18,'Player Data'!$A1:$AE673,12,FALSE)*$Q18*IFERROR((VLOOKUP(P18,Settings!$E$28:$F$33,2,FALSE)+1),1)} -> 23.49 | Y18: {=VLOOKUP(B18,'Player Data'!$A1:$AE673,13,FALSE)*$Q18} -> 0 | Z18: {=VLOOKUP(B18,'Player Data'!$A1:$AE673,14,FALSE)*$Q18} -> 0 | AA18: {=VLOOKUP(B18,'Player Data'!$A1:$AE673,15,FALSE)*$Q18} -> 95.58 | AB18: {=VLOOKUP(B18,'Player Data'!$A1:$AE673,16,FALSE)*$Q18} -> 76.14 | AC18: {=VLOOKUP(B18,'Player Data'!$A1:$AE673,17,FALSE)*$Q18*IFERROR((VLOOKUP(P18,Settings!$E$28:$F$33,2,FALSE)+1),1)} -> 3.24 | AD18: {=VLOOKUP(B18,'Player Data'!$A1:$AE673,18,FALSE)*$Q18} -> 41.31 | AE18: {=VLOOKUP(B18,'Player Data'!$A1:$AE673,19,FALSE)*$Q18*IFERROR((VLOOKUP(P18,Settings!$E$28:$F$33,2,FALSE)+1),1)} -> 1.62 | AF18: {=VLOOKUP(B18,'Player Data'!$A1:$AE673,20,FALSE)*$Q18} -> 0 | AG18: {=VLOOKUP(B18,'Player Data'!$A1:$AE673,21,FALSE)*$Q18} -> 0 | AH18: {=VLOOKUP(B18,'Player Data'!$A1:$AE673,22,FALSE)} -> 0
A19: =RANK(K19,K$2:K$671) -> 21 | B19: Adam Fox | C19: N | D19: {=VLOOKUP(B19,'Player Data'!A1:D673,4,FALSE)} -> D | E19: {=VLOOKUP(B19,D!A1:C204,3,FALSE)} -> 11 | F19: {=VLOOKUP(B19,'Player Data'!A1:B673,2,FALSE)} -> NYR | G19: {=VLOOKUP(B19,'Player Data'!A1:D673,3,FALSE)} -> 28 | H19: {=IFERROR(VLOOKUP(B19,ADP!A1:F671,6,FALSE)/1000000,VLOOKUP(B19,ADP!A1:F671,6,FALSE))} -> 9.5 | I19: =IF(Settings!$E$15="POINTS",((R19*Q19)*Settings!$B$12)+(S19*Settings!$B$2)+(T19*Settings!$B$3)+(U19*Settings!$B$4)+(V19*Settings!$B$5)+(X19*Settings!$B$9)+(AA19*Settings!$B$6)+(W19*Settings!$B$8)+(AB19*Settings!$B$7)+(AC19*Settings!$B$14)+(AD19*Settings!$B$15)+(AE19*Settings!$B$16)+(AF19*Settings!$B$17)+(AG19*Settings!$B$18)+(U19*Settings!$B$13)+(Y19*Settings!$B$10)+(Z19*Settings!$B$11),VLOOKUP(B19,'Standard Deviations'!A$1:C$672,3,FALSE)) -> 4.6954541 | J19: {=IF(D19="G",I19/AJ19,I19/Q19)} -> 0.060979924 | K19: {=VLOOKUP(B19,D!A1:F204,6,FALSE)} -> 4.1286032 | L19: {=IFERROR(K19/H19,"N/A")} -> 0.43458981 | M19: 58 | N19: {=IFERROR(M19-A19,"N/A")} -> 37 | P19: {=_xlfn.XLOOKUP($B19,ADP!A2:A671,ADP!G2:G671)} -> 0 | Q19: {=IF(Settings!$E$12="YES",VLOOKUP(B19,'Player Data'!A1:E673,5,FALSE),84)} -> 77 | R19: {=VLOOKUP(B19,'Player Data'!$A1:$AE673,6,FALSE)} -> 23.8 | S19: {=VLOOKUP(B19,'Player Data'!$A1:$AE673,7,FALSE)*$Q19*IFERROR((VLOOKUP(P19,Settings!$E$28:$F$33,2,FALSE)+1),1)} -> 13.09 | T19: {=VLOOKUP(B19,'Player Data'!$A1:$AE673,8,FALSE)*$Q19*IFERROR((VLOOKUP(P19,Settings!$E$28:$F$33,2,FALSE)+1),1)} -> 58.52 | U19: {=SUM(S19:T19)} -> 71.61 | V19: {=VLOOKUP(B19,'Player Data'!$A1:$AE673,10,FALSE)*$Q19*IFERROR(((VLOOKUP(P19,Settings!$E$28:$F$33,2,FALSE)/2)+1),1)} -> 136.29 | W19: {=VLOOKUP(B19,'Player Data'!$A1:$AE673,11,FALSE)*$Q19*IFERROR((VLOOKUP(P19,Settings!$E$28:$F$33,2,FALSE)+1),1)} -> 4.62 | X19: {=VLOOKUP(B19,'Player Data'!$A1:$AE673,12,FALSE)*$Q19*IFERROR((VLOOKUP(P19,Settings!$E$28:$F$33,2,FALSE)+1),1)} -> 30.03 | Y19: {=VLOOKUP(B19,'Player Data'!$A1:$AE673,13,FALSE)*$Q19} -> 0 | Z19: {=VLOOKUP(B19,'Player Data'!$A1:$AE673,14,FALSE)*$Q19} -> 0.77 | AA19: {=VLOOKUP(B19,'Player Data'!$A1:$AE673,15,FALSE)*$Q19} -> 110.11 | AB19: {=VLOOKUP(B19,'Player Data'!$A1:$AE673,16,FALSE)*$Q19} -> 46.97 | AC19: {=VLOOKUP(B19,'Player Data'!$A1:$AE673,17,FALSE)*$Q19*IFERROR((VLOOKUP(P19,Settings!$E$28:$F$33,2,FALSE)+1),1)} -> 3.85 | AD19: {=VLOOKUP(B19,'Player Data'!$A1:$AE673,18,FALSE)*$Q19} -> 36.19 | AE19: {=VLOOKUP(B19,'Player Data'!$A1:$AE673,19,FALSE)*$Q19*IFERROR((VLOOKUP(P19,Settings!$E$28:$F$33,2,FALSE)+1),1)} -> 2.31 | AF19: {=VLOOKUP(B19,'Player Data'!$A1:$AE673,20,FALSE)*$Q19} -> 0 | AG19: {=VLOOKUP(B19,'Player Data'!$A1:$AE673,21,FALSE)*$Q19} -> 0 | AH19: {=VLOOKUP(B19,'Player Data'!$A1:$AE673,22,FALSE)} -> 0
A20: =RANK(K20,K$2:K$671) -> 22 | B20: Jake Oettinger | C20: N | D20: {=VLOOKUP(B20,'Player Data'!A1:D673,4,FALSE)} -> G | E20: {=VLOOKUP(B20,G!A1:D66,3,FALSE)} -> 4 | F20: {=VLOOKUP(B20,'Player Data'!A1:B673,2,FALSE)} -> DAL | G20: {=VLOOKUP(B20,'Player Data'!A1:D673,3,FALSE)} -> 27 | H20: {=IFERROR(VLOOKUP(B20,ADP!A1:F671,6,FALSE)/1000000,VLOOKUP(B20,ADP!A1:F671,6,FALSE))} -> 8.25 | I20: =IF(Settings!$E$15="POINTS",(AJ20*Settings!$B$29)+(AK20*Settings!$B$21)+(AL20*Settings!$B$22)+(AN20*Settings!$B$24)+(AO20*Settings!$B$25)+(AP20*Settings!$B$27)+(AM20*Settings!$B$23),VLOOKUP(B20,'Standard Deviations'!A$1:C$672,3,FALSE)) -> 6.1615972 | J20: {=IF(D20="G",I20/AJ20,I20/Q20)} -> 0.11202904 | K20: {=VLOOKUP(B20,G!A1:F66,6,FALSE)} -> 4.123412 | L20: {=IFERROR(K20/H20,"N/A")} -> 0.49980751 | M20: 24.6 | N20: {=IFERROR(M20-A20,"N/A")} -> 2.6 | P20: {=_xlfn.XLOOKUP($B20,ADP!A2:A671,ADP!G2:G671)} -> 0 | AJ20: {=VLOOKUP(B20,'Player Data'!$A1:$AE673,24,FALSE)} -> 55 | AK20: {=VLOOKUP(B20,'Player Data'!$A1:$AE673,25,FALSE)*$AJ20*IFERROR((VLOOKUP(P20,Settings!$E$28:$F$33,2,FALSE)+1),1)} -> 32.45 | AL20: {=AJ20-AK20-AM20} -> 17.05 | AM20: {=VLOOKUP(B20,'Player Data'!$A1:$AE673,27,FALSE)*$AJ20} -> 5.5 | AN20: {=VLOOKUP(B20,'Player Data'!$A1:$AE673,28,FALSE)*AJ20} -> 3.85 | AO20: {=VLOOKUP(B20,'Player Data'!$A1:$AE673,29,FALSE)*$AJ20*IFERROR((VLOOKUP(P20,Settings!$E$28:$F$33,2,FALSE)/4)+1,1)} -> 1397 | AP20: {=VLOOKUP(B20,'Player Data'!$A1:$AE673,31,FALSE)*$AJ20*(IFERROR(1-(VLOOKUP(P20,Settings!$E$28:$F$33,2,FALSE)/4),1))} -> 145.75 | AQ20: {=1-(AP20/(AO20+AP20))} -> 0.90552585 | AR20: {=AP20/AJ20} -> 2.65
A21: =RANK(K21,K$2:K$671) -> 13 | B21: Jason Robertson | C21: N | D21: {=VLOOKUP(B21,'Player Data'!A1:D673,4,FALSE)} -> LW,RW | E21: {=VLOOKUP(B21,RW!A1:F210,3,FALSE)} -> 2 | F21: {=VLOOKUP(B21,'Player Data'!A1:B673,2,FALSE)} -> DAL | G21: {=VLOOKUP(B21,'Player Data'!A1:D673,3,FALSE)} -> 27 | H21: {=IFERROR(VLOOKUP(B21,ADP!A1:F671,6,FALSE)/1000000,VLOOKUP(B21,ADP!A1:F671,6,FALSE))} -> 12 | I21: =IF(Settings!$E$15="POINTS",((R21*Q21)*Settings!$B$12)+(S21*Settings!$B$2)+(T21*Settings!$B$3)+(U21*Settings!$B$4)+(V21*Settings!$B$5)+(X21*Settings!$B$9)+(AA21*Settings!$B$6)+(W21*Settings!$B$8)+(AB21*Settings!$B$7)+(AC21*Settings!$B$14)+(AD21*Settings!$B$15)+(AE21*Settings!$B$16)+(AF21*Settings!$B$17)+(AG21*Settings!$B$18)+(Y21*Settings!$B$10)+(Z21*Settings!$B$11),VLOOKUP(B21,'Standard Deviations'!A$1:C$672,3,FALSE)) -> 11.586552 | J21: {=IF(D21="G",I21/AJ21,I21/Q21)} -> 0.13793514 | K21: {=IF(Settings!$E$18="C/LW/RW",VLOOKUP(B21,RW!A1:F210,6,FALSE),VLOOKUP(B21,F!A1:F407,6,FALSE))} -> 4.6993175 | L21: {=IFERROR(K21/H21,"N/A")} -> 0.39160979 | M21: 13.3 | N21: {=IFERROR(M21-A21,"N/A")} -> 0.3 | P21: {=_xlfn.XLOOKUP($B21,ADP!A2:A671,ADP!G2:G671)} -> 0 | Q21: {=IF(Settings!$E$12="YES",VLOOKUP(B21,'Player Data'!A1:E673,5,FALSE),84)} -> 84 | R21: {=VLOOKUP(B21,'Player Data'!$A1:$AE673,6,FALSE)} -> 20.2 | S21: {=VLOOKUP(B21,'Player Data'!$A1:$AE673,7,FALSE)*$Q21*IFERROR((VLOOKUP(P21,Settings!$E$28:$F$33,2,FALSE)+1),1)} -> 41.16 | T21: {=VLOOKUP(B21,'Player Data'!$A1:$AE673,8,FALSE)*$Q21*IFERROR((VLOOKUP(P21,Settings!$E$28:$F$33,2,FALSE)+1),1)} -> 53.76 | U21: {=SUM(S21:T21)} -> 94.92 | V21: {=VLOOKUP(B21,'Player Data'!$A1:$AE673,10,FALSE)*$Q21*IFERROR(((VLOOKUP(P21,Settings!$E$28:$F$33,2,FALSE)/2)+1),1)} -> 283.08 | W21: {=VLOOKUP(B21,'Player Data'!$A1:$AE673,11,FALSE)*$Q21*IFERROR((VLOOKUP(P21,Settings!$E$28:$F$33,2,FALSE)+1),1)} -> 13.44 | X21: {=VLOOKUP(B21,'Player Data'!$A1:$AE673,12,FALSE)*$Q21*IFERROR((VLOOKUP(P21,Settings!$E$28:$F$33,2,FALSE)+1),1)} -> 35.28 | Y21: {=VLOOKUP(B21,'Player Data'!$A1:$AE673,13,FALSE)*$Q21} -> 0 | Z21: {=VLOOKUP(B21,'Player Data'!$A1:$AE673,14,FALSE)*$Q21} -> 0 | AA21: {=VLOOKUP(B21,'Player Data'!$A1:$AE673,15,FALSE)*$Q21} -> 39.48 | AB21: {=VLOOKUP(B21,'Player Data'!$A1:$AE673,16,FALSE)*$Q21} -> 56.28 | AC21: {=VLOOKUP(B21,'Player Data'!$A1:$AE673,17,FALSE)*$Q21*IFERROR((VLOOKUP(P21,Settings!$E$28:$F$33,2,FALSE)+1),1)} -> 9.24 | AD21: {=VLOOKUP(B21,'Player Data'!$A1:$AE673,18,FALSE)*$Q21} -> 29.4 | AE21: {=VLOOKUP(B21,'Player Data'!$A1:$AE673,19,FALSE)*$Q21*IFERROR((VLOOKUP(P21,Settings!$E$28:$F$33,2,FALSE)+1),1)} -> 6.72 | AF21: {=VLOOKUP(B21,'Player Data'!$A1:$AE673,20,FALSE)*$Q21} -> 1.68 | AG21: {=VLOOKUP(B21,'Player Data'!$A1:$AE673,21,FALSE)*$Q21} -> 4.2 | AH21: {=VLOOKUP(B21,'Player Data'!$A1:$AE673,22,FALSE)} -> 0.27
A22: =RANK(K22,K$2:K$671) -> 17 | B22: Macklin Celebrini | C22: N | D22: {=VLOOKUP(B22,'Player Data'!A1:D673,4,FALSE)} -> C | E22: {=VLOOKUP(B22,'C'!A1:C210,3,FALSE)} -> 4 | F22: {=VLOOKUP(B22,'Player Data'!A1:B673,2,FALSE)} -> S.J | G22: {=VLOOKUP(B22,'Player Data'!A1:D673,3,FALSE)} -> 20 | H22: {=IFERROR(VLOOKUP(B22,ADP!A1:F671,6,FALSE)/1000000,VLOOKUP(B22,ADP!A1:F671,6,FALSE))} -> 0.975 | I22: =IF(Settings!$E$15="POINTS",((R22*Q22)*Settings!$B$12)+(S22*Settings!$B$2)+(T22*Settings!$B$3)+(U22*Settings!$B$4)+(V22*Settings!$B$5)+(X22*Settings!$B$9)+(AA22*Settings!$B$6)+(W22*Settings!$B$8)+(AB22*Settings!$B$7)+(AC22*Settings!$B$14)+(AD22*Settings!$B$15)+(AE22*Settings!$B$16)+(AF22*Settings!$B$17)+(AG22*Settings!$B$18)+(Y22*Settings!$B$10)+(Z22*Settings!$B$11),VLOOKUP(B22,'Standard Deviations'!A$1:C$672,3,FALSE)) -> 10.746074 | J22: {=IF(D22="G",I22/AJ22,I22/Q22)} -> 0.13104969 | K22: {=IF(Settings!$E$18="C/LW/RW",VLOOKUP(B22,'C'!A1:F210,6,FALSE),VLOOKUP(B22,F!A1:F407,6,FALSE))} -> 4.3860647 | L22: {=IFERROR(K22/H22,"N/A")} -> 4.4985279 | M22: 7.4 | N22: {=IFERROR(M22-A22,"N/A")} -> -9.6 | P22: {=_xlfn.XLOOKUP($B22,ADP!A2:A671,ADP!G2:G671)} -> + | Q22: {=IF(Settings!$E$12="YES",VLOOKUP(B22,'Player Data'!A1:E673,5,FALSE),84)} -> 82 | R22: {=VLOOKUP(B22,'Player Data'!$A1:$AE673,6,FALSE)} -> 21.4 | S22: {=VLOOKUP(B22,'Player Data'!$A1:$AE673,7,FALSE)*$Q22*IFERROR((VLOOKUP(P22,Settings!$E$28:$F$33,2,FALSE)+1),1)} -> 43.911 | T22: {=VLOOKUP(B22,'Player Data'!$A1:$AE673,8,FALSE)*$Q22*IFERROR((VLOOKUP(P22,Settings!$E$28:$F$33,2,FALSE)+1),1)} -> 68.019 | U22: {=SUM(S22:T22)} -> 111.93 | V22: {=VLOOKUP(B22,'Player Data'!$A1:$AE673,10,FALSE)*$Q22*IFERROR(((VLOOKUP(P22,Settings!$E$28:$F$33,2,FALSE)/2)+1),1)} -> 295.856 | W22: {=VLOOKUP(B22,'Player Data'!$A1:$AE673,11,FALSE)*$Q22*IFERROR((VLOOKUP(P22,Settings!$E$28:$F$33,2,FALSE)+1),1)} -> 10.332 | X22: {=VLOOKUP(B22,'Player Data'!$A1:$AE673,12,FALSE)*$Q22*IFERROR((VLOOKUP(P22,Settings!$E$28:$F$33,2,FALSE)+1),1)} -> 34.44 | Y22: {=VLOOKUP(B22,'Player Data'!$A1:$AE673,13,FALSE)*$Q22} -> 0 | Z22: {=VLOOKUP(B22,'Player Data'!$A1:$AE673,14,FALSE)*$Q22} -> 0 | AA22: {=VLOOKUP(B22,'Player Data'!$A1:$AE673,15,FALSE)*$Q22} -> 55.76 | AB22: {=VLOOKUP(B22,'Player Data'!$A1:$AE673,16,FALSE)*$Q22} -> 53.3 | AC22: {=VLOOKUP(B22,'Player Data'!$A1:$AE673,17,FALSE)*$Q22*IFERROR((VLOOKUP(P22,Settings!$E$28:$F$33,2,FALSE)+1),1)} -> -0.861 | AD22: {=VLOOKUP(B22,'Player Data'!$A1:$AE673,18,FALSE)*$Q22} -> 41.82 | AE22: {=VLOOKUP(B22,'Player Data'!$A1:$AE673,19,FALSE)*$Q22*IFERROR((VLOOKUP(P22,Settings!$E$28:$F$33,2,FALSE)+1),1)} -> 6.027 | AF22: {=VLOOKUP(B22,'Player Data'!$A1:$AE673,20,FALSE)*$Q22} -> 628.94 | AG22: {=VLOOKUP(B22,'Player Data'!$A1:$AE673,21,FALSE)*$Q22} -> 669.12 | AH22: {=VLOOKUP(B22,'Player Data'!$A1:$AE673,22,FALSE)} -> 0.48
A23: =RANK(K23,K$2:K$671) -> 19 | B23: Jack Eichel | C23: N | D23: {=VLOOKUP(B23,'Player Data'!A1:D673,4,FALSE)} -> C | E23: {=VLOOKUP(B23,'C'!A1:C210,3,FALSE)} -> 5 | F23: {=VLOOKUP(B23,'Player Data'!A1:B673,2,FALSE)} -> VGK | G23: {=VLOOKUP(B23,'Player Data'!A1:D673,3,FALSE)} -> 29 | H23: {=IFERROR(VLOOKUP(B23,ADP!A1:F671,6,FALSE)/1000000,VLOOKUP(B23,ADP!A1:F671,6,FALSE))} -> 13.5 | I23: =IF(Settings!$E$15="POINTS",((R23*Q23)*Settings!$B$12)+(S23*Settings!$B$2)+(T23*Settings!$B$3)+(U23*Settings!$B$4)+(V23*Settings!$B$5)+(X23*Settings!$B$9)+(AA23*Settings!$B$6)+(W23*Settings!$B$8)+(AB23*Settings!$B$7)+(AC23*Settings!$B$14)+(AD23*Settings!$B$15)+(AE23*Settings!$B$16)+(AF23*Settings!$B$17)+(AG23*Settings!$B$18)+(Y23*Settings!$B$10)+(Z23*Settings!$B$11),VLOOKUP(B23,'Standard Deviations'!A$1:C$672,3,FALSE)) -> 10.711307 | J23: {=IF(D23="G",I23/AJ23,I23/Q23)} -> 0.13389134 | K23: {=IF(Settings!$E$18="C/LW/RW",VLOOKUP(B23,'C'!A1:F210,6,FALSE),VLOOKUP(B23,F!A1:F407,6,FALSE))} -> 4.3512979 | L23: {=IFERROR(K23/H23,"N/A")} -> 0.32231836 | M23: 23 | N23: {=IFERROR(M23-A23,"N/A")} -> 4 | P23: {=_xlfn.XLOOKUP($B23,ADP!A2:A671,ADP!G2:G671)} -> 0 | Q23: {=IF(Settings!$E$12="YES",VLOOKUP(B23,'Player Data'!A1:E673,5,FALSE),84)} -> 80 | R23: {=VLOOKUP(B23,'Player Data'!$A1:$AE673,6,FALSE)} -> 21.4 | S23: {=VLOOKUP(B23,'Player Data'!$A1:$AE673,7,FALSE)*$Q23*IFERROR((VLOOKUP(P23,Settings!$E$28:$F$33,2,FALSE)+1),1)} -> 31.2 | T23: {=VLOOKUP(B23,'Player Data'!$A1:$AE673,8,FALSE)*$Q23*IFERROR((VLOOKUP(P23,Settings!$E$28:$F$33,2,FALSE)+1),1)} -> 65.6 | U23: {=SUM(S23:T23)} -> 96.8 | V23: {=VLOOKUP(B23,'Player Data'!$A1:$AE673,10,FALSE)*$Q23*IFERROR(((VLOOKUP(P23,Settings!$E$28:$F$33,2,FALSE)/2)+1),1)} -> 285.6 | W23: {=VLOOKUP(B23,'Player Data'!$A1:$AE673,11,FALSE)*$Q23*IFERROR((VLOOKUP(P23,Settings!$E$28:$F$33,2,FALSE)+1),1)} -> 5.6 | X23: {=VLOOKUP(B23,'Player Data'!$A1:$AE673,12,FALSE)*$Q23*IFERROR((VLOOKUP(P23,Settings!$E$28:$F$33,2,FALSE)+1),1)} -> 34.4 | Y23: {=VLOOKUP(B23,'Player Data'!$A1:$AE673,13,FALSE)*$Q23} -> 0.8 | Z23: {=VLOOKUP(B23,'Player Data'!$A1:$AE673,14,FALSE)*$Q23} -> 2.4 | AA23: {=VLOOKUP(B23,'Player Data'!$A1:$AE673,15,FALSE)*$Q23} -> 48.8 | AB23: {=VLOOKUP(B23,'Player Data'!$A1:$AE673,16,FALSE)*$Q23} -> 36.8 | AC23: {=VLOOKUP(B23,'Player Data'!$A1:$AE673,17,FALSE)*$Q23*IFERROR((VLOOKUP(P23,Settings!$E$28:$F$33,2,FALSE)+1),1)} -> 8 | AD23: {=VLOOKUP(B23,'Player Data'!$A1:$AE673,18,FALSE)*$Q23} -> 20.8 | AE23: {=VLOOKUP(B23,'Player Data'!$A1:$AE673,19,FALSE)*$Q23*IFERROR((VLOOKUP(P23,Settings!$E$28:$F$33,2,FALSE)+1),1)} -> 6.4 | AF23: {=VLOOKUP(B23,'Player Data'!$A1:$AE673,20,FALSE)*$Q23} -> 595.2 | AG23: {=VLOOKUP(B23,'Player Data'!$A1:$AE673,21,FALSE)*$Q23} -> 684.8 | AH23: {=VLOOKUP(B23,'Player Data'!$A1:$AE673,22,FALSE)} -> 0.46
A24: =RANK(K24,K$2:K$671) -> 30 | B24: John Carlson | C24: N | D24: {=VLOOKUP(B24,'Player Data'!A1:D673,4,FALSE)} -> D | E24: {=VLOOKUP(B24,D!A1:C204,3,FALSE)} -> 12 | F24: {=VLOOKUP(B24,'Player Data'!A1:B673,2,FALSE)} -> T.B | G24: {=VLOOKUP(B24,'Player Data'!A1:D673,3,FALSE)} -> 36 | H24: {=IFERROR(VLOOKUP(B24,ADP!A1:F671,6,FALSE)/1000000,VLOOKUP(B24,ADP!A1:F671,6,FALSE))} -> 8.5 | I24: =IF(Settings!$E$15="POINTS",((R24*Q24)*Settings!$B$12)+(S24*Settings!$B$2)+(T24*Settings!$B$3)+(U24*Settings!$B$4)+(V24*Settings!$B$5)+(X24*Settings!$B$9)+(AA24*Settings!$B$6)+(W24*Settings!$B$8)+(AB24*Settings!$B$7)+(AC24*Settings!$B$14)+(AD24*Settings!$B$15)+(AE24*Settings!$B$16)+(AF24*Settings!$B$17)+(AG24*Settings!$B$18)+(U24*Settings!$B$13)+(Y24*Settings!$B$10)+(Z24*Settings!$B$11),VLOOKUP(B24,'Standard Deviations'!A$1:C$672,3,FALSE)) -> 3.6845634 | J24: {=IF(D24="G",I24/AJ24,I24/Q24)} -> 0.0449337 | K24: {=VLOOKUP(B24,D!A1:F204,6,FALSE)} -> 3.1177125 | L24: {=IFERROR(K24/H24,"N/A")} -> 0.36678971 | M24: 85.1 | N24: {=IFERROR(M24-A24,"N/A")} -> 55.1 | P24: {=_xlfn.XLOOKUP($B24,ADP!A2:A671,ADP!G2:G671)} -> + | Q24: {=IF(Settings!$E$12="YES",VLOOKUP(B24,'Player Data'!A1:E673,5,FALSE),84)} -> 82 | R24: {=VLOOKUP(B24,'Player Data'!$A1:$AE673,6,FALSE)} -> 22.2 | S24: {=VLOOKUP(B24,'Player Data'!$A1:$AE673,7,FALSE)*$Q24*IFERROR((VLOOKUP(P24,Settings!$E$28:$F$33,2,FALSE)+1),1)} -> 7.749 | T24: {=VLOOKUP(B24,'Player Data'!$A1:$AE673,8,FALSE)*$Q24*IFERROR((VLOOKUP(P24,Settings!$E$28:$F$33,2,FALSE)+1),1)} -> 46.494 | U24: {=SUM(S24:T24)} -> 54.243 | V24: {=VLOOKUP(B24,'Player Data'!$A1:$AE673,10,FALSE)*$Q24*IFERROR(((VLOOKUP(P24,Settings!$E$28:$F$33,2,FALSE)/2)+1),1)} -> 165.5785 | W24: {=VLOOKUP(B24,'Player Data'!$A1:$AE673,11,FALSE)*$Q24*IFERROR((VLOOKUP(P24,Settings!$E$28:$F$33,2,FALSE)+1),1)} -> 2.583 | X24: {=VLOOKUP(B24,'Player Data'!$A1:$AE673,12,FALSE)*$Q24*IFERROR((VLOOKUP(P24,Settings!$E$28:$F$33,2,FALSE)+1),1)} -> 18.081 | Y24: {=VLOOKUP(B24,'Player Data'!$A1:$AE673,13,FALSE)*$Q24} -> 0 | Z24: {=VLOOKUP(B24,'Player Data'!$A1:$AE673,14,FALSE)*$Q24} -> 0 | AA24: {=VLOOKUP(B24,'Player Data'!$A1:$AE673,15,FALSE)*$Q24} -> 116.44 | AB24: {=VLOOKUP(B24,'Player Data'!$A1:$AE673,16,FALSE)*$Q24} -> 48.38 | AC24: {=VLOOKUP(B24,'Player Data'!$A1:$AE673,17,FALSE)*$Q24*IFERROR((VLOOKUP(P24,Settings!$E$28:$F$33,2,FALSE)+1),1)} -> 8.61 | AD24: {=VLOOKUP(B24,'Player Data'!$A1:$AE673,18,FALSE)*$Q24} -> 31.98 | AE24: {=VLOOKUP(B24,'Player Data'!$A1:$AE673,19,FALSE)*$Q24*IFERROR((VLOOKUP(P24,Settings!$E$28:$F$33,2,FALSE)+1),1)} -> 1.722 | AF24: {=VLOOKUP(B24,'Player Data'!$A1:$AE673,20,FALSE)*$Q24} -> 0 | AG24: {=VLOOKUP(B24,'Player Data'!$A1:$AE673,21,FALSE)*$Q24} -> 0.82 | AH24: {=VLOOKUP(B24,'Player Data'!$A1:$AE673,22,FALSE)} -> 0
A25: =RANK(K25,K$2:K$671) -> 32 | B25: Jake Sanderson | C25: N | D25: {=VLOOKUP(B25,'Player Data'!A1:D673,4,FALSE)} -> D | E25: {=VLOOKUP(B25,D!A1:C204,3,FALSE)} -> 13 | F25: {=VLOOKUP(B25,'Player Data'!A1:B673,2,FALSE)} -> OTT | G25: {=VLOOKUP(B25,'Player Data'!A1:D673,3,FALSE)} -> 24 | H25: {=IFERROR(VLOOKUP(B25,ADP!A1:F671,6,FALSE)/1000000,VLOOKUP(B25,ADP!A1:F671,6,FALSE))} -> 8.05 | I25: =IF(Settings!$E$15="POINTS",((R25*Q25)*Settings!$B$12)+(S25*Settings!$B$2)+(T25*Settings!$B$3)+(U25*Settings!$B$4)+(V25*Settings!$B$5)+(X25*Settings!$B$9)+(AA25*Settings!$B$6)+(W25*Settings!$B$8)+(AB25*Settings!$B$7)+(AC25*Settings!$B$14)+(AD25*Settings!$B$15)+(AE25*Settings!$B$16)+(AF25*Settings!$B$17)+(AG25*Settings!$B$18)+(U25*Settings!$B$13)+(Y25*Settings!$B$10)+(Z25*Settings!$B$11),VLOOKUP(B25,'Standard Deviations'!A$1:C$672,3,FALSE)) -> 3.6417534 | J25: {=IF(D25="G",I25/AJ25,I25/Q25)} -> 0.044959919 | K25: {=VLOOKUP(B25,D!A1:F204,6,FALSE)} -> 3.0749025 | L25: {=IFERROR(K25/H25,"N/A")} -> 0.38197547 | M25: 63.7 | N25: {=IFERROR(M25-A25,"N/A")} -> 31.7 | P25: {=_xlfn.XLOOKUP($B25,ADP!A2:A671,ADP!G2:G671)} -> 0 | Q25: {=IF(Settings!$E$12="YES",VLOOKUP(B25,'Player Data'!A1:E673,5,FALSE),84)} -> 81 | R25: {=VLOOKUP(B25,'Player Data'!$A1:$AE673,6,FALSE)} -> 24.6 | S25: {=VLOOKUP(B25,'Player Data'!$A1:$AE673,7,FALSE)*$Q25*IFERROR((VLOOKUP(P25,Settings!$E$28:$F$33,2,FALSE)+1),1)} -> 13.77 | T25: {=VLOOKUP(B25,'Player Data'!$A1:$AE673,8,FALSE)*$Q25*IFERROR((VLOOKUP(P25,Settings!$E$28:$F$33,2,FALSE)+1),1)} -> 43.74 | U25: {=SUM(S25:T25)} -> 57.51 | V25: {=VLOOKUP(B25,'Player Data'!$A1:$AE673,10,FALSE)*$Q25*IFERROR(((VLOOKUP(P25,Settings!$E$28:$F$33,2,FALSE)/2)+1),1)} -> 179.01 | W25: {=VLOOKUP(B25,'Player Data'!$A1:$AE673,11,FALSE)*$Q25*IFERROR((VLOOKUP(P25,Settings!$E$28:$F$33,2,FALSE)+1),1)} -> 4.86 | X25: {=VLOOKUP(B25,'Player Data'!$A1:$AE673,12,FALSE)*$Q25*IFERROR((VLOOKUP(P25,Settings!$E$28:$F$33,2,FALSE)+1),1)} -> 22.68 | Y25: {=VLOOKUP(B25,'Player Data'!$A1:$AE673,13,FALSE)*$Q25} -> 0 | Z25: {=VLOOKUP(B25,'Player Data'!$A1:$AE673,14,FALSE)*$Q25} -> 1.62 | AA25: {=VLOOKUP(B25,'Player Data'!$A1:$AE673,15,FALSE)*$Q25} -> 154.71 | AB25: {=VLOOKUP(B25,'Player Data'!$A1:$AE673,16,FALSE)*$Q25} -> 49.41 | AC25: {=VLOOKUP(B25,'Player Data'!$A1:$AE673,17,FALSE)*$Q25*IFERROR((VLOOKUP(P25,Settings!$E$28:$F$33,2,FALSE)+1),1)} -> 3.24 | AD25: {=VLOOKUP(B25,'Player Data'!$A1:$AE673,18,FALSE)*$Q25} -> 20.25 | AE25: {=VLOOKUP(B25,'Player Data'!$A1:$AE673,19,FALSE)*$Q25*IFERROR((VLOOKUP(P25,Settings!$E$28:$F$33,2,FALSE)+1),1)} -> 2.43 | AF25: {=VLOOKUP(B25,'Player Data'!$A1:$AE673,20,FALSE)*$Q25} -> 0 | AG25: {=VLOOKUP(B25,'Player Data'!$A1:$AE673,21,FALSE)*$Q25} -> 0 | AH25: {=VLOOKUP(B25,'Player Data'!$A1:$AE673,22,FALSE)} -> 0.25
A26: =RANK(K26,K$2:K$671) -> 28 | B26: Jet Greaves | C26: N | D26: {=VLOOKUP(B26,'Player Data'!A1:D673,4,FALSE)} -> G | E26: {=VLOOKUP(B26,G!A1:D66,3,FALSE)} -> 5 | F26: {=VLOOKUP(B26,'Player Data'!A1:B673,2,FALSE)} -> CBJ | G26: {=VLOOKUP(B26,'Player Data'!A1:D673,3,FALSE)} -> 25 | H26: {=IFERROR(VLOOKUP(B26,ADP!A1:F671,6,FALSE)/1000000,VLOOKUP(B26,ADP!A1:F671,6,FALSE))} -> 5 | I26: =IF(Settings!$E$15="POINTS",(AJ26*Settings!$B$29)+(AK26*Settings!$B$21)+(AL26*Settings!$B$22)+(AN26*Settings!$B$24)+(AO26*Settings!$B$25)+(AP26*Settings!$B$27)+(AM26*Settings!$B$23),VLOOKUP(B26,'Standard Deviations'!A$1:C$672,3,FALSE)) -> 5.2882178 | J26: {=IF(D26="G",I26/AJ26,I26/Q26)} -> 0.096149414 | K26: {=VLOOKUP(B26,G!A1:F66,6,FALSE)} -> 3.2500325 | L26: {=IFERROR(K26/H26,"N/A")} -> 0.6500065 | M26: 123.9 | N26: {=IFERROR(M26-A26,"N/A")} -> 95.9 | P26: {=_xlfn.XLOOKUP($B26,ADP!A2:A671,ADP!G2:G671)} -> 0 | AJ26: {=VLOOKUP(B26,'Player Data'!$A1:$AE673,24,FALSE)} -> 55 | AK26: {=VLOOKUP(B26,'Player Data'!$A1:$AE673,25,FALSE)*$AJ26*IFERROR((VLOOKUP(P26,Settings!$E$28:$F$33,2,FALSE)+1),1)} -> 29.15 | AL26: {=AJ26-AK26-AM26} -> 19.25 | AM26: {=VLOOKUP(B26,'Player Data'!$A1:$AE673,27,FALSE)*$AJ26} -> 6.6 | AN26: {=VLOOKUP(B26,'Player Data'!$A1:$AE673,28,FALSE)*AJ26} -> 3.3 | AO26: {=VLOOKUP(B26,'Player Data'!$A1:$AE673,29,FALSE)*$AJ26*IFERROR((VLOOKUP(P26,Settings!$E$28:$F$33,2,FALSE)/4)+1,1)} -> 1474 | AP26: {=VLOOKUP(B26,'Player Data'!$A1:$AE673,31,FALSE)*$AJ26*(IFERROR(1-(VLOOKUP(P26,Settings!$E$28:$F$33,2,FALSE)/4),1))} -> 148.5 | AQ26: {=1-(AP26/(AO26+AP26))} -> 0.90847458 | AR26: {=AP26/AJ26} -> 2.7
A27: =RANK(K27,K$2:K$671) -> 31 | B27: Igor Shesterkin | C27: N | D27: {=VLOOKUP(B27,'Player Data'!A1:D673,4,FALSE)} -> G | E27: {=VLOOKUP(B27,G!A1:D66,3,FALSE)} -> 6 | F27: {=VLOOKUP(B27,'Player Data'!A1:B673,2,FALSE)} -> NYR | G27: {=VLOOKUP(B27,'Player Data'!A1:D673,3,FALSE)} -> 30 | H27: {=IFERROR(VLOOKUP(B27,ADP!A1:F671,6,FALSE)/1000000,VLOOKUP(B27,ADP!A1:F671,6,FALSE))} -> 11.503 | I27: =IF(Settings!$E$15="POINTS",(AJ27*Settings!$B$29)+(AK27*Settings!$B$21)+(AL27*Settings!$B$22)+(AN27*Settings!$B$24)+(AO27*Settings!$B$25)+(AP27*Settings!$B$27)+(AM27*Settings!$B$23),VLOOKUP(B27,'Standard Deviations'!A$1:C$672,3,FALSE)) -> 5.1206652 | J27: {=IF(D27="G",I27/AJ27,I27/Q27)} -> 0.093103004 | K27: {=VLOOKUP(B27,G!A1:F66,6,FALSE)} -> 3.08248 | L27: {=IFERROR(K27/H27,"N/A")} -> 0.26797183 | M27: 39.6 | N27: {=IFERROR(M27-A27,"N/A")} -> 8.6 | P27: {=_xlfn.XLOOKUP($B27,ADP!A2:A671,ADP!G2:G671)} -> 0 | AJ27: {=VLOOKUP(B27,'Player Data'!$A1:$AE673,24,FALSE)} -> 55 | AK27: {=VLOOKUP(B27,'Player Data'!$A1:$AE673,25,FALSE)*$AJ27*IFERROR((VLOOKUP(P27,Settings!$E$28:$F$33,2,FALSE)+1),1)} -> 28.05 | AL27: {=AJ27-AK27-AM27} -> 20.35 | AM27: {=VLOOKUP(B27,'Player Data'!$A1:$AE673,27,FALSE)*$AJ27} -> 6.6 | AN27: {=VLOOKUP(B27,'Player Data'!$A1:$AE673,28,FALSE)*AJ27} -> 3.3 | AO27: {=VLOOKUP(B27,'Player Data'!$A1:$AE673,29,FALSE)*$AJ27*IFERROR((VLOOKUP(P27,Settings!$E$28:$F$33,2,FALSE)/4)+1,1)} -> 1474 | AP27: {=VLOOKUP(B27,'Player Data'!$A1:$AE673,31,FALSE)*$AJ27*(IFERROR(1-(VLOOKUP(P27,Settings!$E$28:$F$33,2,FALSE)/4),1))} -> 148.5 | AQ27: {=1-(AP27/(AO27+AP27))} -> 0.90847458 | AR27: {=AP27/AJ27} -> 2.7
A28: =RANK(K28,K$2:K$671) -> 23 | B28: David Pastrnak | C28: N | D28: {=VLOOKUP(B28,'Player Data'!A1:D673,4,FALSE)} -> RW | E28: {=VLOOKUP(B28,RW!A1:F210,3,FALSE)} -> 3 | F28: {=VLOOKUP(B28,'Player Data'!A1:B673,2,FALSE)} -> BOS | G28: {=VLOOKUP(B28,'Player Data'!A1:D673,3,FALSE)} -> 30 | H28: {=IFERROR(VLOOKUP(B28,ADP!A1:F671,6,FALSE)/1000000,VLOOKUP(B28,ADP!A1:F671,6,FALSE))} -> 11.25 | I28: =IF(Settings!$E$15="POINTS",((R28*Q28)*Settings!$B$12)+(S28*Settings!$B$2)+(T28*Settings!$B$3)+(U28*Settings!$B$4)+(V28*Settings!$B$5)+(X28*Settings!$B$9)+(AA28*Settings!$B$6)+(W28*Settings!$B$8)+(AB28*Settings!$B$7)+(AC28*Settings!$B$14)+(AD28*Settings!$B$15)+(AE28*Settings!$B$16)+(AF28*Settings!$B$17)+(AG28*Settings!$B$18)+(Y28*Settings!$B$10)+(Z28*Settings!$B$11),VLOOKUP(B28,'Standard Deviations'!A$1:C$672,3,FALSE)) -> 10.639312 | J28: {=IF(D28="G",I28/AJ28,I28/Q28)} -> 0.12818448 | K28: {=IF(Settings!$E$18="C/LW/RW",VLOOKUP(B28,RW!A1:F210,6,FALSE),VLOOKUP(B28,F!A1:F407,6,FALSE))} -> 3.7520773 | L28: {=IFERROR(K28/H28,"N/A")} -> 0.33351798 | M28: 9.5 | N28: {=IFERROR(M28-A28,"N/A")} -> -13.5 | P28: {=_xlfn.XLOOKUP($B28,ADP!A2:A671,ADP!G2:G671)} -> 0 | Q28: {=IF(Settings!$E$12="YES",VLOOKUP(B28,'Player Data'!A1:E673,5,FALSE),84)} -> 83 | R28: {=VLOOKUP(B28,'Player Data'!$A1:$AE673,6,FALSE)} -> 20.6 | S28: {=VLOOKUP(B28,'Player Data'!$A1:$AE673,7,FALSE)*$Q28*IFERROR((VLOOKUP(P28,Settings!$E$28:$F$33,2,FALSE)+1),1)} -> 37.35 | T28: {=VLOOKUP(B28,'Player Data'!$A1:$AE673,8,FALSE)*$Q28*IFERROR((VLOOKUP(P28,Settings!$E$28:$F$33,2,FALSE)+1),1)} -> 67.23 | U28: {=SUM(S28:T28)} -> 104.58 | V28: {=VLOOKUP(B28,'Player Data'!$A1:$AE673,10,FALSE)*$Q28*IFERROR(((VLOOKUP(P28,Settings!$E$28:$F$33,2,FALSE)/2)+1),1)} -> 303.78 | W28: {=VLOOKUP(B28,'Player Data'!$A1:$AE673,11,FALSE)*$Q28*IFERROR((VLOOKUP(P28,Settings!$E$28:$F$33,2,FALSE)+1),1)} -> 9.96 | X28: {=VLOOKUP(B28,'Player Data'!$A1:$AE673,12,FALSE)*$Q28*IFERROR((VLOOKUP(P28,Settings!$E$28:$F$33,2,FALSE)+1),1)} -> 29.88 | Y28: {=VLOOKUP(B28,'Player Data'!$A1:$AE673,13,FALSE)*$Q28} -> 0 | Z28: {=VLOOKUP(B28,'Player Data'!$A1:$AE673,14,FALSE)*$Q28} -> 0 | AA28: {=VLOOKUP(B28,'Player Data'!$A1:$AE673,15,FALSE)*$Q28} -> 32.37 | AB28: {=VLOOKUP(B28,'Player Data'!$A1:$AE673,16,FALSE)*$Q28} -> 80.51 | AC28: {=VLOOKUP(B28,'Player Data'!$A1:$AE673,17,FALSE)*$Q28*IFERROR((VLOOKUP(P28,Settings!$E$28:$F$33,2,FALSE)+1),1)} -> 0.83 | AD28: {=VLOOKUP(B28,'Player Data'!$A1:$AE673,18,FALSE)*$Q28} -> 46.48 | AE28: {=VLOOKUP(B28,'Player Data'!$A1:$AE673,19,FALSE)*$Q28*IFERROR((VLOOKUP(P28,Settings!$E$28:$F$33,2,FALSE)+1),1)} -> 4.98 | AF28: {=VLOOKUP(B28,'Player Data'!$A1:$AE673,20,FALSE)*$Q28} -> 3.32 | AG28: {=VLOOKUP(B28,'Player Data'!$A1:$AE673,21,FALSE)*$Q28} -> 8.3 | AH28: {=VLOOKUP(B28,'Player Data'!$A1:$AE673,22,FALSE)} -> 0.3
A29: =RANK(K29,K$2:K$671) -> 24 | B29: Brady Tkachuk | C29: N | D29: {=VLOOKUP(B29,'Player Data'!A1:D673,4,FALSE)} -> C,LW | E29: {=VLOOKUP(B29,LW!A1:C210,3,FALSE)} -> 3 | F29: {=VLOOKUP(B29,'Player Data'!A1:B673,2,FALSE)} -> FLA | G29: {=VLOOKUP(B29,'Player Data'!A1:D673,3,FALSE)} -> 27 | H29: {=IFERROR(VLOOKUP(B29,ADP!A1:F671,6,FALSE)/1000000,VLOOKUP(B29,ADP!A1:F671,6,FALSE))} -> 8.205 | I29: =IF(Settings!$E$15="POINTS",((R29*Q29)*Settings!$B$12)+(S29*Settings!$B$2)+(T29*Settings!$B$3)+(U29*Settings!$B$4)+(V29*Settings!$B$5)+(X29*Settings!$B$9)+(AA29*Settings!$B$6)+(W29*Settings!$B$8)+(AB29*Settings!$B$7)+(AC29*Settings!$B$14)+(AD29*Settings!$B$15)+(AE29*Settings!$B$16)+(AF29*Settings!$B$17)+(AG29*Settings!$B$18)+(Y29*Settings!$B$10)+(Z29*Settings!$B$11),VLOOKUP(B29,'Standard Deviations'!A$1:C$672,3,FALSE)) -> 10.567812 | J29: {=IF(D29="G",I29/AJ29,I29/Q29)} -> 0.13376977 | K29: {=IF(Settings!$E$18="C/LW/RW",VLOOKUP(B29,LW!A1:F210,6,FALSE),VLOOKUP(B29,F!A1:F407,6,FALSE))} -> 3.6734264 | L29: {=IFERROR(K29/H29,"N/A")} -> 0.44770584 | M29: 24 | N29: {=IFERROR(M29-A29,"N/A")} -> 0 | P29: {=_xlfn.XLOOKUP($B29,ADP!A2:A671,ADP!G2:G671)} -> 0 | Q29: {=IF(Settings!$E$12="YES",VLOOKUP(B29,'Player Data'!A1:E673,5,FALSE),84)} -> 79 | R29: {=VLOOKUP(B29,'Player Data'!$A1:$AE673,6,FALSE)} -> 17.5 | S29: {=VLOOKUP(B29,'Player Data'!$A1:$AE673,7,FALSE)*$Q29*IFERROR((VLOOKUP(P29,Settings!$E$28:$F$33,2,FALSE)+1),1)} -> 29.23 | T29: {=VLOOKUP(B29,'Player Data'!$A1:$AE673,8,FALSE)*$Q29*IFERROR((VLOOKUP(P29,Settings!$E$28:$F$33,2,FALSE)+1),1)} -> 37.13 | U29: {=SUM(S29:T29)} -> 66.36 | V29: {=VLOOKUP(B29,'Player Data'!$A1:$AE673,10,FALSE)*$Q29*IFERROR(((VLOOKUP(P29,Settings!$E$28:$F$33,2,FALSE)/2)+1),1)} -> 293.88 | W29: {=VLOOKUP(B29,'Player Data'!$A1:$AE673,11,FALSE)*$Q29*IFERROR((VLOOKUP(P29,Settings!$E$28:$F$33,2,FALSE)+1),1)} -> 7.9 | X29: {=VLOOKUP(B29,'Player Data'!$A1:$AE673,12,FALSE)*$Q29*IFERROR((VLOOKUP(P29,Settings!$E$28:$F$33,2,FALSE)+1),1)} -> 19.75 | Y29: {=VLOOKUP(B29,'Player Data'!$A1:$AE673,13,FALSE)*$Q29} -> 0 | Z29: {=VLOOKUP(B29,'Player Data'!$A1:$AE673,14,FALSE)*$Q29} -> 0 | AA29: {=VLOOKUP(B29,'Player Data'!$A1:$AE673,15,FALSE)*$Q29} -> 32.39 | AB29: {=VLOOKUP(B29,'Player Data'!$A1:$AE673,16,FALSE)*$Q29} -> 219.62 | AC29: {=VLOOKUP(B29,'Player Data'!$A1:$AE673,17,FALSE)*$Q29*IFERROR((VLOOKUP(P29,Settings!$E$28:$F$33,2,FALSE)+1),1)} -> 6.32 | AD29: {=VLOOKUP(B29,'Player Data'!$A1:$AE673,18,FALSE)*$Q29} -> 74.26 | AE29: {=VLOOKUP(B29,'Player Data'!$A1:$AE673,19,FALSE)*$Q29*IFERROR((VLOOKUP(P29,Settings!$E$28:$F$33,2,FALSE)+1),1)} -> 4.74 | AF29: {=VLOOKUP(B29,'Player Data'!$A1:$AE673,20,FALSE)*$Q29} -> 209.35 | AG29: {=VLOOKUP(B29,'Player Data'!$A1:$AE673,21,FALSE)*$Q29} -> 180.12 | AH29: {=VLOOKUP(B29,'Player Data'!$A1:$AE673,22,FALSE)} -> 0.54
A30: =RANK(K30,K$2:K$671) -> 25 | B30: Kirill Kaprizov | C30: N | D30: {=VLOOKUP(B30,'Player Data'!A1:D673,4,FALSE)} -> LW | E30: {=VLOOKUP(B30,LW!A1:C210,3,FALSE)} -> 4 | F30: {=VLOOKUP(B30,'Player Data'!A1:B673,2,FALSE)} -> MIN | G30: {=VLOOKUP(B30,'Player Data'!A1:D673,3,FALSE)} -> 29 | H30: {=IFERROR(VLOOKUP(B30,ADP!A1:F671,6,FALSE)/1000000,VLOOKUP(B30,ADP!A1:F671,6,FALSE))} -> 17 | I30: =IF(Settings!$E$15="POINTS",((R30*Q30)*Settings!$B$12)+(S30*Settings!$B$2)+(T30*Settings!$B$3)+(U30*Settings!$B$4)+(V30*Settings!$B$5)+(X30*Settings!$B$9)+(AA30*Settings!$B$6)+(W30*Settings!$B$8)+(AB30*Settings!$B$7)+(AC30*Settings!$B$14)+(AD30*Settings!$B$15)+(AE30*Settings!$B$16)+(AF30*Settings!$B$17)+(AG30*Settings!$B$18)+(Y30*Settings!$B$10)+(Z30*Settings!$B$11),VLOOKUP(B30,'Standard Deviations'!A$1:C$672,3,FALSE)) -> 10.558311 | J30: {=IF(D30="G",I30/AJ30,I30/Q30)} -> 0.13712093 | K30: {=IF(Settings!$E$18="C/LW/RW",VLOOKUP(B30,LW!A1:F210,6,FALSE),VLOOKUP(B30,F!A1:F407,6,FALSE))} -> 3.6639258 | L30: {=IFERROR(K30/H30,"N/A")} -> 0.21552505 | M30: 10.9 | N30: {=IFERROR(M30-A30,"N/A")} -> -14.1 | P30: {=_xlfn.XLOOKUP($B30,ADP!A2:A671,ADP!G2:G671)} -> + | Q30: {=IF(Settings!$E$12="YES",VLOOKUP(B30,'Player Data'!A1:E673,5,FALSE),84)} -> 77 | R30: {=VLOOKUP(B30,'Player Data'!$A1:$AE673,6,FALSE)} -> 22.1 | S30: {=VLOOKUP(B30,'Player Data'!$A1:$AE673,7,FALSE)*$Q30*IFERROR((VLOOKUP(P30,Settings!$E$28:$F$33,2,FALSE)+1),1)} -> 46.0845 | T30: {=VLOOKUP(B30,'Player Data'!$A1:$AE673,8,FALSE)*$Q30*IFERROR((VLOOKUP(P30,Settings!$E$28:$F$33,2,FALSE)+1),1)} -> 50.9355 | U30: {=SUM(S30:T30)} -> 97.02 | V30: {=VLOOKUP(B30,'Player Data'!$A1:$AE673,10,FALSE)*$Q30*IFERROR(((VLOOKUP(P30,Settings!$E$28:$F$33,2,FALSE)/2)+1),1)} -> 272.29125 | W30: {=VLOOKUP(B30,'Player Data'!$A1:$AE673,11,FALSE)*$Q30*IFERROR((VLOOKUP(P30,Settings!$E$28:$F$33,2,FALSE)+1),1)} -> 16.9785 | X30: {=VLOOKUP(B30,'Player Data'!$A1:$AE673,12,FALSE)*$Q30*IFERROR((VLOOKUP(P30,Settings!$E$28:$F$33,2,FALSE)+1),1)} -> 33.1485 | Y30: {=VLOOKUP(B30,'Player Data'!$A1:$AE673,13,FALSE)*$Q30} -> 0 | Z30: {=VLOOKUP(B30,'Player Data'!$A1:$AE673,14,FALSE)*$Q30} -> 0 | AA30: {=VLOOKUP(B30,'Player Data'!$A1:$AE673,15,FALSE)*$Q30} -> 30.03 | AB30: {=VLOOKUP(B30,'Player Data'!$A1:$AE673,16,FALSE)*$Q30} -> 49.28 | AC30: {=VLOOKUP(B30,'Player Data'!$A1:$AE673,17,FALSE)*$Q30*IFERROR((VLOOKUP(P30,Settings!$E$28:$F$33,2,FALSE)+1),1)} -> 5.6595 | AD30: {=VLOOKUP(B30,'Player Data'!$A1:$AE673,18,FALSE)*$Q30} -> 32.34 | AE30: {=VLOOKUP(B30,'Player Data'!$A1:$AE673,19,FALSE)*$Q30*IFERROR((VLOOKUP(P30,Settings!$E$28:$F$33,2,FALSE)+1),1)} -> 7.2765 | AF30: {=VLOOKUP(B30,'Player Data'!$A1:$AE673,20,FALSE)*$Q30} -> 0 | AG30: {=VLOOKUP(B30,'Player Data'!$A1:$AE673,21,FALSE)*$Q30} -> 2.31 | AH30: {=VLOOKUP(B30,'Player Data'!$A1:$AE673,22,FALSE)} -> 0
A31: =RANK(K31,K$2:K$671) -> 35 | B31: Josh Morrissey | C31: N | D31: {=VLOOKUP(B31,'Player Data'!A1:D673,4,FALSE)} -> D | E31: {=VLOOKUP(B31,D!A1:C204,3,FALSE)} -> 14 | F31: {=VLOOKUP(B31,'Player Data'!A1:B673,2,FALSE)} -> WPG | G31: {=VLOOKUP(B31,'Player Data'!A1:D673,3,FALSE)} -> 31 | H31: {=IFERROR(VLOOKUP(B31,ADP!A1:F671,6,FALSE)/1000000,VLOOKUP(B31,ADP!A1:F671,6,FALSE))} -> 6.25 | I31: =IF(Settings!$E$15="POINTS",((R31*Q31)*Settings!$B$12)+(S31*Settings!$B$2)+(T31*Settings!$B$3)+(U31*Settings!$B$4)+(V31*Settings!$B$5)+(X31*Settings!$B$9)+(AA31*Settings!$B$6)+(W31*Settings!$B$8)+(AB31*Settings!$B$7)+(AC31*Settings!$B$14)+(AD31*Settings!$B$15)+(AE31*Settings!$B$16)+(AF31*Settings!$B$17)+(AG31*Settings!$B$18)+(U31*Settings!$B$13)+(Y31*Settings!$B$10)+(Z31*Settings!$B$11),VLOOKUP(B31,'Standard Deviations'!A$1:C$672,3,FALSE)) -> 3.3393331 | J31: {=IF(D31="G",I31/AJ31,I31/Q31)} -> 0.040232929 | K31: {=VLOOKUP(B31,D!A1:F204,6,FALSE)} -> 2.7724822 | L31: {=IFERROR(K31/H31,"N/A")} -> 0.44359715 | M31: 86.6 | N31: {=IFERROR(M31-A31,"N/A")} -> 51.6 | P31: {=_xlfn.XLOOKUP($B31,ADP!A2:A671,ADP!G2:G671)} -> 0 | Q31: {=IF(Settings!$E$12="YES",VLOOKUP(B31,'Player Data'!A1:E673,5,FALSE),84)} -> 83 | R31: {=VLOOKUP(B31,'Player Data'!$A1:$AE673,6,FALSE)} -> 24.6 | S31: {=VLOOKUP(B31,'Player Data'!$A1:$AE673,7,FALSE)*$Q31*IFERROR((VLOOKUP(P31,Settings!$E$28:$F$33,2,FALSE)+1),1)} -> 11.62 | T31: {=VLOOKUP(B31,'Player Data'!$A1:$AE673,8,FALSE)*$Q31*IFERROR((VLOOKUP(P31,Settings!$E$28:$F$33,2,FALSE)+1),1)} -> 48.14 | U31: {=SUM(S31:T31)} -> 59.76 | V31: {=VLOOKUP(B31,'Player Data'!$A1:$AE673,10,FALSE)*$Q31*IFERROR(((VLOOKUP(P31,Settings!$E$28:$F$33,2,FALSE)/2)+1),1)} -> 166 | W31: {=VLOOKUP(B31,'Player Data'!$A1:$AE673,11,FALSE)*$Q31*IFERROR((VLOOKUP(P31,Settings!$E$28:$F$33,2,FALSE)+1),1)} -> 2.49 | X31: {=VLOOKUP(B31,'Player Data'!$A1:$AE673,12,FALSE)*$Q31*IFERROR((VLOOKUP(P31,Settings!$E$28:$F$33,2,FALSE)+1),1)} -> 19.09 | Y31: {=VLOOKUP(B31,'Player Data'!$A1:$AE673,13,FALSE)*$Q31} -> 0 | Z31: {=VLOOKUP(B31,'Player Data'!$A1:$AE673,14,FALSE)*$Q31} -> 0 | AA31: {=VLOOKUP(B31,'Player Data'!$A1:$AE673,15,FALSE)*$Q31} -> 122.84 | AB31: {=VLOOKUP(B31,'Player Data'!$A1:$AE673,16,FALSE)*$Q31} -> 48.97 | AC31: {=VLOOKUP(B31,'Player Data'!$A1:$AE673,17,FALSE)*$Q31*IFERROR((VLOOKUP(P31,Settings!$E$28:$F$33,2,FALSE)+1),1)} -> 4.15 | AD31: {=VLOOKUP(B31,'Player Data'!$A1:$AE673,18,FALSE)*$Q31} -> 34.86 | AE31: {=VLOOKUP(B31,'Player Data'!$A1:$AE673,19,FALSE)*$Q31*IFERROR((VLOOKUP(P31,Settings!$E$28:$F$33,2,FALSE)+1),1)} -> 1.66 | AF31: {=VLOOKUP(B31,'Player Data'!$A1:$AE673,20,FALSE)*$Q31} -> 0 | AG31: {=VLOOKUP(B31,'Player Data'!$A1:$AE673,21,FALSE)*$Q31} -> 0 | AH31: {=VLOOKUP(B31,'Player Data'!$A1:$AE673,22,FALSE)} -> 0
A32: =RANK(K32,K$2:K$671) -> 34 | B32: Scott Wedgewood | C32: N | D32: {=VLOOKUP(B32,'Player Data'!A1:D673,4,FALSE)} -> G | E32: {=VLOOKUP(B32,G!A1:D66,3,FALSE)} -> 7 | F32: {=VLOOKUP(B32,'Player Data'!A1:B673,2,FALSE)} -> COL | G32: {=VLOOKUP(B32,'Player Data'!A1:D673,3,FALSE)} -> 34 | H32: {=IFERROR(VLOOKUP(B32,ADP!A1:F671,6,FALSE)/1000000,VLOOKUP(B32,ADP!A1:F671,6,FALSE))} -> 2.5 | I32: =IF(Settings!$E$15="POINTS",(AJ32*Settings!$B$29)+(AK32*Settings!$B$21)+(AL32*Settings!$B$22)+(AN32*Settings!$B$24)+(AO32*Settings!$B$25)+(AP32*Settings!$B$27)+(AM32*Settings!$B$23),VLOOKUP(B32,'Standard Deviations'!A$1:C$672,3,FALSE)) -> 4.9694108 | J32: {=IF(D32="G",I32/AJ32,I32/Q32)} -> 0.11043135 | K32: {=VLOOKUP(B32,G!A1:F66,6,FALSE)} -> 2.9312255 | L32: {=IFERROR(K32/H32,"N/A")} -> 1.1724902 | M32: 52.4 | N32: {=IFERROR(M32-A32,"N/A")} -> 18.4 | P32: {=_xlfn.XLOOKUP($B32,ADP!A2:A671,ADP!G2:G671)} -> 0 | AJ32: {=VLOOKUP(B32,'Player Data'!$A1:$AE673,24,FALSE)} -> 45 | AK32: {=VLOOKUP(B32,'Player Data'!$A1:$AE673,25,FALSE)*$AJ32*IFERROR((VLOOKUP(P32,Settings!$E$28:$F$33,2,FALSE)+1),1)} -> 27 | AL32: {=AJ32-AK32-AM32} -> 13.5 | AM32: {=VLOOKUP(B32,'Player Data'!$A1:$AE673,27,FALSE)*$AJ32} -> 4.5 | AN32: {=VLOOKUP(B32,'Player Data'!$A1:$AE673,28,FALSE)*AJ32} -> 3.15 | AO32: {=VLOOKUP(B32,'Player Data'!$A1:$AE673,29,FALSE)*$AJ32*IFERROR((VLOOKUP(P32,Settings!$E$28:$F$33,2,FALSE)/4)+1,1)} -> 1183.5 | AP32: {=VLOOKUP(B32,'Player Data'!$A1:$AE673,31,FALSE)*$AJ32*(IFERROR(1-(VLOOKUP(P32,Settings!$E$28:$F$33,2,FALSE)/4),1))} -> 119.7 | AQ32: {=1-(AP32/(AO32+AP32))} -> 0.90814917 | AR32: {=AP32/AJ32} -> 2.66
A33: =RANK(K33,K$2:K$671) -> 26 | B33: Martin Necas | C33: N | D33: {=VLOOKUP(B33,'Player Data'!A1:D673,4,FALSE)} -> RW | E33: {=VLOOKUP(B33,RW!A1:F210,3,FALSE)} -> 4 | F33: {=VLOOKUP(B33,'Player Data'!A1:B673,2,FALSE)} -> COL | G33: {=VLOOKUP(B33,'Player Data'!A1:D673,3,FALSE)} -> 27 | H33: {=IFERROR(VLOOKUP(B33,ADP!A1:F671,6,FALSE)/1000000,VLOOKUP(B33,ADP!A1:F671,6,FALSE))} -> 11.5 | I33: =IF(Settings!$E$15="POINTS",((R33*Q33)*Settings!$B$12)+(S33*Settings!$B$2)+(T33*Settings!$B$3)+(U33*Settings!$B$4)+(V33*Settings!$B$5)+(X33*Settings!$B$9)+(AA33*Settings!$B$6)+(W33*Settings!$B$8)+(AB33*Settings!$B$7)+(AC33*Settings!$B$14)+(AD33*Settings!$B$15)+(AE33*Settings!$B$16)+(AF33*Settings!$B$17)+(AG33*Settings!$B$18)+(Y33*Settings!$B$10)+(Z33*Settings!$B$11),VLOOKUP(B33,'Standard Deviations'!A$1:C$672,3,FALSE)) -> 10.531693 | J33: {=IF(D33="G",I33/AJ33,I33/Q33)} -> 0.12843528 | K33: {=IF(Settings!$E$18="C/LW/RW",VLOOKUP(B33,RW!A1:F210,6,FALSE),VLOOKUP(B33,F!A1:F407,6,FALSE))} -> 3.6444584 | L33: {=IFERROR(K33/H33,"N/A")} -> 0.31690943 | M33: 14.8 | N33: {=IFERROR(M33-A33,"N/A")} -> -11.2 | P33: {=_xlfn.XLOOKUP($B33,ADP!A2:A671,ADP!G2:G671)} -> 0 | Q33: {=IF(Settings!$E$12="YES",VLOOKUP(B33,'Player Data'!A1:E673,5,FALSE),84)} -> 82 | R33: {=VLOOKUP(B33,'Player Data'!$A1:$AE673,6,FALSE)} -> 21.2 | S33: {=VLOOKUP(B33,'Player Data'!$A1:$AE673,7,FALSE)*$Q33*IFERROR((VLOOKUP(P33,Settings!$E$28:$F$33,2,FALSE)+1),1)} -> 36.08 | T33: {=VLOOKUP(B33,'Player Data'!$A1:$AE673,8,FALSE)*$Q33*IFERROR((VLOOKUP(P33,Settings!$E$28:$F$33,2,FALSE)+1),1)} -> 59.86 | U33: {=SUM(S33:T33)} -> 95.94 | V33: {=VLOOKUP(B33,'Player Data'!$A1:$AE673,10,FALSE)*$Q33*IFERROR(((VLOOKUP(P33,Settings!$E$28:$F$33,2,FALSE)/2)+1),1)} -> 229.6 | W33: {=VLOOKUP(B33,'Player Data'!$A1:$AE673,11,FALSE)*$Q33*IFERROR((VLOOKUP(P33,Settings!$E$28:$F$33,2,FALSE)+1),1)} -> 10.66 | X33: {=VLOOKUP(B33,'Player Data'!$A1:$AE673,12,FALSE)*$Q33*IFERROR((VLOOKUP(P33,Settings!$E$28:$F$33,2,FALSE)+1),1)} -> 27.88 | Y33: {=VLOOKUP(B33,'Player Data'!$A1:$AE673,13,FALSE)*$Q33} -> 0 | Z33: {=VLOOKUP(B33,'Player Data'!$A1:$AE673,14,FALSE)*$Q33} -> 0 | AA33: {=VLOOKUP(B33,'Player Data'!$A1:$AE673,15,FALSE)*$Q33} -> 29.52 | AB33: {=VLOOKUP(B33,'Player Data'!$A1:$AE673,16,FALSE)*$Q33} -> 83.64 | AC33: {=VLOOKUP(B33,'Player Data'!$A1:$AE673,17,FALSE)*$Q33*IFERROR((VLOOKUP(P33,Settings!$E$28:$F$33,2,FALSE)+1),1)} -> 9.84 | AD33: {=VLOOKUP(B33,'Player Data'!$A1:$AE673,18,FALSE)*$Q33} -> 34.44 | AE33: {=VLOOKUP(B33,'Player Data'!$A1:$AE673,19,FALSE)*$Q33*IFERROR((VLOOKUP(P33,Settings!$E$28:$F$33,2,FALSE)+1),1)} -> 6.56 | AF33: {=VLOOKUP(B33,'Player Data'!$A1:$AE673,20,FALSE)*$Q33} -> 22.96 | AG33: {=VLOOKUP(B33,'Player Data'!$A1:$AE673,21,FALSE)*$Q33} -> 36.08 | AH33: {=VLOOKUP(B33,'Player Data'!$A1:$AE673,22,FALSE)} -> 0.39
A34: =RANK(K34,K$2:K$671) -> 36 | B34: Shea Theodore | C34: N | D34: {=VLOOKUP(B34,'Player Data'!A1:D673,4,FALSE)} -> D | E34: {=VLOOKUP(B34,D!A1:C204,3,FALSE)} -> 15 | F34: {=VLOOKUP(B34,'Player Data'!A1:B673,2,FALSE)} -> VGK | G34: {=VLOOKUP(B34,'Player Data'!A1:D673,3,FALSE)} -> 31 | H34: {=IFERROR(VLOOKUP(B34,ADP!A1:F671,6,FALSE)/1000000,VLOOKUP(B34,ADP!A1:F671,6,FALSE))} -> 7.425 | I34: =IF(Settings!$E$15="POINTS",((R34*Q34)*Settings!$B$12)+(S34*Settings!$B$2)+(T34*Settings!$B$3)+(U34*Settings!$B$4)+(V34*Settings!$B$5)+(X34*Settings!$B$9)+(AA34*Settings!$B$6)+(W34*Settings!$B$8)+(AB34*Settings!$B$7)+(AC34*Settings!$B$14)+(AD34*Settings!$B$15)+(AE34*Settings!$B$16)+(AF34*Settings!$B$17)+(AG34*Settings!$B$18)+(U34*Settings!$B$13)+(Y34*Settings!$B$10)+(Z34*Settings!$B$11),VLOOKUP(B34,'Standard Deviations'!A$1:C$672,3,FALSE)) -> 3.2197983 | J34: {=IF(D34="G",I34/AJ34,I34/Q34)} -> 0.042365767 | K34: {=VLOOKUP(B34,D!A1:F204,6,FALSE)} -> 2.6529474 | L34: {=IFERROR(K34/H34,"N/A")} -> 0.35729931 | M34: 100.7 | N34: {=IFERROR(M34-A34,"N/A")} -> 64.7 | P34: {=_xlfn.XLOOKUP($B34,ADP!A2:A671,ADP!G2:G671)} -> 0 | Q34: {=IF(Settings!$E$12="YES",VLOOKUP(B34,'Player Data'!A1:E673,5,FALSE),84)} -> 76 | R34: {=VLOOKUP(B34,'Player Data'!$A1:$AE673,6,FALSE)} -> 24.6 | S34: {=VLOOKUP(B34,'Player Data'!$A1:$AE673,7,FALSE)*$Q34*IFERROR((VLOOKUP(P34,Settings!$E$28:$F$33,2,FALSE)+1),1)} -> 9.12 | T34: {=VLOOKUP(B34,'Player Data'!$A1:$AE673,8,FALSE)*$Q34*IFERROR((VLOOKUP(P34,Settings!$E$28:$F$33,2,FALSE)+1),1)} -> 50.16 | U34: {=SUM(S34:T34)} -> 59.28 | V34: {=VLOOKUP(B34,'Player Data'!$A1:$AE673,10,FALSE)*$Q34*IFERROR(((VLOOKUP(P34,Settings!$E$28:$F$33,2,FALSE)/2)+1),1)} -> 153.52 | W34: {=VLOOKUP(B34,'Player Data'!$A1:$AE673,11,FALSE)*$Q34*IFERROR((VLOOKUP(P34,Settings!$E$28:$F$33,2,FALSE)+1),1)} -> 3.04 | X34: {=VLOOKUP(B34,'Player Data'!$A1:$AE673,12,FALSE)*$Q34*IFERROR((VLOOKUP(P34,Settings!$E$28:$F$33,2,FALSE)+1),1)} -> 22.04 | Y34: {=VLOOKUP(B34,'Player Data'!$A1:$AE673,13,FALSE)*$Q34} -> 0 | Z34: {=VLOOKUP(B34,'Player Data'!$A1:$AE673,14,FALSE)*$Q34} -> 0 | AA34: {=VLOOKUP(B34,'Player Data'!$A1:$AE673,15,FALSE)*$Q34} -> 100.32 | AB34: {=VLOOKUP(B34,'Player Data'!$A1:$AE673,16,FALSE)*$Q34} -> 15.96 | AC34: {=VLOOKUP(B34,'Player Data'!$A1:$AE673,17,FALSE)*$Q34*IFERROR((VLOOKUP(P34,Settings!$E$28:$F$33,2,FALSE)+1),1)} -> 6.84 | AD34: {=VLOOKUP(B34,'Player Data'!$A1:$AE673,18,FALSE)*$Q34} -> 29.64 | AE34: {=VLOOKUP(B34,'Player Data'!$A1:$AE673,19,FALSE)*$Q34*IFERROR((VLOOKUP(P34,Settings!$E$28:$F$33,2,FALSE)+1),1)} -> 1.52 | AF34: {=VLOOKUP(B34,'Player Data'!$A1:$AE673,20,FALSE)*$Q34} -> 0 | AG34: {=VLOOKUP(B34,'Player Data'!$A1:$AE673,21,FALSE)*$Q34} -> 0 | AH34: {=VLOOKUP(B34,'Player Data'!$A1:$AE673,22,FALSE)} -> 0
A35: =RANK(K35,K$2:K$671) -> 38 | B35: Shayne Gostisbehere | C35: N | D35: {=VLOOKUP(B35,'Player Data'!A1:D673,4,FALSE)} -> D | E35: {=VLOOKUP(B35,D!A1:C204,3,FALSE)} -> 16 | F35: {=VLOOKUP(B35,'Player Data'!A1:B673,2,FALSE)} -> CAR | G35: {=VLOOKUP(B35,'Player Data'!A1:D673,3,FALSE)} -> 33 | H35: {=IFERROR(VLOOKUP(B35,ADP!A1:F671,6,FALSE)/1000000,VLOOKUP(B35,ADP!A1:F671,6,FALSE))} -> 3.2 | I35: =IF(Settings!$E$15="POINTS",((R35*Q35)*Settings!$B$12)+(S35*Settings!$B$2)+(T35*Settings!$B$3)+(U35*Settings!$B$4)+(V35*Settings!$B$5)+(X35*Settings!$B$9)+(AA35*Settings!$B$6)+(W35*Settings!$B$8)+(AB35*Settings!$B$7)+(AC35*Settings!$B$14)+(AD35*Settings!$B$15)+(AE35*Settings!$B$16)+(AF35*Settings!$B$17)+(AG35*Settings!$B$18)+(U35*Settings!$B$13)+(Y35*Settings!$B$10)+(Z35*Settings!$B$11),VLOOKUP(B35,'Standard Deviations'!A$1:C$672,3,FALSE)) -> 3.105012 | J35: {=IF(D35="G",I35/AJ35,I35/Q35)} -> 0.040324832 | K35: {=VLOOKUP(B35,D!A1:F204,6,FALSE)} -> 2.5381611 | L35: {=IFERROR(K35/H35,"N/A")} -> 0.79317535 | M35: 97.2 | N35: {=IFERROR(M35-A35,"N/A")} -> 59.2 | P35: {=_xlfn.XLOOKUP($B35,ADP!A2:A671,ADP!G2:G671)} -> 0 | Q35: {=IF(Settings!$E$12="YES",VLOOKUP(B35,'Player Data'!A1:E673,5,FALSE),84)} -> 77 | R35: {=VLOOKUP(B35,'Player Data'!$A1:$AE673,6,FALSE)} -> 19.2 | S35: {=VLOOKUP(B35,'Player Data'!$A1:$AE673,7,FALSE)*$Q35*IFERROR((VLOOKUP(P35,Settings!$E$28:$F$33,2,FALSE)+1),1)} -> 9.24 | T35: {=VLOOKUP(B35,'Player Data'!$A1:$AE673,8,FALSE)*$Q35*IFERROR((VLOOKUP(P35,Settings!$E$28:$F$33,2,FALSE)+1),1)} -> 40.04 | U35: {=SUM(S35:T35)} -> 49.28 | V35: {=VLOOKUP(B35,'Player Data'!$A1:$AE673,10,FALSE)*$Q35*IFERROR(((VLOOKUP(P35,Settings!$E$28:$F$33,2,FALSE)/2)+1),1)} -> 138.6 | W35: {=VLOOKUP(B35,'Player Data'!$A1:$AE673,11,FALSE)*$Q35*IFERROR((VLOOKUP(P35,Settings!$E$28:$F$33,2,FALSE)+1),1)} -> 3.85 | X35: {=VLOOKUP(B35,'Player Data'!$A1:$AE673,12,FALSE)*$Q35*IFERROR((VLOOKUP(P35,Settings!$E$28:$F$33,2,FALSE)+1),1)} -> 22.33 | Y35: {=VLOOKUP(B35,'Player Data'!$A1:$AE673,13,FALSE)*$Q35} -> 0 | Z35: {=VLOOKUP(B35,'Player Data'!$A1:$AE673,14,FALSE)*$Q35} -> 0 | AA35: {=VLOOKUP(B35,'Player Data'!$A1:$AE673,15,FALSE)*$Q35} -> 87.78 | AB35: {=VLOOKUP(B35,'Player Data'!$A1:$AE673,16,FALSE)*$Q35} -> 54.67 | AC35: {=VLOOKUP(B35,'Player Data'!$A1:$AE673,17,FALSE)*$Q35*IFERROR((VLOOKUP(P35,Settings!$E$28:$F$33,2,FALSE)+1),1)} -> 6.93 | AD35: {=VLOOKUP(B35,'Player Data'!$A1:$AE673,18,FALSE)*$Q35} -> 28.49 | AE35: {=VLOOKUP(B35,'Player Data'!$A1:$AE673,19,FALSE)*$Q35*IFERROR((VLOOKUP(P35,Settings!$E$28:$F$33,2,FALSE)+1),1)} -> 1.54 | AF35: {=VLOOKUP(B35,'Player Data'!$A1:$AE673,20,FALSE)*$Q35} -> 0 | AG35: {=VLOOKUP(B35,'Player Data'!$A1:$AE673,21,FALSE)*$Q35} -> 0 | AH35: {=VLOOKUP(B35,'Player Data'!$A1:$AE673,22,FALSE)} -> 0
A36: =RANK(K36,K$2:K$671) -> 40 | B36: Miro Heiskanen | C36: N | D36: {=VLOOKUP(B36,'Player Data'!A1:D673,4,FALSE)} -> D | E36: {=VLOOKUP(B36,D!A1:C204,3,FALSE)} -> 17 | F36: {=VLOOKUP(B36,'Player Data'!A1:B673,2,FALSE)} -> DAL | G36: {=VLOOKUP(B36,'Player Data'!A1:D673,3,FALSE)} -> 27 | H36: {=IFERROR(VLOOKUP(B36,ADP!A1:F671,6,FALSE)/1000000,VLOOKUP(B36,ADP!A1:F671,6,FALSE))} -> 8.45 | I36: =IF(Settings!$E$15="POINTS",((R36*Q36)*Settings!$B$12)+(S36*Settings!$B$2)+(T36*Settings!$B$3)+(U36*Settings!$B$4)+(V36*Settings!$B$5)+(X36*Settings!$B$9)+(AA36*Settings!$B$6)+(W36*Settings!$B$8)+(AB36*Settings!$B$7)+(AC36*Settings!$B$14)+(AD36*Settings!$B$15)+(AE36*Settings!$B$16)+(AF36*Settings!$B$17)+(AG36*Settings!$B$18)+(U36*Settings!$B$13)+(Y36*Settings!$B$10)+(Z36*Settings!$B$11),VLOOKUP(B36,'Standard Deviations'!A$1:C$672,3,FALSE)) -> 2.9948208 | J36: {=IF(D36="G",I36/AJ36,I36/Q36)} -> 0.038395139 | K36: {=VLOOKUP(B36,D!A1:F204,6,FALSE)} -> 2.4279699 | L36: {=IFERROR(K36/H36,"N/A")} -> 0.28733372 | M36: 72.6 | N36: {=IFERROR(M36-A36,"N/A")} -> 32.6 | P36: {=_xlfn.XLOOKUP($B36,ADP!A2:A671,ADP!G2:G671)} -> 0 | Q36: {=IF(Settings!$E$12="YES",VLOOKUP(B36,'Player Data'!A1:E673,5,FALSE),84)} -> 78 | R36: {=VLOOKUP(B36,'Player Data'!$A1:$AE673,6,FALSE)} -> 25.2 | S36: {=VLOOKUP(B36,'Player Data'!$A1:$AE673,7,FALSE)*$Q36*IFERROR((VLOOKUP(P36,Settings!$E$28:$F$33,2,FALSE)+1),1)} -> 9.36 | T36: {=VLOOKUP(B36,'Player Data'!$A1:$AE673,8,FALSE)*$Q36*IFERROR((VLOOKUP(P36,Settings!$E$28:$F$33,2,FALSE)+1),1)} -> 44.46 | U36: {=SUM(S36:T36)} -> 53.82 | V36: {=VLOOKUP(B36,'Player Data'!$A1:$AE673,10,FALSE)*$Q36*IFERROR(((VLOOKUP(P36,Settings!$E$28:$F$33,2,FALSE)/2)+1),1)} -> 153.66 | W36: {=VLOOKUP(B36,'Player Data'!$A1:$AE673,11,FALSE)*$Q36*IFERROR((VLOOKUP(P36,Settings!$E$28:$F$33,2,FALSE)+1),1)} -> 1.56 | X36: {=VLOOKUP(B36,'Player Data'!$A1:$AE673,12,FALSE)*$Q36*IFERROR((VLOOKUP(P36,Settings!$E$28:$F$33,2,FALSE)+1),1)} -> 20.28 | Y36: {=VLOOKUP(B36,'Player Data'!$A1:$AE673,13,FALSE)*$Q36} -> 0.78 | Z36: {=VLOOKUP(B36,'Player Data'!$A1:$AE673,14,FALSE)*$Q36} -> 0.78 | AA36: {=VLOOKUP(B36,'Player Data'!$A1:$AE673,15,FALSE)*$Q36} -> 133.38 | AB36: {=VLOOKUP(B36,'Player Data'!$A1:$AE673,16,FALSE)*$Q36} -> 38.22 | AC36: {=VLOOKUP(B36,'Player Data'!$A1:$AE673,17,FALSE)*$Q36*IFERROR((VLOOKUP(P36,Settings!$E$28:$F$33,2,FALSE)+1),1)} -> 6.24 | AD36: {=VLOOKUP(B36,'Player Data'!$A1:$AE673,18,FALSE)*$Q36} -> 29.64 | AE36: {=VLOOKUP(B36,'Player Data'!$A1:$AE673,19,FALSE)*$Q36*IFERROR((VLOOKUP(P36,Settings!$E$28:$F$33,2,FALSE)+1),1)} -> 1.56 | AF36: {=VLOOKUP(B36,'Player Data'!$A1:$AE673,20,FALSE)*$Q36} -> 0 | AG36: {=VLOOKUP(B36,'Player Data'!$A1:$AE673,21,FALSE)*$Q36} -> 0 | AH36: {=VLOOKUP(B36,'Player Data'!$A1:$AE673,22,FALSE)} -> 0
A37: =RANK(K37,K$2:K$671) -> 27 | B37: Auston Matthews | C37: N | D37: {=VLOOKUP(B37,'Player Data'!A1:D673,4,FALSE)} -> C | E37: {=VLOOKUP(B37,'C'!A1:C210,3,FALSE)} -> 7 | F37: {=VLOOKUP(B37,'Player Data'!A1:B673,2,FALSE)} -> TOR | G37: {=VLOOKUP(B37,'Player Data'!A1:D673,3,FALSE)} -> 29 | H37: {=IFERROR(VLOOKUP(B37,ADP!A1:F671,6,FALSE)/1000000,VLOOKUP(B37,ADP!A1:F671,6,FALSE))} -> 13.25 | I37: =IF(Settings!$E$15="POINTS",((R37*Q37)*Settings!$B$12)+(S37*Settings!$B$2)+(T37*Settings!$B$3)+(U37*Settings!$B$4)+(V37*Settings!$B$5)+(X37*Settings!$B$9)+(AA37*Settings!$B$6)+(W37*Settings!$B$8)+(AB37*Settings!$B$7)+(AC37*Settings!$B$14)+(AD37*Settings!$B$15)+(AE37*Settings!$B$16)+(AF37*Settings!$B$17)+(AG37*Settings!$B$18)+(Y37*Settings!$B$10)+(Z37*Settings!$B$11),VLOOKUP(B37,'Standard Deviations'!A$1:C$672,3,FALSE)) -> 9.6959347 | J37: {=IF(D37="G",I37/AJ37,I37/Q37)} -> 0.12430685 | K37: {=IF(Settings!$E$18="C/LW/RW",VLOOKUP(B37,'C'!A1:F210,6,FALSE),VLOOKUP(B37,F!A1:F407,6,FALSE))} -> 3.3359251 | L37: {=IFERROR(K37/H37,"N/A")} -> 0.25176793 | M37: 17.1 | N37: {=IFERROR(M37-A37,"N/A")} -> -9.9 | P37: {=_xlfn.XLOOKUP($B37,ADP!A2:A671,ADP!G2:G671)} -> + | Q37: {=IF(Settings!$E$12="YES",VLOOKUP(B37,'Player Data'!A1:E673,5,FALSE),84)} -> 78 | R37: {=VLOOKUP(B37,'Player Data'!$A1:$AE673,6,FALSE)} -> 20.6 | S37: {=VLOOKUP(B37,'Player Data'!$A1:$AE673,7,FALSE)*$Q37*IFERROR((VLOOKUP(P37,Settings!$E$28:$F$33,2,FALSE)+1),1)} -> 44.226 | T37: {=VLOOKUP(B37,'Player Data'!$A1:$AE673,8,FALSE)*$Q37*IFERROR((VLOOKUP(P37,Settings!$E$28:$F$33,2,FALSE)+1),1)} -> 45.045 | U37: {=SUM(S37:T37)} -> 89.271 | V37: {=VLOOKUP(B37,'Player Data'!$A1:$AE673,10,FALSE)*$Q37*IFERROR(((VLOOKUP(P37,Settings!$E$28:$F$33,2,FALSE)/2)+1),1)} -> 312.6045 | W37: {=VLOOKUP(B37,'Player Data'!$A1:$AE673,11,FALSE)*$Q37*IFERROR((VLOOKUP(P37,Settings!$E$28:$F$33,2,FALSE)+1),1)} -> 12.285 | X37: {=VLOOKUP(B37,'Player Data'!$A1:$AE673,12,FALSE)*$Q37*IFERROR((VLOOKUP(P37,Settings!$E$28:$F$33,2,FALSE)+1),1)} -> 27.027 | Y37: {=VLOOKUP(B37,'Player Data'!$A1:$AE673,13,FALSE)*$Q37} -> 0 | Z37: {=VLOOKUP(B37,'Player Data'!$A1:$AE673,14,FALSE)*$Q37} -> 0 | AA37: {=VLOOKUP(B37,'Player Data'!$A1:$AE673,15,FALSE)*$Q37} -> 88.14 | AB37: {=VLOOKUP(B37,'Player Data'!$A1:$AE673,16,FALSE)*$Q37} -> 57.72 | AC37: {=VLOOKUP(B37,'Player Data'!$A1:$AE673,17,FALSE)*$Q37*IFERROR((VLOOKUP(P37,Settings!$E$28:$F$33,2,FALSE)+1),1)} -> 3.276 | AD37: {=VLOOKUP(B37,'Player Data'!$A1:$AE673,18,FALSE)*$Q37} -> 22.62 | AE37: {=VLOOKUP(B37,'Player Data'!$A1:$AE673,19,FALSE)*$Q37*IFERROR((VLOOKUP(P37,Settings!$E$28:$F$33,2,FALSE)+1),1)} -> 5.733 | AF37: {=VLOOKUP(B37,'Player Data'!$A1:$AE673,20,FALSE)*$Q37} -> 726.18 | AG37: {=VLOOKUP(B37,'Player Data'!$A1:$AE673,21,FALSE)*$Q37} -> 549.9 | AH37: {=VLOOKUP(B37,'Player Data'!$A1:$AE673,22,FALSE)} -> 0.57
A38: =RANK(K38,K$2:K$671) -> 37 | B38: Linus Ullmark | C38: N | D38: {=VLOOKUP(B38,'Player Data'!A1:D673,4,FALSE)} -> G | E38: {=VLOOKUP(B38,G!A1:D66,3,FALSE)} -> 8 | F38: {=VLOOKUP(B38,'Player Data'!A1:B673,2,FALSE)} -> OTT | G38: {=VLOOKUP(B38,'Player Data'!A1:D673,3,FALSE)} -> 33 | H38: {=IFERROR(VLOOKUP(B38,ADP!A1:F671,6,FALSE)/1000000,VLOOKUP(B38,ADP!A1:F671,6,FALSE))} -> 8.25 | I38: =IF(Settings!$E$15="POINTS",(AJ38*Settings!$B$29)+(AK38*Settings!$B$21)+(AL38*Settings!$B$22)+(AN38*Settings!$B$24)+(AO38*Settings!$B$25)+(AP38*Settings!$B$27)+(AM38*Settings!$B$23),VLOOKUP(B38,'Standard Deviations'!A$1:C$672,3,FALSE)) -> 4.6379503 | J38: {=IF(D38="G",I38/AJ38,I38/Q38)} -> 0.092759007 | K38: {=VLOOKUP(B38,G!A1:F66,6,FALSE)} -> 2.5997651 | L38: {=IFERROR(K38/H38,"N/A")} -> 0.31512304 | M38: 132.5 | N38: {=IFERROR(M38-A38,"N/A")} -> 95.5 | P38: {=_xlfn.XLOOKUP($B38,ADP!A2:A671,ADP!G2:G671)} -> 0 | AJ38: {=VLOOKUP(B38,'Player Data'!$A1:$AE673,24,FALSE)} -> 50 | AK38: {=VLOOKUP(B38,'Player Data'!$A1:$AE673,25,FALSE)*$AJ38*IFERROR((VLOOKUP(P38,Settings!$E$28:$F$33,2,FALSE)+1),1)} -> 27.5 | AL38: {=AJ38-AK38-AM38} -> 17 | AM38: {=VLOOKUP(B38,'Player Data'!$A1:$AE673,27,FALSE)*$AJ38} -> 5.5 | AN38: {=VLOOKUP(B38,'Player Data'!$A1:$AE673,28,FALSE)*AJ38} -> 3.5 | AO38: {=VLOOKUP(B38,'Player Data'!$A1:$AE673,29,FALSE)*$AJ38*IFERROR((VLOOKUP(P38,Settings!$E$28:$F$33,2,FALSE)/4)+1,1)} -> 1220 | AP38: {=VLOOKUP(B38,'Player Data'!$A1:$AE673,31,FALSE)*$AJ38*(IFERROR(1-(VLOOKUP(P38,Settings!$E$28:$F$33,2,FALSE)/4),1))} -> 131.5 | AQ38: {=1-(AP38/(AO38+AP38))} -> 0.9027007 | AR38: {=AP38/AJ38} -> 2.63
A39: =RANK(K39,K$2:K$671) -> 29 | B39: Matt Boldy | C39: N | D39: {=VLOOKUP(B39,'Player Data'!A1:D673,4,FALSE)} -> LW,RW | E39: {=VLOOKUP(B39,RW!A1:F210,3,FALSE)} -> 5 | F39: {=VLOOKUP(B39,'Player Data'!A1:B673,2,FALSE)} -> MIN | G39: {=VLOOKUP(B39,'Player Data'!A1:D673,3,FALSE)} -> 25 | H39: {=IFERROR(VLOOKUP(B39,ADP!A1:F671,6,FALSE)/1000000,VLOOKUP(B39,ADP!A1:F671,6,FALSE))} -> 7 | I39: =IF(Settings!$E$15="POINTS",((R39*Q39)*Settings!$B$12)+(S39*Settings!$B$2)+(T39*Settings!$B$3)+(U39*Settings!$B$4)+(V39*Settings!$B$5)+(X39*Settings!$B$9)+(AA39*Settings!$B$6)+(W39*Settings!$B$8)+(AB39*Settings!$B$7)+(AC39*Settings!$B$14)+(AD39*Settings!$B$15)+(AE39*Settings!$B$16)+(AF39*Settings!$B$17)+(AG39*Settings!$B$18)+(Y39*Settings!$B$10)+(Z39*Settings!$B$11),VLOOKUP(B39,'Standard Deviations'!A$1:C$672,3,FALSE)) -> 10.069151 | J39: {=IF(D39="G",I39/AJ39,I39/Q39)} -> 0.12279452 | K39: {=IF(Settings!$E$18="C/LW/RW",VLOOKUP(B39,RW!A1:F210,6,FALSE),VLOOKUP(B39,F!A1:F407,6,FALSE))} -> 3.1819164 | L39: {=IFERROR(K39/H39,"N/A")} -> 0.45455948 | M39: 20.9 | N39: {=IFERROR(M39-A39,"N/A")} -> -8.1 | P39: {=_xlfn.XLOOKUP($B39,ADP!A2:A671,ADP!G2:G671)} -> + | Q39: {=IF(Settings!$E$12="YES",VLOOKUP(B39,'Player Data'!A1:E673,5,FALSE),84)} -> 82 | R39: {=VLOOKUP(B39,'Player Data'!$A1:$AE673,6,FALSE)} -> 21.5 | S39: {=VLOOKUP(B39,'Player Data'!$A1:$AE673,7,FALSE)*$Q39*IFERROR((VLOOKUP(P39,Settings!$E$28:$F$33,2,FALSE)+1),1)} -> 40.467 | T39: {=VLOOKUP(B39,'Player Data'!$A1:$AE673,8,FALSE)*$Q39*IFERROR((VLOOKUP(P39,Settings!$E$28:$F$33,2,FALSE)+1),1)} -> 51.66 | U39: {=SUM(S39:T39)} -> 92.127 | V39: {=VLOOKUP(B39,'Player Data'!$A1:$AE673,10,FALSE)*$Q39*IFERROR(((VLOOKUP(P39,Settings!$E$28:$F$33,2,FALSE)/2)+1),1)} -> 285.77 | W39: {=VLOOKUP(B39,'Player Data'!$A1:$AE673,11,FALSE)*$Q39*IFERROR((VLOOKUP(P39,Settings!$E$28:$F$33,2,FALSE)+1),1)} -> 10.332 | X39: {=VLOOKUP(B39,'Player Data'!$A1:$AE673,12,FALSE)*$Q39*IFERROR((VLOOKUP(P39,Settings!$E$28:$F$33,2,FALSE)+1),1)} -> 29.274 | Y39: {=VLOOKUP(B39,'Player Data'!$A1:$AE673,13,FALSE)*$Q39} -> 1.64 | Z39: {=VLOOKUP(B39,'Player Data'!$A1:$AE673,14,FALSE)*$Q39} -> 2.46 | AA39: {=VLOOKUP(B39,'Player Data'!$A1:$AE673,15,FALSE)*$Q39} -> 64.78 | AB39: {=VLOOKUP(B39,'Player Data'!$A1:$AE673,16,FALSE)*$Q39} -> 63.14 | AC39: {=VLOOKUP(B39,'Player Data'!$A1:$AE673,17,FALSE)*$Q39*IFERROR((VLOOKUP(P39,Settings!$E$28:$F$33,2,FALSE)+1),1)} -> 5.166 | AD39: {=VLOOKUP(B39,'Player Data'!$A1:$AE673,18,FALSE)*$Q39} -> 45.92 | AE39: {=VLOOKUP(B39,'Player Data'!$A1:$AE673,19,FALSE)*$Q39*IFERROR((VLOOKUP(P39,Settings!$E$28:$F$33,2,FALSE)+1),1)} -> 6.888 | AF39: {=VLOOKUP(B39,'Player Data'!$A1:$AE673,20,FALSE)*$Q39} -> 59.86 | AG39: {=VLOOKUP(B39,'Player Data'!$A1:$AE673,21,FALSE)*$Q39} -> 74.62 | AH39: {=VLOOKUP(B39,'Player Data'!$A1:$AE673,22,FALSE)} -> 0.45
A40: =RANK(K40,K$2:K$671) -> 33 | B40: Nick Suzuki | C40: N | D40: {=VLOOKUP(B40,'Player Data'!A1:D673,4,FALSE)} -> C | E40: {=VLOOKUP(B40,'C'!A1:C210,3,FALSE)} -> 8 | F40: {=VLOOKUP(B40,'Player Data'!A1:B673,2,FALSE)} -> MTL | G40: {=VLOOKUP(B40,'Player Data'!A1:D673,3,FALSE)} -> 27 | H40: {=IFERROR(VLOOKUP(B40,ADP!A1:F671,6,FALSE)/1000000,VLOOKUP(B40,ADP!A1:F671,6,FALSE))} -> 7.875 | I40: =IF(Settings!$E$15="POINTS",((R40*Q40)*Settings!$B$12)+(S40*Settings!$B$2)+(T40*Settings!$B$3)+(U40*Settings!$B$4)+(V40*Settings!$B$5)+(X40*Settings!$B$9)+(AA40*Settings!$B$6)+(W40*Settings!$B$8)+(AB40*Settings!$B$7)+(AC40*Settings!$B$14)+(AD40*Settings!$B$15)+(AE40*Settings!$B$16)+(AF40*Settings!$B$17)+(AG40*Settings!$B$18)+(Y40*Settings!$B$10)+(Z40*Settings!$B$11),VLOOKUP(B40,'Standard Deviations'!A$1:C$672,3,FALSE)) -> 9.3877295 | J40: {=IF(D40="G",I40/AJ40,I40/Q40)} -> 0.11175868 | K40: {=IF(Settings!$E$18="C/LW/RW",VLOOKUP(B40,'C'!A1:F210,6,FALSE),VLOOKUP(B40,F!A1:F407,6,FALSE))} -> 3.02772 | L40: {=IFERROR(K40/H40,"N/A")} -> 0.38447237 | M40: 12.1 | N40: {=IFERROR(M40-A40,"N/A")} -> -20.9 | P40: {=_xlfn.XLOOKUP($B40,ADP!A2:A671,ADP!G2:G671)} -> 0 | Q40: {=IF(Settings!$E$12="YES",VLOOKUP(B40,'Player Data'!A1:E673,5,FALSE),84)} -> 84 | R40: {=VLOOKUP(B40,'Player Data'!$A1:$AE673,6,FALSE)} -> 20.8 | S40: {=VLOOKUP(B40,'Player Data'!$A1:$AE673,7,FALSE)*$Q40*IFERROR((VLOOKUP(P40,Settings!$E$28:$F$33,2,FALSE)+1),1)} -> 31.08 | T40: {=VLOOKUP(B40,'Player Data'!$A1:$AE673,8,FALSE)*$Q40*IFERROR((VLOOKUP(P40,Settings!$E$28:$F$33,2,FALSE)+1),1)} -> 63.84 | U40: {=SUM(S40:T40)} -> 94.92 | V40: {=VLOOKUP(B40,'Player Data'!$A1:$AE673,10,FALSE)*$Q40*IFERROR(((VLOOKUP(P40,Settings!$E$28:$F$33,2,FALSE)/2)+1),1)} -> 189.84 | W40: {=VLOOKUP(B40,'Player Data'!$A1:$AE673,11,FALSE)*$Q40*IFERROR((VLOOKUP(P40,Settings!$E$28:$F$33,2,FALSE)+1),1)} -> 9.24 | X40: {=VLOOKUP(B40,'Player Data'!$A1:$AE673,12,FALSE)*$Q40*IFERROR((VLOOKUP(P40,Settings!$E$28:$F$33,2,FALSE)+1),1)} -> 36.12 | Y40: {=VLOOKUP(B40,'Player Data'!$A1:$AE673,13,FALSE)*$Q40} -> 0.84 | Z40: {=VLOOKUP(B40,'Player Data'!$A1:$AE673,14,FALSE)*$Q40} -> 0.84 | AA40: {=VLOOKUP(B40,'Player Data'!$A1:$AE673,15,FALSE)*$Q40} -> 63 | AB40: {=VLOOKUP(B40,'Player Data'!$A1:$AE673,16,FALSE)*$Q40} -> 64.68 | AC40: {=VLOOKUP(B40,'Player Data'!$A1:$AE673,17,FALSE)*$Q40*IFERROR((VLOOKUP(P40,Settings!$E$28:$F$33,2,FALSE)+1),1)} -> 6.72 | AD40: {=VLOOKUP(B40,'Player Data'!$A1:$AE673,18,FALSE)*$Q40} -> 24.36 | AE40: {=VLOOKUP(B40,'Player Data'!$A1:$AE673,19,FALSE)*$Q40*IFERROR((VLOOKUP(P40,Settings!$E$28:$F$33,2,FALSE)+1),1)} -> 5.04 | AF40: {=VLOOKUP(B40,'Player Data'!$A1:$AE673,20,FALSE)*$Q40} -> 741.72 | AG40: {=VLOOKUP(B40,'Player Data'!$A1:$AE673,21,FALSE)*$Q40} -> 703.08 | AH40: {=VLOOKUP(B40,'Player Data'!$A1:$AE673,22,FALSE)} -> 0.51
A41: =RANK(K41,K$2:K$671) -> 45 | B41: Roman Josi | C41: N | D41: {=VLOOKUP(B41,'Player Data'!A1:D673,4,FALSE)} -> D | E41: {=VLOOKUP(B41,D!A1:C204,3,FALSE)} -> 18 | F41: {=VLOOKUP(B41,'Player Data'!A1:B673,2,FALSE)} -> NSH | G41: {=VLOOKUP(B41,'Player Data'!A1:D673,3,FALSE)} -> 36 | H41: {=IFERROR(VLOOKUP(B41,ADP!A1:F671,6,FALSE)/1000000,VLOOKUP(B41,ADP!A1:F671,6,FALSE))} -> 9.059 | I41: =IF(Settings!$E$15="POINTS",((R41*Q41)*Settings!$B$12)+(S41*Settings!$B$2)+(T41*Settings!$B$3)+(U41*Settings!$B$4)+(V41*Settings!$B$5)+(X41*Settings!$B$9)+(AA41*Settings!$B$6)+(W41*Settings!$B$8)+(AB41*Settings!$B$7)+(AC41*Settings!$B$14)+(AD41*Settings!$B$15)+(AE41*Settings!$B$16)+(AF41*Settings!$B$17)+(AG41*Settings!$B$18)+(U41*Settings!$B$13)+(Y41*Settings!$B$10)+(Z41*Settings!$B$11),VLOOKUP(B41,'Standard Deviations'!A$1:C$672,3,FALSE)) -> 2.6190831 | J41: {=IF(D41="G",I41/AJ41,I41/Q41)} -> 0.033577989 | K41: {=VLOOKUP(B41,D!A1:F204,6,FALSE)} -> 2.0522322 | L41: {=IFERROR(K41/H41,"N/A")} -> 0.2265407 | M41: 79.9 | N41: {=IFERROR(M41-A41,"N/A")} -> 34.9 | P41: {=_xlfn.XLOOKUP($B41,ADP!A2:A671,ADP!G2:G671)} -> 0 | Q41: {=IF(Settings!$E$12="YES",VLOOKUP(B41,'Player Data'!A1:E673,5,FALSE),84)} -> 78 | R41: {=VLOOKUP(B41,'Player Data'!$A1:$AE673,6,FALSE)} -> 24.9 | S41: {=VLOOKUP(B41,'Player Data'!$A1:$AE673,7,FALSE)*$Q41*IFERROR((VLOOKUP(P41,Settings!$E$28:$F$33,2,FALSE)+1),1)} -> 12.48 | T41: {=VLOOKUP(B41,'Player Data'!$A1:$AE673,8,FALSE)*$Q41*IFERROR((VLOOKUP(P41,Settings!$E$28:$F$33,2,FALSE)+1),1)} -> 44.46 | U41: {=SUM(S41:T41)} -> 56.94 | V41: {=VLOOKUP(B41,'Player Data'!$A1:$AE673,10,FALSE)*$Q41*IFERROR(((VLOOKUP(P41,Settings!$E$28:$F$33,2,FALSE)/2)+1),1)} -> 204.36 | W41: {=VLOOKUP(B41,'Player Data'!$A1:$AE673,11,FALSE)*$Q41*IFERROR((VLOOKUP(P41,Settings!$E$28:$F$33,2,FALSE)+1),1)} -> 3.9 | X41: {=VLOOKUP(B41,'Player Data'!$A1:$AE673,12,FALSE)*$Q41*IFERROR((VLOOKUP(P41,Settings!$E$28:$F$33,2,FALSE)+1),1)} -> 22.62 | Y41: {=VLOOKUP(B41,'Player Data'!$A1:$AE673,13,FALSE)*$Q41} -> 0 | Z41: {=VLOOKUP(B41,'Player Data'!$A1:$AE673,14,FALSE)*$Q41} -> 0 | AA41: {=VLOOKUP(B41,'Player Data'!$A1:$AE673,15,FALSE)*$Q41} -> 122.46 | AB41: {=VLOOKUP(B41,'Player Data'!$A1:$AE673,16,FALSE)*$Q41} -> 41.34 | AC41: {=VLOOKUP(B41,'Player Data'!$A1:$AE673,17,FALSE)*$Q41*IFERROR((VLOOKUP(P41,Settings!$E$28:$F$33,2,FALSE)+1),1)} -> -2.34 | AD41: {=VLOOKUP(B41,'Player Data'!$A1:$AE673,18,FALSE)*$Q41} -> 36.66 | AE41: {=VLOOKUP(B41,'Player Data'!$A1:$AE673,19,FALSE)*$Q41*IFERROR((VLOOKUP(P41,Settings!$E$28:$F$33,2,FALSE)+1),1)} -> 1.56 | AF41: {=VLOOKUP(B41,'Player Data'!$A1:$AE673,20,FALSE)*$Q41} -> 0 | AG41: {=VLOOKUP(B41,'Player Data'!$A1:$AE673,21,FALSE)*$Q41} -> 0 | AH41: {=VLOOKUP(B41,'Player Data'!$A1:$AE673,22,FALSE)} -> 0
A42: =RANK(K42,K$2:K$671) -> 47 | B42: Erik Karlsson | C42: N | D42: {=VLOOKUP(B42,'Player Data'!A1:D673,4,FALSE)} -> D | E42: {=VLOOKUP(B42,D!A1:C204,3,FALSE)} -> 19 | F42: {=VLOOKUP(B42,'Player Data'!A1:B673,2,FALSE)} -> PIT | G42: {=VLOOKUP(B42,'Player Data'!A1:D673,3,FALSE)} -> 36 | H42: {=IFERROR(VLOOKUP(B42,ADP!A1:F671,6,FALSE)/1000000,VLOOKUP(B42,ADP!A1:F671,6,FALSE))} -> 10 | I42: =IF(Settings!$E$15="POINTS",((R42*Q42)*Settings!$B$12)+(S42*Settings!$B$2)+(T42*Settings!$B$3)+(U42*Settings!$B$4)+(V42*Settings!$B$5)+(X42*Settings!$B$9)+(AA42*Settings!$B$6)+(W42*Settings!$B$8)+(AB42*Settings!$B$7)+(AC42*Settings!$B$14)+(AD42*Settings!$B$15)+(AE42*Settings!$B$16)+(AF42*Settings!$B$17)+(AG42*Settings!$B$18)+(U42*Settings!$B$13)+(Y42*Settings!$B$10)+(Z42*Settings!$B$11),VLOOKUP(B42,'Standard Deviations'!A$1:C$672,3,FALSE)) -> 2.5208806 | J42: {=IF(D42="G",I42/AJ42,I42/Q42)} -> 0.030372055 | K42: {=VLOOKUP(B42,D!A1:F204,6,FALSE)} -> 1.9540297 | L42: {=IFERROR(K42/H42,"N/A")} -> 0.19540297 | M42: 75.1 | N42: {=IFERROR(M42-A42,"N/A")} -> 28.1 | P42: {=_xlfn.XLOOKUP($B42,ADP!A2:A671,ADP!G2:G671)} -> 0 | Q42: {=IF(Settings!$E$12="YES",VLOOKUP(B42,'Player Data'!A1:E673,5,FALSE),84)} -> 83 | R42: {=VLOOKUP(B42,'Player Data'!$A1:$AE673,6,FALSE)} -> 23.9 | S42: {=VLOOKUP(B42,'Player Data'!$A1:$AE673,7,FALSE)*$Q42*IFERROR((VLOOKUP(P42,Settings!$E$28:$F$33,2,FALSE)+1),1)} -> 9.13 | T42: {=VLOOKUP(B42,'Player Data'!$A1:$AE673,8,FALSE)*$Q42*IFERROR((VLOOKUP(P42,Settings!$E$28:$F$33,2,FALSE)+1),1)} -> 44.82 | U42: {=SUM(S42:T42)} -> 53.95 | V42: {=VLOOKUP(B42,'Player Data'!$A1:$AE673,10,FALSE)*$Q42*IFERROR(((VLOOKUP(P42,Settings!$E$28:$F$33,2,FALSE)/2)+1),1)} -> 180.94 | W42: {=VLOOKUP(B42,'Player Data'!$A1:$AE673,11,FALSE)*$Q42*IFERROR((VLOOKUP(P42,Settings!$E$28:$F$33,2,FALSE)+1),1)} -> 2.49 | X42: {=VLOOKUP(B42,'Player Data'!$A1:$AE673,12,FALSE)*$Q42*IFERROR((VLOOKUP(P42,Settings!$E$28:$F$33,2,FALSE)+1),1)} -> 20.75 | Y42: {=VLOOKUP(B42,'Player Data'!$A1:$AE673,13,FALSE)*$Q42} -> 0 | Z42: {=VLOOKUP(B42,'Player Data'!$A1:$AE673,14,FALSE)*$Q42} -> 0 | AA42: {=VLOOKUP(B42,'Player Data'!$A1:$AE673,15,FALSE)*$Q42} -> 92.13 | AB42: {=VLOOKUP(B42,'Player Data'!$A1:$AE673,16,FALSE)*$Q42} -> 38.18 | AC42: {=VLOOKUP(B42,'Player Data'!$A1:$AE673,17,FALSE)*$Q42*IFERROR((VLOOKUP(P42,Settings!$E$28:$F$33,2,FALSE)+1),1)} -> 1.66 | AD42: {=VLOOKUP(B42,'Player Data'!$A1:$AE673,18,FALSE)*$Q42} -> 32.37 | AE42: {=VLOOKUP(B42,'Player Data'!$A1:$AE673,19,FALSE)*$Q42*IFERROR((VLOOKUP(P42,Settings!$E$28:$F$33,2,FALSE)+1),1)} -> 1.66 | AF42: {=VLOOKUP(B42,'Player Data'!$A1:$AE673,20,FALSE)*$Q42} -> 0 | AG42: {=VLOOKUP(B42,'Player Data'!$A1:$AE673,21,FALSE)*$Q42} -> 0 | AH42: {=VLOOKUP(B42,'Player Data'!$A1:$AE673,22,FALSE)} -> 0
A43: =RANK(K43,K$2:K$671) -> 48 | B43: Luke Hughes | C43: N | D43: {=VLOOKUP(B43,'Player Data'!A1:D673,4,FALSE)} -> D | E43: {=VLOOKUP(B43,D!A1:C204,3,FALSE)} -> 20 | F43: {=VLOOKUP(B43,'Player Data'!A1:B673,2,FALSE)} -> N.J | G43: {=VLOOKUP(B43,'Player Data'!A1:D673,3,FALSE)} -> 23 | H43: {=IFERROR(VLOOKUP(B43,ADP!A1:F671,6,FALSE)/1000000,VLOOKUP(B43,ADP!A1:F671,6,FALSE))} -> 9 | I43: =IF(Settings!$E$15="POINTS",((R43*Q43)*Settings!$B$12)+(S43*Settings!$B$2)+(T43*Settings!$B$3)+(U43*Settings!$B$4)+(V43*Settings!$B$5)+(X43*Settings!$B$9)+(AA43*Settings!$B$6)+(W43*Settings!$B$8)+(AB43*Settings!$B$7)+(AC43*Settings!$B$14)+(AD43*Settings!$B$15)+(AE43*Settings!$B$16)+(AF43*Settings!$B$17)+(AG43*Settings!$B$18)+(U43*Settings!$B$13)+(Y43*Settings!$B$10)+(Z43*Settings!$B$11),VLOOKUP(B43,'Standard Deviations'!A$1:C$672,3,FALSE)) -> 2.4060503 | J43: {=IF(D43="G",I43/AJ43,I43/Q43)} -> 0.030075629 | K43: {=VLOOKUP(B43,D!A1:F204,6,FALSE)} -> 1.8391994 | L43: {=IFERROR(K43/H43,"N/A")} -> 0.20435549 | M43: 135.2 | N43: {=IFERROR(M43-A43,"N/A")} -> 87.2 | P43: {=_xlfn.XLOOKUP($B43,ADP!A2:A671,ADP!G2:G671)} -> + + | Q43: {=IF(Settings!$E$12="YES",VLOOKUP(B43,'Player Data'!A1:E673,5,FALSE),84)} -> 80 | R43: {=VLOOKUP(B43,'Player Data'!$A1:$AE673,6,FALSE)} -> 23.2 | S43: {=VLOOKUP(B43,'Player Data'!$A1:$AE673,7,FALSE)*$Q43*IFERROR((VLOOKUP(P43,Settings!$E$28:$F$33,2,FALSE)+1),1)} -> 9.68 | T43: {=VLOOKUP(B43,'Player Data'!$A1:$AE673,8,FALSE)*$Q43*IFERROR((VLOOKUP(P43,Settings!$E$28:$F$33,2,FALSE)+1),1)} -> 45.76 | U43: {=SUM(S43:T43)} -> 55.44 | V43: {=VLOOKUP(B43,'Player Data'!$A1:$AE673,10,FALSE)*$Q43*IFERROR(((VLOOKUP(P43,Settings!$E$28:$F$33,2,FALSE)/2)+1),1)} -> 178.92 | W43: {=VLOOKUP(B43,'Player Data'!$A1:$AE673,11,FALSE)*$Q43*IFERROR((VLOOKUP(P43,Settings!$E$28:$F$33,2,FALSE)+1),1)} -> 2.64 | X43: {=VLOOKUP(B43,'Player Data'!$A1:$AE673,12,FALSE)*$Q43*IFERROR((VLOOKUP(P43,Settings!$E$28:$F$33,2,FALSE)+1),1)} -> 23.76 | Y43: {=VLOOKUP(B43,'Player Data'!$A1:$AE673,13,FALSE)*$Q43} -> 0 | Z43: {=VLOOKUP(B43,'Player Data'!$A1:$AE673,14,FALSE)*$Q43} -> 0 | AA43: {=VLOOKUP(B43,'Player Data'!$A1:$AE673,15,FALSE)*$Q43} -> 78.4 | AB43: {=VLOOKUP(B43,'Player Data'!$A1:$AE673,16,FALSE)*$Q43} -> 31.2 | AC43: {=VLOOKUP(B43,'Player Data'!$A1:$AE673,17,FALSE)*$Q43*IFERROR((VLOOKUP(P43,Settings!$E$28:$F$33,2,FALSE)+1),1)} -> 0 | AD43: {=VLOOKUP(B43,'Player Data'!$A1:$AE673,18,FALSE)*$Q43} -> 32.8 | AE43: {=VLOOKUP(B43,'Player Data'!$A1:$AE673,19,FALSE)*$Q43*IFERROR((VLOOKUP(P43,Settings!$E$28:$F$33,2,FALSE)+1),1)} -> 1.76 | AF43: {=VLOOKUP(B43,'Player Data'!$A1:$AE673,20,FALSE)*$Q43} -> 0 | AG43: {=VLOOKUP(B43,'Player Data'!$A1:$AE673,21,FALSE)*$Q43} -> 0 | AH43: {=VLOOKUP(B43,'Player Data'!$A1:$AE673,22,FALSE)} -> 0
A44: =RANK(K44,K$2:K$671) -> 50 | B44: Mikhail Sergachev | C44: N | D44: {=VLOOKUP(B44,'Player Data'!A1:D673,4,FALSE)} -> D | E44: {=VLOOKUP(B44,D!A1:C204,3,FALSE)} -> 21 | F44: {=VLOOKUP(B44,'Player Data'!A1:B673,2,FALSE)} -> UTA | G44: {=VLOOKUP(B44,'Player Data'!A1:D673,3,FALSE)} -> 28 | H44: {=IFERROR(VLOOKUP(B44,ADP!A1:F671,6,FALSE)/1000000,VLOOKUP(B44,ADP!A1:F671,6,FALSE))} -> 8.5 | I44: =IF(Settings!$E$15="POINTS",((R44*Q44)*Settings!$B$12)+(S44*Settings!$B$2)+(T44*Settings!$B$3)+(U44*Settings!$B$4)+(V44*Settings!$B$5)+(X44*Settings!$B$9)+(AA44*Settings!$B$6)+(W44*Settings!$B$8)+(AB44*Settings!$B$7)+(AC44*Settings!$B$14)+(AD44*Settings!$B$15)+(AE44*Settings!$B$16)+(AF44*Settings!$B$17)+(AG44*Settings!$B$18)+(U44*Settings!$B$13)+(Y44*Settings!$B$10)+(Z44*Settings!$B$11),VLOOKUP(B44,'Standard Deviations'!A$1:C$672,3,FALSE)) -> 2.2769917 | J44: {=IF(D44="G",I44/AJ44,I44/Q44)} -> 0.029192202 | K44: {=VLOOKUP(B44,D!A1:F204,6,FALSE)} -> 1.7101408 | L44: {=IFERROR(K44/H44,"N/A")} -> 0.20119304 | M44: 93 | N44: {=IFERROR(M44-A44,"N/A")} -> 43 | P44: {=_xlfn.XLOOKUP($B44,ADP!A2:A671,ADP!G2:G671)} -> 0 | Q44: {=IF(Settings!$E$12="YES",VLOOKUP(B44,'Player Data'!A1:E673,5,FALSE),84)} -> 78 | R44: {=VLOOKUP(B44,'Player Data'!$A1:$AE673,6,FALSE)} -> 24.1 | S44: {=VLOOKUP(B44,'Player Data'!$A1:$AE673,7,FALSE)*$Q44*IFERROR((VLOOKUP(P44,Settings!$E$28:$F$33,2,FALSE)+1),1)} -> 10.92 | T44: {=VLOOKUP(B44,'Player Data'!$A1:$AE673,8,FALSE)*$Q44*IFERROR((VLOOKUP(P44,Settings!$E$28:$F$33,2,FALSE)+1),1)} -> 42.9 | U44: {=SUM(S44:T44)} -> 53.82 | V44: {=VLOOKUP(B44,'Player Data'!$A1:$AE673,10,FALSE)*$Q44*IFERROR(((VLOOKUP(P44,Settings!$E$28:$F$33,2,FALSE)/2)+1),1)} -> 146.64 | W44: {=VLOOKUP(B44,'Player Data'!$A1:$AE673,11,FALSE)*$Q44*IFERROR((VLOOKUP(P44,Settings!$E$28:$F$33,2,FALSE)+1),1)} -> 3.9 | X44: {=VLOOKUP(B44,'Player Data'!$A1:$AE673,12,FALSE)*$Q44*IFERROR((VLOOKUP(P44,Settings!$E$28:$F$33,2,FALSE)+1),1)} -> 24.18 | Y44: {=VLOOKUP(B44,'Player Data'!$A1:$AE673,13,FALSE)*$Q44} -> 0 | Z44: {=VLOOKUP(B44,'Player Data'!$A1:$AE673,14,FALSE)*$Q44} -> 0.78 | AA44: {=VLOOKUP(B44,'Player Data'!$A1:$AE673,15,FALSE)*$Q44} -> 129.48 | AB44: {=VLOOKUP(B44,'Player Data'!$A1:$AE673,16,FALSE)*$Q44} -> 53.82 | AC44: {=VLOOKUP(B44,'Player Data'!$A1:$AE673,17,FALSE)*$Q44*IFERROR((VLOOKUP(P44,Settings!$E$28:$F$33,2,FALSE)+1),1)} -> 0 | AD44: {=VLOOKUP(B44,'Player Data'!$A1:$AE673,18,FALSE)*$Q44} -> 40.56 | AE44: {=VLOOKUP(B44,'Player Data'!$A1:$AE673,19,FALSE)*$Q44*IFERROR((VLOOKUP(P44,Settings!$E$28:$F$33,2,FALSE)+1),1)} -> 1.56 | AF44: {=VLOOKUP(B44,'Player Data'!$A1:$AE673,20,FALSE)*$Q44} -> 0 | AG44: {=VLOOKUP(B44,'Player Data'!$A1:$AE673,21,FALSE)*$Q44} -> 0 | AH44: {=VLOOKUP(B44,'Player Data'!$A1:$AE673,22,FALSE)} -> 0
A45: =RANK(K45,K$2:K$671) -> 51 | B45: Brandt Clarke | C45: N | D45: {=VLOOKUP(B45,'Player Data'!A1:D673,4,FALSE)} -> D | E45: {=VLOOKUP(B45,D!A1:C204,3,FALSE)} -> 22 | F45: {=VLOOKUP(B45,'Player Data'!A1:B673,2,FALSE)} -> L.A | G45: {=VLOOKUP(B45,'Player Data'!A1:D673,3,FALSE)} -> 23 | H45: {=IFERROR(VLOOKUP(B45,ADP!A1:F671,6,FALSE)/1000000,VLOOKUP(B45,ADP!A1:F671,6,FALSE))} -> 7.4 | I45: =IF(Settings!$E$15="POINTS",((R45*Q45)*Settings!$B$12)+(S45*Settings!$B$2)+(T45*Settings!$B$3)+(U45*Settings!$B$4)+(V45*Settings!$B$5)+(X45*Settings!$B$9)+(AA45*Settings!$B$6)+(W45*Settings!$B$8)+(AB45*Settings!$B$7)+(AC45*Settings!$B$14)+(AD45*Settings!$B$15)+(AE45*Settings!$B$16)+(AF45*Settings!$B$17)+(AG45*Settings!$B$18)+(U45*Settings!$B$13)+(Y45*Settings!$B$10)+(Z45*Settings!$B$11),VLOOKUP(B45,'Standard Deviations'!A$1:C$672,3,FALSE)) -> 2.2702083 | J45: {=IF(D45="G",I45/AJ45,I45/Q45)} -> 0.027685467 | K45: {=VLOOKUP(B45,D!A1:F204,6,FALSE)} -> 1.7033574 | L45: {=IFERROR(K45/H45,"N/A")} -> 0.23018343 | M45: 104.6 | N45: {=IFERROR(M45-A45,"N/A")} -> 53.6 | P45: {=_xlfn.XLOOKUP($B45,ADP!A2:A671,ADP!G2:G671)} -> + | Q45: {=IF(Settings!$E$12="YES",VLOOKUP(B45,'Player Data'!A1:E673,5,FALSE),84)} -> 82 | R45: {=VLOOKUP(B45,'Player Data'!$A1:$AE673,6,FALSE)} -> 21.1 | S45: {=VLOOKUP(B45,'Player Data'!$A1:$AE673,7,FALSE)*$Q45*IFERROR((VLOOKUP(P45,Settings!$E$28:$F$33,2,FALSE)+1),1)} -> 10.332 | T45: {=VLOOKUP(B45,'Player Data'!$A1:$AE673,8,FALSE)*$Q45*IFERROR((VLOOKUP(P45,Settings!$E$28:$F$33,2,FALSE)+1),1)} -> 40.467 | U45: {=SUM(S45:T45)} -> 50.799 | V45: {=VLOOKUP(B45,'Player Data'!$A1:$AE673,10,FALSE)*$Q45*IFERROR(((VLOOKUP(P45,Settings!$E$28:$F$33,2,FALSE)/2)+1),1)} -> 179.867 | W45: {=VLOOKUP(B45,'Player Data'!$A1:$AE673,11,FALSE)*$Q45*IFERROR((VLOOKUP(P45,Settings!$E$28:$F$33,2,FALSE)+1),1)} -> 2.583 | X45: {=VLOOKUP(B45,'Player Data'!$A1:$AE673,12,FALSE)*$Q45*IFERROR((VLOOKUP(P45,Settings!$E$28:$F$33,2,FALSE)+1),1)} -> 17.22 | Y45: {=VLOOKUP(B45,'Player Data'!$A1:$AE673,13,FALSE)*$Q45} -> 0 | Z45: {=VLOOKUP(B45,'Player Data'!$A1:$AE673,14,FALSE)*$Q45} -> 0 | AA45: {=VLOOKUP(B45,'Player Data'!$A1:$AE673,15,FALSE)*$Q45} -> 172.2 | AB45: {=VLOOKUP(B45,'Player Data'!$A1:$AE673,16,FALSE)*$Q45} -> 43.46 | AC45: {=VLOOKUP(B45,'Player Data'!$A1:$AE673,17,FALSE)*$Q45*IFERROR((VLOOKUP(P45,Settings!$E$28:$F$33,2,FALSE)+1),1)} -> 2.583 | AD45: {=VLOOKUP(B45,'Player Data'!$A1:$AE673,18,FALSE)*$Q45} -> 56.58 | AE45: {=VLOOKUP(B45,'Player Data'!$A1:$AE673,19,FALSE)*$Q45*IFERROR((VLOOKUP(P45,Settings!$E$28:$F$33,2,FALSE)+1),1)} -> 1.722 | AF45: {=VLOOKUP(B45,'Player Data'!$A1:$AE673,20,FALSE)*$Q45} -> 0 | AG45: {=VLOOKUP(B45,'Player Data'!$A1:$AE673,21,FALSE)*$Q45} -> 0 | AH45: {=VLOOKUP(B45,'Player Data'!$A1:$AE673,22,FALSE)} -> 0
A46: =RANK(K46,K$2:K$671) -> 54 | B46: Jackson LaCombe | C46: N | D46: {=VLOOKUP(B46,'Player Data'!A1:D673,4,FALSE)} -> D | E46: {=VLOOKUP(B46,D!A1:C204,3,FALSE)} -> 23 | F46: {=VLOOKUP(B46,'Player Data'!A1:B673,2,FALSE)} -> ANA | G46: {=VLOOKUP(B46,'Player Data'!A1:D673,3,FALSE)} -> 25 | H46: {=IFERROR(VLOOKUP(B46,ADP!A1:F671,6,FALSE)/1000000,VLOOKUP(B46,ADP!A1:F671,6,FALSE))} -> 9 | I46: =IF(Settings!$E$15="POINTS",((R46*Q46)*Settings!$B$12)+(S46*Settings!$B$2)+(T46*Settings!$B$3)+(U46*Settings!$B$4)+(V46*Settings!$B$5)+(X46*Settings!$B$9)+(AA46*Settings!$B$6)+(W46*Settings!$B$8)+(AB46*Settings!$B$7)+(AC46*Settings!$B$14)+(AD46*Settings!$B$15)+(AE46*Settings!$B$16)+(AF46*Settings!$B$17)+(AG46*Settings!$B$18)+(U46*Settings!$B$13)+(Y46*Settings!$B$10)+(Z46*Settings!$B$11),VLOOKUP(B46,'Standard Deviations'!A$1:C$672,3,FALSE)) -> 2.1998401 | J46: {=IF(D46="G",I46/AJ46,I46/Q46)} -> 0.026827318 | K46: {=VLOOKUP(B46,D!A1:F204,6,FALSE)} -> 1.6329892 | L46: {=IFERROR(K46/H46,"N/A")} -> 0.18144324 | M46: 79.5 | N46: {=IFERROR(M46-A46,"N/A")} -> 25.5 | P46: {=_xlfn.XLOOKUP($B46,ADP!A2:A671,ADP!G2:G671)} -> + | Q46: {=IF(Settings!$E$12="YES",VLOOKUP(B46,'Player Data'!A1:E673,5,FALSE),84)} -> 82 | R46: {=VLOOKUP(B46,'Player Data'!$A1:$AE673,6,FALSE)} -> 24.9 | S46: {=VLOOKUP(B46,'Player Data'!$A1:$AE673,7,FALSE)*$Q46*IFERROR((VLOOKUP(P46,Settings!$E$28:$F$33,2,FALSE)+1),1)} -> 12.915 | T46: {=VLOOKUP(B46,'Player Data'!$A1:$AE673,8,FALSE)*$Q46*IFERROR((VLOOKUP(P46,Settings!$E$28:$F$33,2,FALSE)+1),1)} -> 44.772 | U46: {=SUM(S46:T46)} -> 57.687 | V46: {=VLOOKUP(B46,'Player Data'!$A1:$AE673,10,FALSE)*$Q46*IFERROR(((VLOOKUP(P46,Settings!$E$28:$F$33,2,FALSE)/2)+1),1)} -> 162.2165 | W46: {=VLOOKUP(B46,'Player Data'!$A1:$AE673,11,FALSE)*$Q46*IFERROR((VLOOKUP(P46,Settings!$E$28:$F$33,2,FALSE)+1),1)} -> 3.444 | X46: {=VLOOKUP(B46,'Player Data'!$A1:$AE673,12,FALSE)*$Q46*IFERROR((VLOOKUP(P46,Settings!$E$28:$F$33,2,FALSE)+1),1)} -> 19.803 | Y46: {=VLOOKUP(B46,'Player Data'!$A1:$AE673,13,FALSE)*$Q46} -> 0.82 | Z46: {=VLOOKUP(B46,'Player Data'!$A1:$AE673,14,FALSE)*$Q46} -> 1.64 | AA46: {=VLOOKUP(B46,'Player Data'!$A1:$AE673,15,FALSE)*$Q46} -> 137.76 | AB46: {=VLOOKUP(B46,'Player Data'!$A1:$AE673,16,FALSE)*$Q46} -> 78.72 | AC46: {=VLOOKUP(B46,'Player Data'!$A1:$AE673,17,FALSE)*$Q46*IFERROR((VLOOKUP(P46,Settings!$E$28:$F$33,2,FALSE)+1),1)} -> -3.444 | AD46: {=VLOOKUP(B46,'Player Data'!$A1:$AE673,18,FALSE)*$Q46} -> 31.16 | AE46: {=VLOOKUP(B46,'Player Data'!$A1:$AE673,19,FALSE)*$Q46*IFERROR((VLOOKUP(P46,Settings!$E$28:$F$33,2,FALSE)+1),1)} -> 1.722 | AF46: {=VLOOKUP(B46,'Player Data'!$A1:$AE673,20,FALSE)*$Q46} -> 0 | AG46: {=VLOOKUP(B46,'Player Data'!$A1:$AE673,21,FALSE)*$Q46} -> 0 | AH46: {=VLOOKUP(B46,'Player Data'!$A1:$AE673,22,FALSE)} -> 0
A47: =RANK(K47,K$2:K$671) -> 49 | B47: Jesper Wallstedt | C47: N | D47: {=VLOOKUP(B47,'Player Data'!A1:D673,4,FALSE)} -> G | E47: {=VLOOKUP(B47,G!A1:D66,3,FALSE)} -> 9 | F47: {=VLOOKUP(B47,'Player Data'!A1:B673,2,FALSE)} -> MIN | G47: {=VLOOKUP(B47,'Player Data'!A1:D673,3,FALSE)} -> 23 | H47: {=IFERROR(VLOOKUP(B47,ADP!A1:F671,6,FALSE)/1000000,VLOOKUP(B47,ADP!A1:F671,6,FALSE))} -> 2.2 | I47: =IF(Settings!$E$15="POINTS",(AJ47*Settings!$B$29)+(AK47*Settings!$B$21)+(AL47*Settings!$B$22)+(AN47*Settings!$B$24)+(AO47*Settings!$B$25)+(AP47*Settings!$B$27)+(AM47*Settings!$B$23),VLOOKUP(B47,'Standard Deviations'!A$1:C$672,3,FALSE)) -> 3.8485119 | J47: {=IF(D47="G",I47/AJ47,I47/Q47)} -> 0.085522487 | K47: {=VLOOKUP(B47,G!A1:F66,6,FALSE)} -> 1.8103266 | L47: {=IFERROR(K47/H47,"N/A")} -> 0.82287574 | M47: 58.3 | N47: {=IFERROR(M47-A47,"N/A")} -> 9.3 | P47: {=_xlfn.XLOOKUP($B47,ADP!A2:A671,ADP!G2:G671)} -> + | AJ47: {=VLOOKUP(B47,'Player Data'!$A1:$AE673,24,FALSE)} -> 45 | AK47: {=VLOOKUP(B47,'Player Data'!$A1:$AE673,25,FALSE)*$AJ47*IFERROR((VLOOKUP(P47,Settings!$E$28:$F$33,2,FALSE)+1),1)} -> 25.515 | AL47: {=AJ47-AK47-AM47} -> 14.535 | AM47: {=VLOOKUP(B47,'Player Data'!$A1:$AE673,27,FALSE)*$AJ47} -> 4.95 | AN47: {=VLOOKUP(B47,'Player Data'!$A1:$AE673,28,FALSE)*AJ47} -> 2.7 | AO47: {=VLOOKUP(B47,'Player Data'!$A1:$AE673,29,FALSE)*$AJ47*IFERROR((VLOOKUP(P47,Settings!$E$28:$F$33,2,FALSE)/4)+1,1)} -> 1166.4 | AP47: {=VLOOKUP(B47,'Player Data'!$A1:$AE673,31,FALSE)*$AJ47*(IFERROR(1-(VLOOKUP(P47,Settings!$E$28:$F$33,2,FALSE)/4),1))} -> 120.42563 | AQ47: {=1-(AP47/(AO47+AP47))} -> 0.90641652 | AR47: {=AP47/AJ47} -> 2.676125
A48: =RANK(K48,K$2:K$671) -> 55 | B48: Cole Hutson | C48: N | D48: {=VLOOKUP(B48,'Player Data'!A1:D673,4,FALSE)} -> D | E48: {=VLOOKUP(B48,D!A1:C204,3,FALSE)} -> 24 | F48: {=VLOOKUP(B48,'Player Data'!A1:B673,2,FALSE)} -> WSH | G48: {=VLOOKUP(B48,'Player Data'!A1:D673,3,FALSE)} -> 20 | H48: {=IFERROR(VLOOKUP(B48,ADP!A1:F671,6,FALSE)/1000000,VLOOKUP(B48,ADP!A1:F671,6,FALSE))} -> 0.940833 | I48: =IF(Settings!$E$15="POINTS",((R48*Q48)*Settings!$B$12)+(S48*Settings!$B$2)+(T48*Settings!$B$3)+(U48*Settings!$B$4)+(V48*Settings!$B$5)+(X48*Settings!$B$9)+(AA48*Settings!$B$6)+(W48*Settings!$B$8)+(AB48*Settings!$B$7)+(AC48*Settings!$B$14)+(AD48*Settings!$B$15)+(AE48*Settings!$B$16)+(AF48*Settings!$B$17)+(AG48*Settings!$B$18)+(U48*Settings!$B$13)+(Y48*Settings!$B$10)+(Z48*Settings!$B$11),VLOOKUP(B48,'Standard Deviations'!A$1:C$672,3,FALSE)) -> 2.1858213 | J48: {=IF(D48="G",I48/AJ48,I48/Q48)} -> 0.029538126 | K48: {=VLOOKUP(B48,D!A1:F204,6,FALSE)} -> 1.6189704 | L48: {=IFERROR(K48/H48,"N/A")} -> 1.720784 | M48: 90 | N48: {=IFERROR(M48-A48,"N/A")} -> 35 | P48: {=_xlfn.XLOOKUP($B48,ADP!A2:A671,ADP!G2:G671)} -> 0 | Q48: {=IF(Settings!$E$12="YES",VLOOKUP(B48,'Player Data'!A1:E673,5,FALSE),84)} -> 74 | R48: {=VLOOKUP(B48,'Player Data'!$A1:$AE673,6,FALSE)} -> 19.1 | S48: {=VLOOKUP(B48,'Player Data'!$A1:$AE673,7,FALSE)*$Q48*IFERROR((VLOOKUP(P48,Settings!$E$28:$F$33,2,FALSE)+1),1)} -> 11.1 | T48: {=VLOOKUP(B48,'Player Data'!$A1:$AE673,8,FALSE)*$Q48*IFERROR((VLOOKUP(P48,Settings!$E$28:$F$33,2,FALSE)+1),1)} -> 34.04 | U48: {=SUM(S48:T48)} -> 45.14 | V48: {=VLOOKUP(B48,'Player Data'!$A1:$AE673,10,FALSE)*$Q48*IFERROR(((VLOOKUP(P48,Settings!$E$28:$F$33,2,FALSE)/2)+1),1)} -> 111.74 | W48: {=VLOOKUP(B48,'Player Data'!$A1:$AE673,11,FALSE)*$Q48*IFERROR((VLOOKUP(P48,Settings!$E$28:$F$33,2,FALSE)+1),1)} -> 1.48 | X48: {=VLOOKUP(B48,'Player Data'!$A1:$AE673,12,FALSE)*$Q48*IFERROR((VLOOKUP(P48,Settings!$E$28:$F$33,2,FALSE)+1),1)} -> 21.46 | Y48: {=VLOOKUP(B48,'Player Data'!$A1:$AE673,13,FALSE)*$Q48} -> 0 | Z48: {=VLOOKUP(B48,'Player Data'!$A1:$AE673,14,FALSE)*$Q48} -> 0 | AA48: {=VLOOKUP(B48,'Player Data'!$A1:$AE673,15,FALSE)*$Q48} -> 75.48 | AB48: {=VLOOKUP(B48,'Player Data'!$A1:$AE673,16,FALSE)*$Q48} -> 90.28 | AC48: {=VLOOKUP(B48,'Player Data'!$A1:$AE673,17,FALSE)*$Q48*IFERROR((VLOOKUP(P48,Settings!$E$28:$F$33,2,FALSE)+1),1)} -> 2.96 | AD48: {=VLOOKUP(B48,'Player Data'!$A1:$AE673,18,FALSE)*$Q48} -> 37.74 | AE48: {=VLOOKUP(B48,'Player Data'!$A1:$AE673,19,FALSE)*$Q48*IFERROR((VLOOKUP(P48,Settings!$E$28:$F$33,2,FALSE)+1),1)} -> 1.48 | AF48: {=VLOOKUP(B48,'Player Data'!$A1:$AE673,20,FALSE)*$Q48} -> 0 | AG48: {=VLOOKUP(B48,'Player Data'!$A1:$AE673,21,FALSE)*$Q48} -> 0 | AH48: {=VLOOKUP(B48,'Player Data'!$A1:$AE673,22,FALSE)} -> 0
A49: =RANK(K49,K$2:K$671) -> 39 | B49: Wyatt Johnston | C49: N | D49: {=VLOOKUP(B49,'Player Data'!A1:D673,4,FALSE)} -> C,RW | E49: {=VLOOKUP(B49,RW!A1:F210,3,FALSE)} -> 6 | F49: {=VLOOKUP(B49,'Player Data'!A1:B673,2,FALSE)} -> DAL | G49: {=VLOOKUP(B49,'Player Data'!A1:D673,3,FALSE)} -> 23 | H49: {=IFERROR(VLOOKUP(B49,ADP!A1:F671,6,FALSE)/1000000,VLOOKUP(B49,ADP!A1:F671,6,FALSE))} -> 8.4 | I49: =IF(Settings!$E$15="POINTS",((R49*Q49)*Settings!$B$12)+(S49*Settings!$B$2)+(T49*Settings!$B$3)+(U49*Settings!$B$4)+(V49*Settings!$B$5)+(X49*Settings!$B$9)+(AA49*Settings!$B$6)+(W49*Settings!$B$8)+(AB49*Settings!$B$7)+(AC49*Settings!$B$14)+(AD49*Settings!$B$15)+(AE49*Settings!$B$16)+(AF49*Settings!$B$17)+(AG49*Settings!$B$18)+(Y49*Settings!$B$10)+(Z49*Settings!$B$11),VLOOKUP(B49,'Standard Deviations'!A$1:C$672,3,FALSE)) -> 9.364411 | J49: {=IF(D49="G",I49/AJ49,I49/Q49)} -> 0.11148108 | K49: {=IF(Settings!$E$18="C/LW/RW",VLOOKUP(B49,RW!A1:F210,6,FALSE),VLOOKUP(B49,F!A1:F407,6,FALSE))} -> 2.4771764 | L49: {=IFERROR(K49/H49,"N/A")} -> 0.29490195 | M49: 18.6 | N49: {=IFERROR(M49-A49,"N/A")} -> -20.4 | P49: {=_xlfn.XLOOKUP($B49,ADP!A2:A671,ADP!G2:G671)} -> 0 | Q49: {=IF(Settings!$E$12="YES",VLOOKUP(B49,'Player Data'!A1:E673,5,FALSE),84)} -> 84 | R49: {=VLOOKUP(B49,'Player Data'!$A1:$AE673,6,FALSE)} -> 19.9 | S49: {=VLOOKUP(B49,'Player Data'!$A1:$AE673,7,FALSE)*$Q49*IFERROR((VLOOKUP(P49,Settings!$E$28:$F$33,2,FALSE)+1),1)} -> 42.84 | T49: {=VLOOKUP(B49,'Player Data'!$A1:$AE673,8,FALSE)*$Q49*IFERROR((VLOOKUP(P49,Settings!$E$28:$F$33,2,FALSE)+1),1)} -> 45.36 | U49: {=SUM(S49:T49)} -> 88.2 | V49: {=VLOOKUP(B49,'Player Data'!$A1:$AE673,10,FALSE)*$Q49*IFERROR(((VLOOKUP(P49,Settings!$E$28:$F$33,2,FALSE)/2)+1),1)} -> 226.8 | W49: {=VLOOKUP(B49,'Player Data'!$A1:$AE673,11,FALSE)*$Q49*IFERROR((VLOOKUP(P49,Settings!$E$28:$F$33,2,FALSE)+1),1)} -> 19.32 | X49: {=VLOOKUP(B49,'Player Data'!$A1:$AE673,12,FALSE)*$Q49*IFERROR((VLOOKUP(P49,Settings!$E$28:$F$33,2,FALSE)+1),1)} -> 36.12 | Y49: {=VLOOKUP(B49,'Player Data'!$A1:$AE673,13,FALSE)*$Q49} -> 0 | Z49: {=VLOOKUP(B49,'Player Data'!$A1:$AE673,14,FALSE)*$Q49} -> 0 | AA49: {=VLOOKUP(B49,'Player Data'!$A1:$AE673,15,FALSE)*$Q49} -> 53.76 | AB49: {=VLOOKUP(B49,'Player Data'!$A1:$AE673,16,FALSE)*$Q49} -> 56.28 | AC49: {=VLOOKUP(B49,'Player Data'!$A1:$AE673,17,FALSE)*$Q49*IFERROR((VLOOKUP(P49,Settings!$E$28:$F$33,2,FALSE)+1),1)} -> 5.04 | AD49: {=VLOOKUP(B49,'Player Data'!$A1:$AE673,18,FALSE)*$Q49} -> 31.92 | AE49: {=VLOOKUP(B49,'Player Data'!$A1:$AE673,19,FALSE)*$Q49*IFERROR((VLOOKUP(P49,Settings!$E$28:$F$33,2,FALSE)+1),1)} -> 7.56 | AF49: {=VLOOKUP(B49,'Player Data'!$A1:$AE673,20,FALSE)*$Q49} -> 425.04 | AG49: {=VLOOKUP(B49,'Player Data'!$A1:$AE673,21,FALSE)*$Q49} -> 435.96 | AH49: {=VLOOKUP(B49,'Player Data'!$A1:$AE673,22,FALSE)} -> 0.49
A50: =RANK(K50,K$2:K$671) -> 58 | B50: Thomas Harley | C50: N | D50: {=VLOOKUP(B50,'Player Data'!A1:D673,4,FALSE)} -> D | E50: {=VLOOKUP(B50,D!A1:C204,3,FALSE)} -> 25 | F50: {=VLOOKUP(B50,'Player Data'!A1:B673,2,FALSE)} -> DAL | G50: {=VLOOKUP(B50,'Player Data'!A1:D673,3,FALSE)} -> 25 | H50: {=IFERROR(VLOOKUP(B50,ADP!A1:F671,6,FALSE)/1000000,VLOOKUP(B50,ADP!A1:F671,6,FALSE))} -> 10.857 | I50: =IF(Settings!$E$15="POINTS",((R50*Q50)*Settings!$B$12)+(S50*Settings!$B$2)+(T50*Settings!$B$3)+(U50*Settings!$B$4)+(V50*Settings!$B$5)+(X50*Settings!$B$9)+(AA50*Settings!$B$6)+(W50*Settings!$B$8)+(AB50*Settings!$B$7)+(AC50*Settings!$B$14)+(AD50*Settings!$B$15)+(AE50*Settings!$B$16)+(AF50*Settings!$B$17)+(AG50*Settings!$B$18)+(U50*Settings!$B$13)+(Y50*Settings!$B$10)+(Z50*Settings!$B$11),VLOOKUP(B50,'Standard Deviations'!A$1:C$672,3,FALSE)) -> 2.0393318 | J50: {=IF(D50="G",I50/AJ50,I50/Q50)} -> 0.025176936 | K50: {=VLOOKUP(B50,D!A1:F204,6,FALSE)} -> 1.4724809 | L50: {=IFERROR(K50/H50,"N/A")} -> 0.13562502 | M50: 115 | N50: {=IFERROR(M50-A50,"N/A")} -> 57 | P50: {=_xlfn.XLOOKUP($B50,ADP!A2:A671,ADP!G2:G671)} -> + | Q50: {=IF(Settings!$E$12="YES",VLOOKUP(B50,'Player Data'!A1:E673,5,FALSE),84)} -> 81 | R50: {=VLOOKUP(B50,'Player Data'!$A1:$AE673,6,FALSE)} -> 22.7 | S50: {=VLOOKUP(B50,'Player Data'!$A1:$AE673,7,FALSE)*$Q50*IFERROR((VLOOKUP(P50,Settings!$E$28:$F$33,2,FALSE)+1),1)} -> 12.7575 | T50: {=VLOOKUP(B50,'Player Data'!$A1:$AE673,8,FALSE)*$Q50*IFERROR((VLOOKUP(P50,Settings!$E$28:$F$33,2,FALSE)+1),1)} -> 36.5715 | U50: {=SUM(S50:T50)} -> 49.329 | V50: {=VLOOKUP(B50,'Player Data'!$A1:$AE673,10,FALSE)*$Q50*IFERROR(((VLOOKUP(P50,Settings!$E$28:$F$33,2,FALSE)/2)+1),1)} -> 151.93575 | W50: {=VLOOKUP(B50,'Player Data'!$A1:$AE673,11,FALSE)*$Q50*IFERROR((VLOOKUP(P50,Settings!$E$28:$F$33,2,FALSE)+1),1)} -> 0.8505 | X50: {=VLOOKUP(B50,'Player Data'!$A1:$AE673,12,FALSE)*$Q50*IFERROR((VLOOKUP(P50,Settings!$E$28:$F$33,2,FALSE)+1),1)} -> 10.206 | Y50: {=VLOOKUP(B50,'Player Data'!$A1:$AE673,13,FALSE)*$Q50} -> 0 | Z50: {=VLOOKUP(B50,'Player Data'!$A1:$AE673,14,FALSE)*$Q50} -> 0 | AA50: {=VLOOKUP(B50,'Player Data'!$A1:$AE673,15,FALSE)*$Q50} -> 142.56 | AB50: {=VLOOKUP(B50,'Player Data'!$A1:$AE673,16,FALSE)*$Q50} -> 46.98 | AC50: {=VLOOKUP(B50,'Player Data'!$A1:$AE673,17,FALSE)*$Q50*IFERROR((VLOOKUP(P50,Settings!$E$28:$F$33,2,FALSE)+1),1)} -> 6.804 | AD50: {=VLOOKUP(B50,'Player Data'!$A1:$AE673,18,FALSE)*$Q50} -> 25.92 | AE50: {=VLOOKUP(B50,'Player Data'!$A1:$AE673,19,FALSE)*$Q50*IFERROR((VLOOKUP(P50,Settings!$E$28:$F$33,2,FALSE)+1),1)} -> 2.5515 | AF50: {=VLOOKUP(B50,'Player Data'!$A1:$AE673,20,FALSE)*$Q50} -> 0 | AG50: {=VLOOKUP(B50,'Player Data'!$A1:$AE673,21,FALSE)*$Q50} -> 0 | AH50: {=VLOOKUP(B50,'Player Data'!$A1:$AE673,22,FALSE)} -> 0
A51: =RANK(K51,K$2:K$671) -> 41 | B51: Jack Hughes | C51: N | D51: {=VLOOKUP(B51,'Player Data'!A1:D673,4,FALSE)} -> C,LW | E51: {=VLOOKUP(B51,LW!A1:C210,3,FALSE)} -> 6 | F51: {=VLOOKUP(B51,'Player Data'!A1:B673,2,FALSE)} -> N.J | G51: {=VLOOKUP(B51,'Player Data'!A1:D673,3,FALSE)} -> 25 | H51: {=IFERROR(VLOOKUP(B51,ADP!A1:F671,6,FALSE)/1000000,VLOOKUP(B51,ADP!A1:F671,6,FALSE))} -> 8 | I51: =IF(Settings!$E$15="POINTS",((R51*Q51)*Settings!$B$12)+(S51*Settings!$B$2)+(T51*Settings!$B$3)+(U51*Settings!$B$4)+(V51*Settings!$B$5)+(X51*Settings!$B$9)+(AA51*Settings!$B$6)+(W51*Settings!$B$8)+(AB51*Settings!$B$7)+(AC51*Settings!$B$14)+(AD51*Settings!$B$15)+(AE51*Settings!$B$16)+(AF51*Settings!$B$17)+(AG51*Settings!$B$18)+(Y51*Settings!$B$10)+(Z51*Settings!$B$11),VLOOKUP(B51,'Standard Deviations'!A$1:C$672,3,FALSE)) -> 9.2474855 | J51: {=IF(D51="G",I51/AJ51,I51/Q51)} -> 0.12167744 | K51: {=IF(Settings!$E$18="C/LW/RW",VLOOKUP(B51,LW!A1:F210,6,FALSE),VLOOKUP(B51,F!A1:F407,6,FALSE))} -> 2.3530998 | L51: {=IFERROR(K51/H51,"N/A")} -> 0.29413748 | M51: 18.8 | N51: {=IFERROR(M51-A51,"N/A")} -> -22.2 | P51: {=_xlfn.XLOOKUP($B51,ADP!A2:A671,ADP!G2:G671)} -> + | Q51: {=IF(Settings!$E$12="YES",VLOOKUP(B51,'Player Data'!A1:E673,5,FALSE),84)} -> 76 | R51: {=VLOOKUP(B51,'Player Data'!$A1:$AE673,6,FALSE)} -> 21.7 | S51: {=VLOOKUP(B51,'Player Data'!$A1:$AE673,7,FALSE)*$Q51*IFERROR((VLOOKUP(P51,Settings!$E$28:$F$33,2,FALSE)+1),1)} -> 35.91 | T51: {=VLOOKUP(B51,'Player Data'!$A1:$AE673,8,FALSE)*$Q51*IFERROR((VLOOKUP(P51,Settings!$E$28:$F$33,2,FALSE)+1),1)} -> 61.446 | U51: {=SUM(S51:T51)} -> 97.356 | V51: {=VLOOKUP(B51,'Player Data'!$A1:$AE673,10,FALSE)*$Q51*IFERROR(((VLOOKUP(P51,Settings!$E$28:$F$33,2,FALSE)/2)+1),1)} -> 294.462 | W51: {=VLOOKUP(B51,'Player Data'!$A1:$AE673,11,FALSE)*$Q51*IFERROR((VLOOKUP(P51,Settings!$E$28:$F$33,2,FALSE)+1),1)} -> 7.98 | X51: {=VLOOKUP(B51,'Player Data'!$A1:$AE673,12,FALSE)*$Q51*IFERROR((VLOOKUP(P51,Settings!$E$28:$F$33,2,FALSE)+1),1)} -> 33.516 | Y51: {=VLOOKUP(B51,'Player Data'!$A1:$AE673,13,FALSE)*$Q51} -> 0.76 | Z51: {=VLOOKUP(B51,'Player Data'!$A1:$AE673,14,FALSE)*$Q51} -> 0.76 | AA51: {=VLOOKUP(B51,'Player Data'!$A1:$AE673,15,FALSE)*$Q51} -> 37.24 | AB51: {=VLOOKUP(B51,'Player Data'!$A1:$AE673,16,FALSE)*$Q51} -> 12.92 | AC51: {=VLOOKUP(B51,'Player Data'!$A1:$AE673,17,FALSE)*$Q51*IFERROR((VLOOKUP(P51,Settings!$E$28:$F$33,2,FALSE)+1),1)} -> 2.394 | AD51: {=VLOOKUP(B51,'Player Data'!$A1:$AE673,18,FALSE)*$Q51} -> 21.28 | AE51: {=VLOOKUP(B51,'Player Data'!$A1:$AE673,19,FALSE)*$Q51*IFERROR((VLOOKUP(P51,Settings!$E$28:$F$33,2,FALSE)+1),1)} -> 5.586 | AF51: {=VLOOKUP(B51,'Player Data'!$A1:$AE673,20,FALSE)*$Q51} -> 203.68 | AG51: {=VLOOKUP(B51,'Player Data'!$A1:$AE673,21,FALSE)*$Q51} -> 353.4 | AH51: {=VLOOKUP(B51,'Player Data'!$A1:$AE673,22,FALSE)} -> 0.37
A52: =RANK(K52,K$2:K$671) -> 42 | B52: Mikko Rantanen | C52: N | D52: {=VLOOKUP(B52,'Player Data'!A1:D673,4,FALSE)} -> LW,RW | E52: {=VLOOKUP(B52,RW!A1:F210,3,FALSE)} -> 7 | F52: {=VLOOKUP(B52,'Player Data'!A1:B673,2,FALSE)} -> DAL | G52: {=VLOOKUP(B52,'Player Data'!A1:D673,3,FALSE)} -> 29 | H52: {=IFERROR(VLOOKUP(B52,ADP!A1:F671,6,FALSE)/1000000,VLOOKUP(B52,ADP!A1:F671,6,FALSE))} -> 12 | I52: =IF(Settings!$E$15="POINTS",((R52*Q52)*Settings!$B$12)+(S52*Settings!$B$2)+(T52*Settings!$B$3)+(U52*Settings!$B$4)+(V52*Settings!$B$5)+(X52*Settings!$B$9)+(AA52*Settings!$B$6)+(W52*Settings!$B$8)+(AB52*Settings!$B$7)+(AC52*Settings!$B$14)+(AD52*Settings!$B$15)+(AE52*Settings!$B$16)+(AF52*Settings!$B$17)+(AG52*Settings!$B$18)+(Y52*Settings!$B$10)+(Z52*Settings!$B$11),VLOOKUP(B52,'Standard Deviations'!A$1:C$672,3,FALSE)) -> 9.1685176 | J52: {=IF(D52="G",I52/AJ52,I52/Q52)} -> 0.11319158 | K52: {=IF(Settings!$E$18="C/LW/RW",VLOOKUP(B52,RW!A1:F210,6,FALSE),VLOOKUP(B52,F!A1:F407,6,FALSE))} -> 2.281283 | L52: {=IFERROR(K52/H52,"N/A")} -> 0.19010692 | M52: 24.9 | N52: {=IFERROR(M52-A52,"N/A")} -> -17.1 | P52: {=_xlfn.XLOOKUP($B52,ADP!A2:A671,ADP!G2:G671)} -> 0 | Q52: {=IF(Settings!$E$12="YES",VLOOKUP(B52,'Player Data'!A1:E673,5,FALSE),84)} -> 81 | R52: {=VLOOKUP(B52,'Player Data'!$A1:$AE673,6,FALSE)} -> 20.3 | S52: {=VLOOKUP(B52,'Player Data'!$A1:$AE673,7,FALSE)*$Q52*IFERROR((VLOOKUP(P52,Settings!$E$28:$F$33,2,FALSE)+1),1)} -> 31.59 | T52: {=VLOOKUP(B52,'Player Data'!$A1:$AE673,8,FALSE)*$Q52*IFERROR((VLOOKUP(P52,Settings!$E$28:$F$33,2,FALSE)+1),1)} -> 60.75 | U52: {=SUM(S52:T52)} -> 92.34 | V52: {=VLOOKUP(B52,'Player Data'!$A1:$AE673,10,FALSE)*$Q52*IFERROR(((VLOOKUP(P52,Settings!$E$28:$F$33,2,FALSE)/2)+1),1)} -> 199.26 | W52: {=VLOOKUP(B52,'Player Data'!$A1:$AE673,11,FALSE)*$Q52*IFERROR((VLOOKUP(P52,Settings!$E$28:$F$33,2,FALSE)+1),1)} -> 10.53 | X52: {=VLOOKUP(B52,'Player Data'!$A1:$AE673,12,FALSE)*$Q52*IFERROR((VLOOKUP(P52,Settings!$E$28:$F$33,2,FALSE)+1),1)} -> 36.45 | Y52: {=VLOOKUP(B52,'Player Data'!$A1:$AE673,13,FALSE)*$Q52} -> 0 | Z52: {=VLOOKUP(B52,'Player Data'!$A1:$AE673,14,FALSE)*$Q52} -> 0 | AA52: {=VLOOKUP(B52,'Player Data'!$A1:$AE673,15,FALSE)*$Q52} -> 39.69 | AB52: {=VLOOKUP(B52,'Player Data'!$A1:$AE673,16,FALSE)*$Q52} -> 55.08 | AC52: {=VLOOKUP(B52,'Player Data'!$A1:$AE673,17,FALSE)*$Q52*IFERROR((VLOOKUP(P52,Settings!$E$28:$F$33,2,FALSE)+1),1)} -> 6.48 | AD52: {=VLOOKUP(B52,'Player Data'!$A1:$AE673,18,FALSE)*$Q52} -> 58.32 | AE52: {=VLOOKUP(B52,'Player Data'!$A1:$AE673,19,FALSE)*$Q52*IFERROR((VLOOKUP(P52,Settings!$E$28:$F$33,2,FALSE)+1),1)} -> 5.67 | AF52: {=VLOOKUP(B52,'Player Data'!$A1:$AE673,20,FALSE)*$Q52} -> 98.01 | AG52: {=VLOOKUP(B52,'Player Data'!$A1:$AE673,21,FALSE)*$Q52} -> 98.01 | AH52: {=VLOOKUP(B52,'Player Data'!$A1:$AE673,22,FALSE)} -> 0.5
A53: =RANK(K53,K$2:K$671) -> 57 | B53: Carter Hart | C53: N | D53: {=VLOOKUP(B53,'Player Data'!A1:D673,4,FALSE)} -> G | E53: {=VLOOKUP(B53,G!A1:D66,3,FALSE)} -> 10 | F53: {=VLOOKUP(B53,'Player Data'!A1:B673,2,FALSE)} -> VGK | G53: {=VLOOKUP(B53,'Player Data'!A1:D673,3,FALSE)} -> 28 | H53: {=IFERROR(VLOOKUP(B53,ADP!A1:F671,6,FALSE)/1000000,VLOOKUP(B53,ADP!A1:F671,6,FALSE))} -> 2 | I53: =IF(Settings!$E$15="POINTS",(AJ53*Settings!$B$29)+(AK53*Settings!$B$21)+(AL53*Settings!$B$22)+(AN53*Settings!$B$24)+(AO53*Settings!$B$25)+(AP53*Settings!$B$27)+(AM53*Settings!$B$23),VLOOKUP(B53,'Standard Deviations'!A$1:C$672,3,FALSE)) -> 3.5147572 | J53: {=IF(D53="G",I53/AJ53,I53/Q53)} -> 0.078105716 | K53: {=VLOOKUP(B53,G!A1:F66,6,FALSE)} -> 1.476572 | L53: {=IFERROR(K53/H53,"N/A")} -> 0.73828599 | M53: 131.5 | N53: {=IFERROR(M53-A53,"N/A")} -> 74.5 | P53: {=_xlfn.XLOOKUP($B53,ADP!A2:A671,ADP!G2:G671)} -> 0 | AJ53: {=VLOOKUP(B53,'Player Data'!$A1:$AE673,24,FALSE)} -> 45 | AK53: {=VLOOKUP(B53,'Player Data'!$A1:$AE673,25,FALSE)*$AJ53*IFERROR((VLOOKUP(P53,Settings!$E$28:$F$33,2,FALSE)+1),1)} -> 26.55 | AL53: {=AJ53-AK53-AM53} -> 13.95 | AM53: {=VLOOKUP(B53,'Player Data'!$A1:$AE673,27,FALSE)*$AJ53} -> 4.5 | AN53: {=VLOOKUP(B53,'Player Data'!$A1:$AE673,28,FALSE)*AJ53} -> 3.15 | AO53: {=VLOOKUP(B53,'Player Data'!$A1:$AE673,29,FALSE)*$AJ53*IFERROR((VLOOKUP(P53,Settings!$E$28:$F$33,2,FALSE)/4)+1,1)} -> 1057.5 | AP53: {=VLOOKUP(B53,'Player Data'!$A1:$AE673,31,FALSE)*$AJ53*(IFERROR(1-(VLOOKUP(P53,Settings!$E$28:$F$33,2,FALSE)/4),1))} -> 118.35 | AQ53: {=1-(AP53/(AO53+AP53))} -> 0.89934941 | AR53: {=AP53/AJ53} -> 2.63
A54: =RANK(K54,K$2:K$671) -> 43 | B54: Matthew Tkachuk | C54: N | D54: {=VLOOKUP(B54,'Player Data'!A1:D673,4,FALSE)} -> LW,RW | E54: {=VLOOKUP(B54,RW!A1:F210,3,FALSE)} -> 8 | F54: {=VLOOKUP(B54,'Player Data'!A1:B673,2,FALSE)} -> FLA | G54: {=VLOOKUP(B54,'Player Data'!A1:D673,3,FALSE)} -> 28 | H54: {=IFERROR(VLOOKUP(B54,ADP!A1:F671,6,FALSE)/1000000,VLOOKUP(B54,ADP!A1:F671,6,FALSE))} -> 9.5 | I54: =IF(Settings!$E$15="POINTS",((R54*Q54)*Settings!$B$12)+(S54*Settings!$B$2)+(T54*Settings!$B$3)+(U54*Settings!$B$4)+(V54*Settings!$B$5)+(X54*Settings!$B$9)+(AA54*Settings!$B$6)+(W54*Settings!$B$8)+(AB54*Settings!$B$7)+(AC54*Settings!$B$14)+(AD54*Settings!$B$15)+(AE54*Settings!$B$16)+(AF54*Settings!$B$17)+(AG54*Settings!$B$18)+(Y54*Settings!$B$10)+(Z54*Settings!$B$11),VLOOKUP(B54,'Standard Deviations'!A$1:C$672,3,FALSE)) -> 9.0948976 | J54: {=IF(D54="G",I54/AJ54,I54/Q54)} -> 0.11811555 | K54: {=IF(Settings!$E$18="C/LW/RW",VLOOKUP(B54,RW!A1:F210,6,FALSE),VLOOKUP(B54,F!A1:F407,6,FALSE))} -> 2.207663 | L54: {=IFERROR(K54/H54,"N/A")} -> 0.23238557 | M54: 33.3 | N54: {=IFERROR(M54-A54,"N/A")} -> -9.7 | P54: {=_xlfn.XLOOKUP($B54,ADP!A2:A671,ADP!G2:G671)} -> 0 | Q54: {=IF(Settings!$E$12="YES",VLOOKUP(B54,'Player Data'!A1:E673,5,FALSE),84)} -> 77 | R54: {=VLOOKUP(B54,'Player Data'!$A1:$AE673,6,FALSE)} -> 18.8 | S54: {=VLOOKUP(B54,'Player Data'!$A1:$AE673,7,FALSE)*$Q54*IFERROR((VLOOKUP(P54,Settings!$E$28:$F$33,2,FALSE)+1),1)} -> 29.26 | T54: {=VLOOKUP(B54,'Player Data'!$A1:$AE673,8,FALSE)*$Q54*IFERROR((VLOOKUP(P54,Settings!$E$28:$F$33,2,FALSE)+1),1)} -> 53.13 | U54: {=SUM(S54:T54)} -> 82.39 | V54: {=VLOOKUP(B54,'Player Data'!$A1:$AE673,10,FALSE)*$Q54*IFERROR(((VLOOKUP(P54,Settings!$E$28:$F$33,2,FALSE)/2)+1),1)} -> 237.16 | W54: {=VLOOKUP(B54,'Player Data'!$A1:$AE673,11,FALSE)*$Q54*IFERROR((VLOOKUP(P54,Settings!$E$28:$F$33,2,FALSE)+1),1)} -> 10.01 | X54: {=VLOOKUP(B54,'Player Data'!$A1:$AE673,12,FALSE)*$Q54*IFERROR((VLOOKUP(P54,Settings!$E$28:$F$33,2,FALSE)+1),1)} -> 30.8 | Y54: {=VLOOKUP(B54,'Player Data'!$A1:$AE673,13,FALSE)*$Q54} -> 0 | Z54: {=VLOOKUP(B54,'Player Data'!$A1:$AE673,14,FALSE)*$Q54} -> 0 | AA54: {=VLOOKUP(B54,'Player Data'!$A1:$AE673,15,FALSE)*$Q54} -> 23.1 | AB54: {=VLOOKUP(B54,'Player Data'!$A1:$AE673,16,FALSE)*$Q54} -> 96.25 | AC54: {=VLOOKUP(B54,'Player Data'!$A1:$AE673,17,FALSE)*$Q54*IFERROR((VLOOKUP(P54,Settings!$E$28:$F$33,2,FALSE)+1),1)} -> 5.39 | AD54: {=VLOOKUP(B54,'Player Data'!$A1:$AE673,18,FALSE)*$Q54} -> 63.91 | AE54: {=VLOOKUP(B54,'Player Data'!$A1:$AE673,19,FALSE)*$Q54*IFERROR((VLOOKUP(P54,Settings!$E$28:$F$33,2,FALSE)+1),1)} -> 4.62 | AF54: {=VLOOKUP(B54,'Player Data'!$A1:$AE673,20,FALSE)*$Q54} -> 5.39 | AG54: {=VLOOKUP(B54,'Player Data'!$A1:$AE673,21,FALSE)*$Q54} -> 14.63 | AH54: {=VLOOKUP(B54,'Player Data'!$A1:$AE673,22,FALSE)} -> 0.29
A55: =RANK(K55,K$2:K$671) -> 59 | B55: John Gibson | C55: N | D55: {=VLOOKUP(B55,'Player Data'!A1:D673,4,FALSE)} -> G | E55: {=VLOOKUP(B55,G!A1:D66,3,FALSE)} -> 11 | F55: {=VLOOKUP(B55,'Player Data'!A1:B673,2,FALSE)} -> DET | G55: {=VLOOKUP(B55,'Player Data'!A1:D673,3,FALSE)} -> 33 | H55: {=IFERROR(VLOOKUP(B55,ADP!A1:F671,6,FALSE)/1000000,VLOOKUP(B55,ADP!A1:F671,6,FALSE))} -> 6.4 | I55: =IF(Settings!$E$15="POINTS",(AJ55*Settings!$B$29)+(AK55*Settings!$B$21)+(AL55*Settings!$B$22)+(AN55*Settings!$B$24)+(AO55*Settings!$B$25)+(AP55*Settings!$B$27)+(AM55*Settings!$B$23),VLOOKUP(B55,'Standard Deviations'!A$1:C$672,3,FALSE)) -> 3.408875 | J55: {=IF(D55="G",I55/AJ55,I55/Q55)} -> 0.061979545 | K55: {=VLOOKUP(B55,G!A1:F66,6,FALSE)} -> 1.3706897 | L55: {=IFERROR(K55/H55,"N/A")} -> 0.21417027 | M55: 138.3 | N55: {=IFERROR(M55-A55,"N/A")} -> 79.3 | P55: {=_xlfn.XLOOKUP($B55,ADP!A2:A671,ADP!G2:G671)} -> 0 | AJ55: {=VLOOKUP(B55,'Player Data'!$A1:$AE673,24,FALSE)} -> 55 | AK55: {=VLOOKUP(B55,'Player Data'!$A1:$AE673,25,FALSE)*$AJ55*IFERROR((VLOOKUP(P55,Settings!$E$28:$F$33,2,FALSE)+1),1)} -> 26.4 | AL55: {=AJ55-AK55-AM55} -> 21.45 | AM55: {=VLOOKUP(B55,'Player Data'!$A1:$AE673,27,FALSE)*$AJ55} -> 7.15 | AN55: {=VLOOKUP(B55,'Player Data'!$A1:$AE673,28,FALSE)*AJ55} -> 3.3 | AO55: {=VLOOKUP(B55,'Player Data'!$A1:$AE673,29,FALSE)*$AJ55*IFERROR((VLOOKUP(P55,Settings!$E$28:$F$33,2,FALSE)/4)+1,1)} -> 1463 | AP55: {=VLOOKUP(B55,'Player Data'!$A1:$AE673,31,FALSE)*$AJ55*(IFERROR(1-(VLOOKUP(P55,Settings!$E$28:$F$33,2,FALSE)/4),1))} -> 155.1 | AQ55: {=1-(AP55/(AO55+AP55))} -> 0.90414684 | AR55: {=AP55/AJ55} -> 2.82
A56: =RANK(K56,K$2:K$671) -> 44 | B56: Aleksander Barkov | C56: N | D56: {=VLOOKUP(B56,'Player Data'!A1:D673,4,FALSE)} -> C | E56: {=VLOOKUP(B56,'C'!A1:C210,3,FALSE)} -> 11 | F56: {=VLOOKUP(B56,'Player Data'!A1:B673,2,FALSE)} -> FLA | G56: {=VLOOKUP(B56,'Player Data'!A1:D673,3,FALSE)} -> 31 | H56: {=IFERROR(VLOOKUP(B56,ADP!A1:F671,6,FALSE)/1000000,VLOOKUP(B56,ADP!A1:F671,6,FALSE))} -> 10 | I56: =IF(Settings!$E$15="POINTS",((R56*Q56)*Settings!$B$12)+(S56*Settings!$B$2)+(T56*Settings!$B$3)+(U56*Settings!$B$4)+(V56*Settings!$B$5)+(X56*Settings!$B$9)+(AA56*Settings!$B$6)+(W56*Settings!$B$8)+(AB56*Settings!$B$7)+(AC56*Settings!$B$14)+(AD56*Settings!$B$15)+(AE56*Settings!$B$16)+(AF56*Settings!$B$17)+(AG56*Settings!$B$18)+(Y56*Settings!$B$10)+(Z56*Settings!$B$11),VLOOKUP(B56,'Standard Deviations'!A$1:C$672,3,FALSE)) -> 8.4487397 | J56: {=IF(D56="G",I56/AJ56,I56/Q56)} -> 0.10694607 | K56: {=IF(Settings!$E$18="C/LW/RW",VLOOKUP(B56,'C'!A1:F210,6,FALSE),VLOOKUP(B56,F!A1:F407,6,FALSE))} -> 2.0887301 | L56: {=IFERROR(K56/H56,"N/A")} -> 0.20887301 | M56: 52.4 | N56: {=IFERROR(M56-A56,"N/A")} -> 8.4 | P56: {=_xlfn.XLOOKUP($B56,ADP!A2:A671,ADP!G2:G671)} -> 0 | Q56: {=IF(Settings!$E$12="YES",VLOOKUP(B56,'Player Data'!A1:E673,5,FALSE),84)} -> 79 | R56: {=VLOOKUP(B56,'Player Data'!$A1:$AE673,6,FALSE)} -> 20.5 | S56: {=VLOOKUP(B56,'Player Data'!$A1:$AE673,7,FALSE)*$Q56*IFERROR((VLOOKUP(P56,Settings!$E$28:$F$33,2,FALSE)+1),1)} -> 24.49 | T56: {=VLOOKUP(B56,'Player Data'!$A1:$AE673,8,FALSE)*$Q56*IFERROR((VLOOKUP(P56,Settings!$E$28:$F$33,2,FALSE)+1),1)} -> 56.88 | U56: {=SUM(S56:T56)} -> 81.37 | V56: {=VLOOKUP(B56,'Player Data'!$A1:$AE673,10,FALSE)*$Q56*IFERROR(((VLOOKUP(P56,Settings!$E$28:$F$33,2,FALSE)/2)+1),1)} -> 198.29 | W56: {=VLOOKUP(B56,'Player Data'!$A1:$AE673,11,FALSE)*$Q56*IFERROR((VLOOKUP(P56,Settings!$E$28:$F$33,2,FALSE)+1),1)} -> 7.9 | X56: {=VLOOKUP(B56,'Player Data'!$A1:$AE673,12,FALSE)*$Q56*IFERROR((VLOOKUP(P56,Settings!$E$28:$F$33,2,FALSE)+1),1)} -> 30.81 | Y56: {=VLOOKUP(B56,'Player Data'!$A1:$AE673,13,FALSE)*$Q56} -> 0.79 | Z56: {=VLOOKUP(B56,'Player Data'!$A1:$AE673,14,FALSE)*$Q56} -> 3.16 | AA56: {=VLOOKUP(B56,'Player Data'!$A1:$AE673,15,FALSE)*$Q56} -> 57.67 | AB56: {=VLOOKUP(B56,'Player Data'!$A1:$AE673,16,FALSE)*$Q56} -> 97.96 | AC56: {=VLOOKUP(B56,'Player Data'!$A1:$AE673,17,FALSE)*$Q56*IFERROR((VLOOKUP(P56,Settings!$E$28:$F$33,2,FALSE)+1),1)} -> 6.32 | AD56: {=VLOOKUP(B56,'Player Data'!$A1:$AE673,18,FALSE)*$Q56} -> 27.65 | AE56: {=VLOOKUP(B56,'Player Data'!$A1:$AE673,19,FALSE)*$Q56*IFERROR((VLOOKUP(P56,Settings!$E$28:$F$33,2,FALSE)+1),1)} -> 3.95 | AF56: {=VLOOKUP(B56,'Player Data'!$A1:$AE673,20,FALSE)*$Q56} -> 699.94 | AG56: {=VLOOKUP(B56,'Player Data'!$A1:$AE673,21,FALSE)*$Q56} -> 530.88 | AH56: {=VLOOKUP(B56,'Player Data'!$A1:$AE673,22,FALSE)} -> 0.57
A57: =RANK(K57,K$2:K$671) -> 62 | B57: Charlie McAvoy | C57: N | D57: {=VLOOKUP(B57,'Player Data'!A1:D673,4,FALSE)} -> D | E57: {=VLOOKUP(B57,D!A1:C204,3,FALSE)} -> 27 | F57: {=VLOOKUP(B57,'Player Data'!A1:B673,2,FALSE)} -> BOS | G57: {=VLOOKUP(B57,'Player Data'!A1:D673,3,FALSE)} -> 28 | H57: {=IFERROR(VLOOKUP(B57,ADP!A1:F671,6,FALSE)/1000000,VLOOKUP(B57,ADP!A1:F671,6,FALSE))} -> 9.5 | I57: =IF(Settings!$E$15="POINTS",((R57*Q57)*Settings!$B$12)+(S57*Settings!$B$2)+(T57*Settings!$B$3)+(U57*Settings!$B$4)+(V57*Settings!$B$5)+(X57*Settings!$B$9)+(AA57*Settings!$B$6)+(W57*Settings!$B$8)+(AB57*Settings!$B$7)+(AC57*Settings!$B$14)+(AD57*Settings!$B$15)+(AE57*Settings!$B$16)+(AF57*Settings!$B$17)+(AG57*Settings!$B$18)+(U57*Settings!$B$13)+(Y57*Settings!$B$10)+(Z57*Settings!$B$11),VLOOKUP(B57,'Standard Deviations'!A$1:C$672,3,FALSE)) -> 1.7255668 | J57: {=IF(D57="G",I57/AJ57,I57/Q57)} -> 0.023637901 | K57: {=VLOOKUP(B57,D!A1:F204,6,FALSE)} -> 1.1587159 | L57: {=IFERROR(K57/H57,"N/A")} -> 0.12197009 | M57: 99.6 | N57: {=IFERROR(M57-A57,"N/A")} -> 37.6 | P57: {=_xlfn.XLOOKUP($B57,ADP!A2:A671,ADP!G2:G671)} -> 0 | Q57: {=IF(Settings!$E$12="YES",VLOOKUP(B57,'Player Data'!A1:E673,5,FALSE),84)} -> 73 | R57: {=VLOOKUP(B57,'Player Data'!$A1:$AE673,6,FALSE)} -> 25.7 | S57: {=VLOOKUP(B57,'Player Data'!$A1:$AE673,7,FALSE)*$Q57*IFERROR((VLOOKUP(P57,Settings!$E$28:$F$33,2,FALSE)+1),1)} -> 10.22 | T57: {=VLOOKUP(B57,'Player Data'!$A1:$AE673,8,FALSE)*$Q57*IFERROR((VLOOKUP(P57,Settings!$E$28:$F$33,2,FALSE)+1),1)} -> 40.88 | U57: {=SUM(S57:T57)} -> 51.1 | V57: {=VLOOKUP(B57,'Player Data'!$A1:$AE673,10,FALSE)*$Q57*IFERROR(((VLOOKUP(P57,Settings!$E$28:$F$33,2,FALSE)/2)+1),1)} -> 132.13 | W57: {=VLOOKUP(B57,'Player Data'!$A1:$AE673,11,FALSE)*$Q57*IFERROR((VLOOKUP(P57,Settings!$E$28:$F$33,2,FALSE)+1),1)} -> 2.19 | X57: {=VLOOKUP(B57,'Player Data'!$A1:$AE673,12,FALSE)*$Q57*IFERROR((VLOOKUP(P57,Settings!$E$28:$F$33,2,FALSE)+1),1)} -> 16.79 | Y57: {=VLOOKUP(B57,'Player Data'!$A1:$AE673,13,FALSE)*$Q57} -> 0 | Z57: {=VLOOKUP(B57,'Player Data'!$A1:$AE673,14,FALSE)*$Q57} -> 0.73 | AA57: {=VLOOKUP(B57,'Player Data'!$A1:$AE673,15,FALSE)*$Q57} -> 136.51 | AB57: {=VLOOKUP(B57,'Player Data'!$A1:$AE673,16,FALSE)*$Q57} -> 93.44 | AC57: {=VLOOKUP(B57,'Player Data'!$A1:$AE673,17,FALSE)*$Q57*IFERROR((VLOOKUP(P57,Settings!$E$28:$F$33,2,FALSE)+1),1)} -> -0.73 | AD57: {=VLOOKUP(B57,'Player Data'!$A1:$AE673,18,FALSE)*$Q57} -> 65.7 | AE57: {=VLOOKUP(B57,'Player Data'!$A1:$AE673,19,FALSE)*$Q57*IFERROR((VLOOKUP(P57,Settings!$E$28:$F$33,2,FALSE)+1),1)} -> 1.46 | AF57: {=VLOOKUP(B57,'Player Data'!$A1:$AE673,20,FALSE)*$Q57} -> 0 | AG57: {=VLOOKUP(B57,'Player Data'!$A1:$AE673,21,FALSE)*$Q57} -> 0 | AH57: {=VLOOKUP(B57,'Player Data'!$A1:$AE673,22,FALSE)} -> 0
A58: =RANK(K58,K$2:K$671) -> 46 | B58: Cole Caufield | C58: N | D58: {=VLOOKUP(B58,'Player Data'!A1:D673,4,FALSE)} -> LW,RW | E58: {=VLOOKUP(B58,RW!A1:F210,3,FALSE)} -> 9 | F58: {=VLOOKUP(B58,'Player Data'!A1:B673,2,FALSE)} -> MTL | G58: {=VLOOKUP(B58,'Player Data'!A1:D673,3,FALSE)} -> 25 | H58: {=IFERROR(VLOOKUP(B58,ADP!A1:F671,6,FALSE)/1000000,VLOOKUP(B58,ADP!A1:F671,6,FALSE))} -> 7.85 | I58: =IF(Settings!$E$15="POINTS",((R58*Q58)*Settings!$B$12)+(S58*Settings!$B$2)+(T58*Settings!$B$3)+(U58*Settings!$B$4)+(V58*Settings!$B$5)+(X58*Settings!$B$9)+(AA58*Settings!$B$6)+(W58*Settings!$B$8)+(AB58*Settings!$B$7)+(AC58*Settings!$B$14)+(AD58*Settings!$B$15)+(AE58*Settings!$B$16)+(AF58*Settings!$B$17)+(AG58*Settings!$B$18)+(Y58*Settings!$B$10)+(Z58*Settings!$B$11),VLOOKUP(B58,'Standard Deviations'!A$1:C$672,3,FALSE)) -> 8.8910464 | J58: {=IF(D58="G",I58/AJ58,I58/Q58)} -> 0.10584579 | K58: {=IF(Settings!$E$18="C/LW/RW",VLOOKUP(B58,RW!A1:F210,6,FALSE),VLOOKUP(B58,F!A1:F407,6,FALSE))} -> 2.0038118 | L58: {=IFERROR(K58/H58,"N/A")} -> 0.25526265 | M58: 18.6 | N58: {=IFERROR(M58-A58,"N/A")} -> -27.4 | P58: {=_xlfn.XLOOKUP($B58,ADP!A2:A671,ADP!G2:G671)} -> 0 | Q58: {=IF(Settings!$E$12="YES",VLOOKUP(B58,'Player Data'!A1:E673,5,FALSE),84)} -> 84 | R58: {=VLOOKUP(B58,'Player Data'!$A1:$AE673,6,FALSE)} -> 18.2 | S58: {=VLOOKUP(B58,'Player Data'!$A1:$AE673,7,FALSE)*$Q58*IFERROR((VLOOKUP(P58,Settings!$E$28:$F$33,2,FALSE)+1),1)} -> 42 | T58: {=VLOOKUP(B58,'Player Data'!$A1:$AE673,8,FALSE)*$Q58*IFERROR((VLOOKUP(P58,Settings!$E$28:$F$33,2,FALSE)+1),1)} -> 38.64 | U58: {=SUM(S58:T58)} -> 80.64 | V58: {=VLOOKUP(B58,'Player Data'!$A1:$AE673,10,FALSE)*$Q58*IFERROR(((VLOOKUP(P58,Settings!$E$28:$F$33,2,FALSE)/2)+1),1)} -> 267.12 | W58: {=VLOOKUP(B58,'Player Data'!$A1:$AE673,11,FALSE)*$Q58*IFERROR((VLOOKUP(P58,Settings!$E$28:$F$33,2,FALSE)+1),1)} -> 10.92 | X58: {=VLOOKUP(B58,'Player Data'!$A1:$AE673,12,FALSE)*$Q58*IFERROR((VLOOKUP(P58,Settings!$E$28:$F$33,2,FALSE)+1),1)} -> 26.04 | Y58: {=VLOOKUP(B58,'Player Data'!$A1:$AE673,13,FALSE)*$Q58} -> 0 | Z58: {=VLOOKUP(B58,'Player Data'!$A1:$AE673,14,FALSE)*$Q58} -> 0 | AA58: {=VLOOKUP(B58,'Player Data'!$A1:$AE673,15,FALSE)*$Q58} -> 26.04 | AB58: {=VLOOKUP(B58,'Player Data'!$A1:$AE673,16,FALSE)*$Q58} -> 57.96 | AC58: {=VLOOKUP(B58,'Player Data'!$A1:$AE673,17,FALSE)*$Q58*IFERROR((VLOOKUP(P58,Settings!$E$28:$F$33,2,FALSE)+1),1)} -> 6.72 | AD58: {=VLOOKUP(B58,'Player Data'!$A1:$AE673,18,FALSE)*$Q58} -> 18.48 | AE58: {=VLOOKUP(B58,'Player Data'!$A1:$AE673,19,FALSE)*$Q58*IFERROR((VLOOKUP(P58,Settings!$E$28:$F$33,2,FALSE)+1),1)} -> 6.72 | AF58: {=VLOOKUP(B58,'Player Data'!$A1:$AE673,20,FALSE)*$Q58} -> 6.72 | AG58: {=VLOOKUP(B58,'Player Data'!$A1:$AE673,21,FALSE)*$Q58} -> 10.92 | AH58: {=VLOOKUP(B58,'Player Data'!$A1:$AE673,22,FALSE)} -> 0.38
A59: =RANK(K59,K$2:K$671) -> 69 | B59: Alex Nikishin | C59: N | D59: {=VLOOKUP(B59,'Player Data'!A1:D673,4,FALSE)} -> D | E59: {=VLOOKUP(B59,D!A1:C204,3,FALSE)} -> 28 | F59: {=VLOOKUP(B59,'Player Data'!A1:B673,2,FALSE)} -> CAR | G59: {=VLOOKUP(B59,'Player Data'!A1:D673,3,FALSE)} -> 24 | H59: {=IFERROR(VLOOKUP(B59,ADP!A1:F671,6,FALSE)/1000000,VLOOKUP(B59,ADP!A1:F671,6,FALSE))} -> 0 | I59: =IF(Settings!$E$15="POINTS",((R59*Q59)*Settings!$B$12)+(S59*Settings!$B$2)+(T59*Settings!$B$3)+(U59*Settings!$B$4)+(V59*Settings!$B$5)+(X59*Settings!$B$9)+(AA59*Settings!$B$6)+(W59*Settings!$B$8)+(AB59*Settings!$B$7)+(AC59*Settings!$B$14)+(AD59*Settings!$B$15)+(AE59*Settings!$B$16)+(AF59*Settings!$B$17)+(AG59*Settings!$B$18)+(U59*Settings!$B$13)+(Y59*Settings!$B$10)+(Z59*Settings!$B$11),VLOOKUP(B59,'Standard Deviations'!A$1:C$672,3,FALSE)) -> 1.4542808 | J59: {=IF(D59="G",I59/AJ59,I59/Q59)} -> 0.017521455 | K59: {=VLOOKUP(B59,D!A1:F204,6,FALSE)} -> 0.88742987 | L59: {=IFERROR(K59/H59,"N/A")} -> N/A | M59: — | N59: {=IFERROR(M59-A59,"N/A")} -> N/A | P59: {=_xlfn.XLOOKUP($B59,ADP!A2:A671,ADP!G2:G671)} -> 0 | Q59: {=IF(Settings!$E$12="YES",VLOOKUP(B59,'Player Data'!A1:E673,5,FALSE),84)} -> 83 | R59: {=VLOOKUP(B59,'Player Data'!$A1:$AE673,6,FALSE)} -> 19.2 | S59: {=VLOOKUP(B59,'Player Data'!$A1:$AE673,7,FALSE)*$Q59*IFERROR((VLOOKUP(P59,Settings!$E$28:$F$33,2,FALSE)+1),1)} -> 9.13 | T59: {=VLOOKUP(B59,'Player Data'!$A1:$AE673,8,FALSE)*$Q59*IFERROR((VLOOKUP(P59,Settings!$E$28:$F$33,2,FALSE)+1),1)} -> 22.41 | U59: {=SUM(S59:T59)} -> 31.54 | V59: {=VLOOKUP(B59,'Player Data'!$A1:$AE673,10,FALSE)*$Q59*IFERROR(((VLOOKUP(P59,Settings!$E$28:$F$33,2,FALSE)/2)+1),1)} -> 122.84 | W59: {=VLOOKUP(B59,'Player Data'!$A1:$AE673,11,FALSE)*$Q59*IFERROR((VLOOKUP(P59,Settings!$E$28:$F$33,2,FALSE)+1),1)} -> 2.49 | X59: {=VLOOKUP(B59,'Player Data'!$A1:$AE673,12,FALSE)*$Q59*IFERROR((VLOOKUP(P59,Settings!$E$28:$F$33,2,FALSE)+1),1)} -> 5.81 | Y59: {=VLOOKUP(B59,'Player Data'!$A1:$AE673,13,FALSE)*$Q59} -> 0.83 | Z59: {=VLOOKUP(B59,'Player Data'!$A1:$AE673,14,FALSE)*$Q59} -> 0.83 | AA59: {=VLOOKUP(B59,'Player Data'!$A1:$AE673,15,FALSE)*$Q59} -> 102.92 | AB59: {=VLOOKUP(B59,'Player Data'!$A1:$AE673,16,FALSE)*$Q59} -> 123.67 | AC59: {=VLOOKUP(B59,'Player Data'!$A1:$AE673,17,FALSE)*$Q59*IFERROR((VLOOKUP(P59,Settings!$E$28:$F$33,2,FALSE)+1),1)} -> 7.47 | AD59: {=VLOOKUP(B59,'Player Data'!$A1:$AE673,18,FALSE)*$Q59} -> 36.52 | AE59: {=VLOOKUP(B59,'Player Data'!$A1:$AE673,19,FALSE)*$Q59*IFERROR((VLOOKUP(P59,Settings!$E$28:$F$33,2,FALSE)+1),1)} -> 1.66 | AF59: {=VLOOKUP(B59,'Player Data'!$A1:$AE673,20,FALSE)*$Q59} -> 0 | AG59: {=VLOOKUP(B59,'Player Data'!$A1:$AE673,21,FALSE)*$Q59} -> 0 | AH59: {=VLOOKUP(B59,'Player Data'!$A1:$AE673,22,FALSE)} -> 0
A60: =RANK(K60,K$2:K$671) -> 71 | B60: Noah Dobson | C60: N | D60: {=VLOOKUP(B60,'Player Data'!A1:D673,4,FALSE)} -> D | E60: {=VLOOKUP(B60,D!A1:C204,3,FALSE)} -> 29 | F60: {=VLOOKUP(B60,'Player Data'!A1:B673,2,FALSE)} -> MTL | G60: {=VLOOKUP(B60,'Player Data'!A1:D673,3,FALSE)} -> 26 | H60: {=IFERROR(VLOOKUP(B60,ADP!A1:F671,6,FALSE)/1000000,VLOOKUP(B60,ADP!A1:F671,6,FALSE))} -> 9.5 | I60: =IF(Settings!$E$15="POINTS",((R60*Q60)*Settings!$B$12)+(S60*Settings!$B$2)+(T60*Settings!$B$3)+(U60*Settings!$B$4)+(V60*Settings!$B$5)+(X60*Settings!$B$9)+(AA60*Settings!$B$6)+(W60*Settings!$B$8)+(AB60*Settings!$B$7)+(AC60*Settings!$B$14)+(AD60*Settings!$B$15)+(AE60*Settings!$B$16)+(AF60*Settings!$B$17)+(AG60*Settings!$B$18)+(U60*Settings!$B$13)+(Y60*Settings!$B$10)+(Z60*Settings!$B$11),VLOOKUP(B60,'Standard Deviations'!A$1:C$672,3,FALSE)) -> 1.4431461 | J60: {=IF(D60="G",I60/AJ60,I60/Q60)} -> 0.017599342 | K60: {=VLOOKUP(B60,D!A1:F204,6,FALSE)} -> 0.87629515 | L60: {=IFERROR(K60/H60,"N/A")} -> 0.092241594 | M60: 96.3 | N60: {=IFERROR(M60-A60,"N/A")} -> 25.3 | P60: {=_xlfn.XLOOKUP($B60,ADP!A2:A671,ADP!G2:G671)} -> 0 | Q60: {=IF(Settings!$E$12="YES",VLOOKUP(B60,'Player Data'!A1:E673,5,FALSE),84)} -> 82 | R60: {=VLOOKUP(B60,'Player Data'!$A1:$AE673,6,FALSE)} -> 23.1 | S60: {=VLOOKUP(B60,'Player Data'!$A1:$AE673,7,FALSE)*$Q60*IFERROR((VLOOKUP(P60,Settings!$E$28:$F$33,2,FALSE)+1),1)} -> 10.66 | T60: {=VLOOKUP(B60,'Player Data'!$A1:$AE673,8,FALSE)*$Q60*IFERROR((VLOOKUP(P60,Settings!$E$28:$F$33,2,FALSE)+1),1)} -> 36.9 | U60: {=SUM(S60:T60)} -> 47.56 | V60: {=VLOOKUP(B60,'Player Data'!$A1:$AE673,10,FALSE)*$Q60*IFERROR(((VLOOKUP(P60,Settings!$E$28:$F$33,2,FALSE)/2)+1),1)} -> 171.38 | W60: {=VLOOKUP(B60,'Player Data'!$A1:$AE673,11,FALSE)*$Q60*IFERROR((VLOOKUP(P60,Settings!$E$28:$F$33,2,FALSE)+1),1)} -> 0.82 | X60: {=VLOOKUP(B60,'Player Data'!$A1:$AE673,12,FALSE)*$Q60*IFERROR((VLOOKUP(P60,Settings!$E$28:$F$33,2,FALSE)+1),1)} -> 8.2 | Y60: {=VLOOKUP(B60,'Player Data'!$A1:$AE673,13,FALSE)*$Q60} -> 0 | Z60: {=VLOOKUP(B60,'Player Data'!$A1:$AE673,14,FALSE)*$Q60} -> 0.82 | AA60: {=VLOOKUP(B60,'Player Data'!$A1:$AE673,15,FALSE)*$Q60} -> 174.66 | AB60: {=VLOOKUP(B60,'Player Data'!$A1:$AE673,16,FALSE)*$Q60} -> 66.42 | AC60: {=VLOOKUP(B60,'Player Data'!$A1:$AE673,17,FALSE)*$Q60*IFERROR((VLOOKUP(P60,Settings!$E$28:$F$33,2,FALSE)+1),1)} -> 2.46 | AD60: {=VLOOKUP(B60,'Player Data'!$A1:$AE673,18,FALSE)*$Q60} -> 37.72 | AE60: {=VLOOKUP(B60,'Player Data'!$A1:$AE673,19,FALSE)*$Q60*IFERROR((VLOOKUP(P60,Settings!$E$28:$F$33,2,FALSE)+1),1)} -> 1.64 | AF60: {=VLOOKUP(B60,'Player Data'!$A1:$AE673,20,FALSE)*$Q60} -> 0 | AG60: {=VLOOKUP(B60,'Player Data'!$A1:$AE673,21,FALSE)*$Q60} -> 0 | AH60: {=VLOOKUP(B60,'Player Data'!$A1:$AE673,22,FALSE)} -> 0
A61: =RANK(K61,K$2:K$671) -> 65 | B61: Jakub Dobes | C61: N | D61: {=VLOOKUP(B61,'Player Data'!A1:D673,4,FALSE)} -> G | E61: {=VLOOKUP(B61,G!A1:D66,3,FALSE)} -> 12 | F61: {=VLOOKUP(B61,'Player Data'!A1:B673,2,FALSE)} -> MTL | G61: {=VLOOKUP(B61,'Player Data'!A1:D673,3,FALSE)} -> 25 | H61: {=IFERROR(VLOOKUP(B61,ADP!A1:F671,6,FALSE)/1000000,VLOOKUP(B61,ADP!A1:F671,6,FALSE))} -> 0.95 | I61: =IF(Settings!$E$15="POINTS",(AJ61*Settings!$B$29)+(AK61*Settings!$B$21)+(AL61*Settings!$B$22)+(AN61*Settings!$B$24)+(AO61*Settings!$B$25)+(AP61*Settings!$B$27)+(AM61*Settings!$B$23),VLOOKUP(B61,'Standard Deviations'!A$1:C$672,3,FALSE)) -> 3.0662169 | J61: {=IF(D61="G",I61/AJ61,I61/Q61)} -> 0.061324338 | K61: {=VLOOKUP(B61,G!A1:F66,6,FALSE)} -> 1.0280317 | L61: {=IFERROR(K61/H61,"N/A")} -> 1.0821386 | M61: 81.1 | N61: {=IFERROR(M61-A61,"N/A")} -> 16.1 | P61: {=_xlfn.XLOOKUP($B61,ADP!A2:A671,ADP!G2:G671)} -> 0 | AJ61: {=VLOOKUP(B61,'Player Data'!$A1:$AE673,24,FALSE)} -> 50 | AK61: {=VLOOKUP(B61,'Player Data'!$A1:$AE673,25,FALSE)*$AJ61*IFERROR((VLOOKUP(P61,Settings!$E$28:$F$33,2,FALSE)+1),1)} -> 27.5 | AL61: {=AJ61-AK61-AM61} -> 17 | AM61: {=VLOOKUP(B61,'Player Data'!$A1:$AE673,27,FALSE)*$AJ61} -> 5.5 | AN61: {=VLOOKUP(B61,'Player Data'!$A1:$AE673,28,FALSE)*AJ61} -> 3 | AO61: {=VLOOKUP(B61,'Player Data'!$A1:$AE673,29,FALSE)*$AJ61*IFERROR((VLOOKUP(P61,Settings!$E$28:$F$33,2,FALSE)/4)+1,1)} -> 1305 | AP61: {=VLOOKUP(B61,'Player Data'!$A1:$AE673,31,FALSE)*$AJ61*(IFERROR(1-(VLOOKUP(P61,Settings!$E$28:$F$33,2,FALSE)/4),1))} -> 140.5 | AQ61: {=1-(AP61/(AO61+AP61))} -> 0.9028018 | AR61: {=AP61/AJ61} -> 2.81
A62: =RANK(K62,K$2:K$671) -> 52 | B62: Brandon Hagel | C62: N | D62: {=VLOOKUP(B62,'Player Data'!A1:D673,4,FALSE)} -> LW,RW | E62: {=VLOOKUP(B62,RW!A1:F210,3,FALSE)} -> 10 | F62: {=VLOOKUP(B62,'Player Data'!A1:B673,2,FALSE)} -> T.B | G62: {=VLOOKUP(B62,'Player Data'!A1:D673,3,FALSE)} -> 28 | H62: {=IFERROR(VLOOKUP(B62,ADP!A1:F671,6,FALSE)/1000000,VLOOKUP(B62,ADP!A1:F671,6,FALSE))} -> 6.5 | I62: =IF(Settings!$E$15="POINTS",((R62*Q62)*Settings!$B$12)+(S62*Settings!$B$2)+(T62*Settings!$B$3)+(U62*Settings!$B$4)+(V62*Settings!$B$5)+(X62*Settings!$B$9)+(AA62*Settings!$B$6)+(W62*Settings!$B$8)+(AB62*Settings!$B$7)+(AC62*Settings!$B$14)+(AD62*Settings!$B$15)+(AE62*Settings!$B$16)+(AF62*Settings!$B$17)+(AG62*Settings!$B$18)+(Y62*Settings!$B$10)+(Z62*Settings!$B$11),VLOOKUP(B62,'Standard Deviations'!A$1:C$672,3,FALSE)) -> 8.5733122 | J62: {=IF(D62="G",I62/AJ62,I62/Q62)} -> 0.10455259 | K62: {=IF(Settings!$E$18="C/LW/RW",VLOOKUP(B62,RW!A1:F210,6,FALSE),VLOOKUP(B62,F!A1:F407,6,FALSE))} -> 1.6860776 | L62: {=IFERROR(K62/H62,"N/A")} -> 0.25939656 | M62: 37.2 | N62: {=IFERROR(M62-A62,"N/A")} -> -14.8 | P62: {=_xlfn.XLOOKUP($B62,ADP!A2:A671,ADP!G2:G671)} -> 0 | Q62: {=IF(Settings!$E$12="YES",VLOOKUP(B62,'Player Data'!A1:E673,5,FALSE),84)} -> 82 | R62: {=VLOOKUP(B62,'Player Data'!$A1:$AE673,6,FALSE)} -> 20 | S62: {=VLOOKUP(B62,'Player Data'!$A1:$AE673,7,FALSE)*$Q62*IFERROR((VLOOKUP(P62,Settings!$E$28:$F$33,2,FALSE)+1),1)} -> 35.26 | T62: {=VLOOKUP(B62,'Player Data'!$A1:$AE673,8,FALSE)*$Q62*IFERROR((VLOOKUP(P62,Settings!$E$28:$F$33,2,FALSE)+1),1)} -> 50.02 | U62: {=SUM(S62:T62)} -> 85.28 | V62: {=VLOOKUP(B62,'Player Data'!$A1:$AE673,10,FALSE)*$Q62*IFERROR(((VLOOKUP(P62,Settings!$E$28:$F$33,2,FALSE)/2)+1),1)} -> 240.26 | W62: {=VLOOKUP(B62,'Player Data'!$A1:$AE673,11,FALSE)*$Q62*IFERROR((VLOOKUP(P62,Settings!$E$28:$F$33,2,FALSE)+1),1)} -> 4.92 | X62: {=VLOOKUP(B62,'Player Data'!$A1:$AE673,12,FALSE)*$Q62*IFERROR((VLOOKUP(P62,Settings!$E$28:$F$33,2,FALSE)+1),1)} -> 16.4 | Y62: {=VLOOKUP(B62,'Player Data'!$A1:$AE673,13,FALSE)*$Q62} -> 1.64 | Z62: {=VLOOKUP(B62,'Player Data'!$A1:$AE673,14,FALSE)*$Q62} -> 2.46 | AA62: {=VLOOKUP(B62,'Player Data'!$A1:$AE673,15,FALSE)*$Q62} -> 49.2 | AB62: {=VLOOKUP(B62,'Player Data'!$A1:$AE673,16,FALSE)*$Q62} -> 55.76 | AC62: {=VLOOKUP(B62,'Player Data'!$A1:$AE673,17,FALSE)*$Q62*IFERROR((VLOOKUP(P62,Settings!$E$28:$F$33,2,FALSE)+1),1)} -> 11.48 | AD62: {=VLOOKUP(B62,'Player Data'!$A1:$AE673,18,FALSE)*$Q62} -> 55.76 | AE62: {=VLOOKUP(B62,'Player Data'!$A1:$AE673,19,FALSE)*$Q62*IFERROR((VLOOKUP(P62,Settings!$E$28:$F$33,2,FALSE)+1),1)} -> 5.74 | AF62: {=VLOOKUP(B62,'Player Data'!$A1:$AE673,20,FALSE)*$Q62} -> 24.6 | AG62: {=VLOOKUP(B62,'Player Data'!$A1:$AE673,21,FALSE)*$Q62} -> 38.54 | AH62: {=VLOOKUP(B62,'Player Data'!$A1:$AE673,22,FALSE)} -> 0.39
A63: =RANK(K63,K$2:K$671) -> 53 | B63: Dylan Guenther | C63: N | D63: {=VLOOKUP(B63,'Player Data'!A1:D673,4,FALSE)} -> LW,RW | E63: {=VLOOKUP(B63,RW!A1:F210,3,FALSE)} -> 11 | F63: {=VLOOKUP(B63,'Player Data'!A1:B673,2,FALSE)} -> UTA | G63: {=VLOOKUP(B63,'Player Data'!A1:D673,3,FALSE)} -> 23 | H63: {=IFERROR(VLOOKUP(B63,ADP!A1:F671,6,FALSE)/1000000,VLOOKUP(B63,ADP!A1:F671,6,FALSE))} -> 7.142 | I63: =IF(Settings!$E$15="POINTS",((R63*Q63)*Settings!$B$12)+(S63*Settings!$B$2)+(T63*Settings!$B$3)+(U63*Settings!$B$4)+(V63*Settings!$B$5)+(X63*Settings!$B$9)+(AA63*Settings!$B$6)+(W63*Settings!$B$8)+(AB63*Settings!$B$7)+(AC63*Settings!$B$14)+(AD63*Settings!$B$15)+(AE63*Settings!$B$16)+(AF63*Settings!$B$17)+(AG63*Settings!$B$18)+(Y63*Settings!$B$10)+(Z63*Settings!$B$11),VLOOKUP(B63,'Standard Deviations'!A$1:C$672,3,FALSE)) -> 8.5418972 | J63: {=IF(D63="G",I63/AJ63,I63/Q63)} -> 0.10545552 | K63: {=IF(Settings!$E$18="C/LW/RW",VLOOKUP(B63,RW!A1:F210,6,FALSE),VLOOKUP(B63,F!A1:F407,6,FALSE))} -> 1.6546626 | L63: {=IFERROR(K63/H63,"N/A")} -> 0.23168056 | M63: 39.6 | N63: {=IFERROR(M63-A63,"N/A")} -> -13.4 | P63: {=_xlfn.XLOOKUP($B63,ADP!A2:A671,ADP!G2:G671)} -> + + | Q63: {=IF(Settings!$E$12="YES",VLOOKUP(B63,'Player Data'!A1:E673,5,FALSE),84)} -> 81 | R63: {=VLOOKUP(B63,'Player Data'!$A1:$AE673,6,FALSE)} -> 17.8 | S63: {=VLOOKUP(B63,'Player Data'!$A1:$AE673,7,FALSE)*$Q63*IFERROR((VLOOKUP(P63,Settings!$E$28:$F$33,2,FALSE)+1),1)} -> 40.095 | T63: {=VLOOKUP(B63,'Player Data'!$A1:$AE673,8,FALSE)*$Q63*IFERROR((VLOOKUP(P63,Settings!$E$28:$F$33,2,FALSE)+1),1)} -> 41.877 | U63: {=SUM(S63:T63)} -> 81.972 | V63: {=VLOOKUP(B63,'Player Data'!$A1:$AE673,10,FALSE)*$Q63*IFERROR(((VLOOKUP(P63,Settings!$E$28:$F$33,2,FALSE)/2)+1),1)} -> 256.0005 | W63: {=VLOOKUP(B63,'Player Data'!$A1:$AE673,11,FALSE)*$Q63*IFERROR((VLOOKUP(P63,Settings!$E$28:$F$33,2,FALSE)+1),1)} -> 12.474 | X63: {=VLOOKUP(B63,'Player Data'!$A1:$AE673,12,FALSE)*$Q63*IFERROR((VLOOKUP(P63,Settings!$E$28:$F$33,2,FALSE)+1),1)} -> 30.294 | Y63: {=VLOOKUP(B63,'Player Data'!$A1:$AE673,13,FALSE)*$Q63} -> 0 | Z63: {=VLOOKUP(B63,'Player Data'!$A1:$AE673,14,FALSE)*$Q63} -> 0 | AA63: {=VLOOKUP(B63,'Player Data'!$A1:$AE673,15,FALSE)*$Q63} -> 35.64 | AB63: {=VLOOKUP(B63,'Player Data'!$A1:$AE673,16,FALSE)*$Q63} -> 70.47 | AC63: {=VLOOKUP(B63,'Player Data'!$A1:$AE673,17,FALSE)*$Q63*IFERROR((VLOOKUP(P63,Settings!$E$28:$F$33,2,FALSE)+1),1)} -> 2.673 | AD63: {=VLOOKUP(B63,'Player Data'!$A1:$AE673,18,FALSE)*$Q63} -> 30.78 | AE63: {=VLOOKUP(B63,'Player Data'!$A1:$AE673,19,FALSE)*$Q63*IFERROR((VLOOKUP(P63,Settings!$E$28:$F$33,2,FALSE)+1),1)} -> 6.237 | AF63: {=VLOOKUP(B63,'Player Data'!$A1:$AE673,20,FALSE)*$Q63} -> 21.87 | AG63: {=VLOOKUP(B63,'Player Data'!$A1:$AE673,21,FALSE)*$Q63} -> 38.88 | AH63: {=VLOOKUP(B63,'Player Data'!$A1:$AE673,22,FALSE)} -> 0.36
A64: =RANK(K64,K$2:K$671) -> 68 | B64: Ilya Sorokin | C64: N | D64: {=VLOOKUP(B64,'Player Data'!A1:D673,4,FALSE)} -> G | E64: {=VLOOKUP(B64,G!A1:D66,3,FALSE)} -> 13 | F64: {=VLOOKUP(B64,'Player Data'!A1:B673,2,FALSE)} -> NYI | G64: {=VLOOKUP(B64,'Player Data'!A1:D673,3,FALSE)} -> 31 | H64: {=IFERROR(VLOOKUP(B64,ADP!A1:F671,6,FALSE)/1000000,VLOOKUP(B64,ADP!A1:F671,6,FALSE))} -> 8.25 | I64: =IF(Settings!$E$15="POINTS",(AJ64*Settings!$B$29)+(AK64*Settings!$B$21)+(AL64*Settings!$B$22)+(AN64*Settings!$B$24)+(AO64*Settings!$B$25)+(AP64*Settings!$B$27)+(AM64*Settings!$B$23),VLOOKUP(B64,'Standard Deviations'!A$1:C$672,3,FALSE)) -> 2.9349616 | J64: {=IF(D64="G",I64/AJ64,I64/Q64)} -> 0.053362938 | K64: {=VLOOKUP(B64,G!A1:F66,6,FALSE)} -> 0.89677634 | L64: {=IFERROR(K64/H64,"N/A")} -> 0.10870016 | M64: 35.6 | N64: {=IFERROR(M64-A64,"N/A")} -> -32.4 | P64: {=_xlfn.XLOOKUP($B64,ADP!A2:A671,ADP!G2:G671)} -> 0 | AJ64: {=VLOOKUP(B64,'Player Data'!$A1:$AE673,24,FALSE)} -> 55 | AK64: {=VLOOKUP(B64,'Player Data'!$A1:$AE673,25,FALSE)*$AJ64*IFERROR((VLOOKUP(P64,Settings!$E$28:$F$33,2,FALSE)+1),1)} -> 25.85 | AL64: {=AJ64-AK64-AM64} -> 22 | AM64: {=VLOOKUP(B64,'Player Data'!$A1:$AE673,27,FALSE)*$AJ64} -> 7.15 | AN64: {=VLOOKUP(B64,'Player Data'!$A1:$AE673,28,FALSE)*AJ64} -> 2.75 | AO64: {=VLOOKUP(B64,'Player Data'!$A1:$AE673,29,FALSE)*$AJ64*IFERROR((VLOOKUP(P64,Settings!$E$28:$F$33,2,FALSE)/4)+1,1)} -> 1562 | AP64: {=VLOOKUP(B64,'Player Data'!$A1:$AE673,31,FALSE)*$AJ64*(IFERROR(1-(VLOOKUP(P64,Settings!$E$28:$F$33,2,FALSE)/4),1))} -> 158.95 | AQ64: {=1-(AP64/(AO64+AP64))} -> 0.90763822 | AR64: {=AP64/AJ64} -> 2.89
A65: =RANK(K65,K$2:K$671) -> 77 | B65: Seth Jones | C65: N | D65: {=VLOOKUP(B65,'Player Data'!A1:D673,4,FALSE)} -> D | E65: {=VLOOKUP(B65,D!A1:C204,3,FALSE)} -> 30 | F65: {=VLOOKUP(B65,'Player Data'!A1:B673,2,FALSE)} -> FLA | G65: {=VLOOKUP(B65,'Player Data'!A1:D673,3,FALSE)} -> 31 | H65: {=IFERROR(VLOOKUP(B65,ADP!A1:F671,6,FALSE)/1000000,VLOOKUP(B65,ADP!A1:F671,6,FALSE))} -> 7 | I65: =IF(Settings!$E$15="POINTS",((R65*Q65)*Settings!$B$12)+(S65*Settings!$B$2)+(T65*Settings!$B$3)+(U65*Settings!$B$4)+(V65*Settings!$B$5)+(X65*Settings!$B$9)+(AA65*Settings!$B$6)+(W65*Settings!$B$8)+(AB65*Settings!$B$7)+(AC65*Settings!$B$14)+(AD65*Settings!$B$15)+(AE65*Settings!$B$16)+(AF65*Settings!$B$17)+(AG65*Settings!$B$18)+(U65*Settings!$B$13)+(Y65*Settings!$B$10)+(Z65*Settings!$B$11),VLOOKUP(B65,'Standard Deviations'!A$1:C$672,3,FALSE)) -> 1.1825787 | J65: {=IF(D65="G",I65/AJ65,I65/Q65)} -> 0.015767715 | K65: {=VLOOKUP(B65,D!A1:F204,6,FALSE)} -> 0.61572775 | L65: {=IFERROR(K65/H65,"N/A")} -> 0.087961107 | M65: 122.8 | N65: {=IFERROR(M65-A65,"N/A")} -> 45.8 | P65: {=_xlfn.XLOOKUP($B65,ADP!A2:A671,ADP!G2:G671)} -> 0 | Q65: {=IF(Settings!$E$12="YES",VLOOKUP(B65,'Player Data'!A1:E673,5,FALSE),84)} -> 75 | R65: {=VLOOKUP(B65,'Player Data'!$A1:$AE673,6,FALSE)} -> 24.6 | S65: {=VLOOKUP(B65,'Player Data'!$A1:$AE673,7,FALSE)*$Q65*IFERROR((VLOOKUP(P65,Settings!$E$28:$F$33,2,FALSE)+1),1)} -> 7.5 | T65: {=VLOOKUP(B65,'Player Data'!$A1:$AE673,8,FALSE)*$Q65*IFERROR((VLOOKUP(P65,Settings!$E$28:$F$33,2,FALSE)+1),1)} -> 29.25 | U65: {=SUM(S65:T65)} -> 36.75 | V65: {=VLOOKUP(B65,'Player Data'!$A1:$AE673,10,FALSE)*$Q65*IFERROR(((VLOOKUP(P65,Settings!$E$28:$F$33,2,FALSE)/2)+1),1)} -> 135 | W65: {=VLOOKUP(B65,'Player Data'!$A1:$AE673,11,FALSE)*$Q65*IFERROR((VLOOKUP(P65,Settings!$E$28:$F$33,2,FALSE)+1),1)} -> 3.75 | X65: {=VLOOKUP(B65,'Player Data'!$A1:$AE673,12,FALSE)*$Q65*IFERROR((VLOOKUP(P65,Settings!$E$28:$F$33,2,FALSE)+1),1)} -> 15.75 | Y65: {=VLOOKUP(B65,'Player Data'!$A1:$AE673,13,FALSE)*$Q65} -> 0 | Z65: {=VLOOKUP(B65,'Player Data'!$A1:$AE673,14,FALSE)*$Q65} -> 0 | AA65: {=VLOOKUP(B65,'Player Data'!$A1:$AE673,15,FALSE)*$Q65} -> 111 | AB65: {=VLOOKUP(B65,'Player Data'!$A1:$AE673,16,FALSE)*$Q65} -> 83.25 | AC65: {=VLOOKUP(B65,'Player Data'!$A1:$AE673,17,FALSE)*$Q65*IFERROR((VLOOKUP(P65,Settings!$E$28:$F$33,2,FALSE)+1),1)} -> 3 | AD65: {=VLOOKUP(B65,'Player Data'!$A1:$AE673,18,FALSE)*$Q65} -> 32.25 | AE65: {=VLOOKUP(B65,'Player Data'!$A1:$AE673,19,FALSE)*$Q65*IFERROR((VLOOKUP(P65,Settings!$E$28:$F$33,2,FALSE)+1),1)} -> 1.5 | AF65: {=VLOOKUP(B65,'Player Data'!$A1:$AE673,20,FALSE)*$Q65} -> 0 | AG65: {=VLOOKUP(B65,'Player Data'!$A1:$AE673,21,FALSE)*$Q65} -> 0 | AH65: {=VLOOKUP(B65,'Player Data'!$A1:$AE673,22,FALSE)} -> 0
A66: =RANK(K66,K$2:K$671) -> 56 | B66: Jake Guentzel | C66: N | D66: {=VLOOKUP(B66,'Player Data'!A1:D673,4,FALSE)} -> LW,RW | E66: {=VLOOKUP(B66,RW!A1:F210,3,FALSE)} -> 12 | F66: {=VLOOKUP(B66,'Player Data'!A1:B673,2,FALSE)} -> T.B | G66: {=VLOOKUP(B66,'Player Data'!A1:D673,3,FALSE)} -> 31 | H66: {=IFERROR(VLOOKUP(B66,ADP!A1:F671,6,FALSE)/1000000,VLOOKUP(B66,ADP!A1:F671,6,FALSE))} -> 9 | I66: =IF(Settings!$E$15="POINTS",((R66*Q66)*Settings!$B$12)+(S66*Settings!$B$2)+(T66*Settings!$B$3)+(U66*Settings!$B$4)+(V66*Settings!$B$5)+(X66*Settings!$B$9)+(AA66*Settings!$B$6)+(W66*Settings!$B$8)+(AB66*Settings!$B$7)+(AC66*Settings!$B$14)+(AD66*Settings!$B$15)+(AE66*Settings!$B$16)+(AF66*Settings!$B$17)+(AG66*Settings!$B$18)+(Y66*Settings!$B$10)+(Z66*Settings!$B$11),VLOOKUP(B66,'Standard Deviations'!A$1:C$672,3,FALSE)) -> 8.4293906 | J66: {=IF(D66="G",I66/AJ66,I66/Q66)} -> 0.10279745 | K66: {=IF(Settings!$E$18="C/LW/RW",VLOOKUP(B66,RW!A1:F210,6,FALSE),VLOOKUP(B66,F!A1:F407,6,FALSE))} -> 1.542156 | L66: {=IFERROR(K66/H66,"N/A")} -> 0.17135066 | M66: 33.7 | N66: {=IFERROR(M66-A66,"N/A")} -> -22.3 | P66: {=_xlfn.XLOOKUP($B66,ADP!A2:A671,ADP!G2:G671)} -> 0 | Q66: {=IF(Settings!$E$12="YES",VLOOKUP(B66,'Player Data'!A1:E673,5,FALSE),84)} -> 82 | R66: {=VLOOKUP(B66,'Player Data'!$A1:$AE673,6,FALSE)} -> 19 | S66: {=VLOOKUP(B66,'Player Data'!$A1:$AE673,7,FALSE)*$Q66*IFERROR((VLOOKUP(P66,Settings!$E$28:$F$33,2,FALSE)+1),1)} -> 34.44 | T66: {=VLOOKUP(B66,'Player Data'!$A1:$AE673,8,FALSE)*$Q66*IFERROR((VLOOKUP(P66,Settings!$E$28:$F$33,2,FALSE)+1),1)} -> 45.92 | U66: {=SUM(S66:T66)} -> 80.36 | V66: {=VLOOKUP(B66,'Player Data'!$A1:$AE673,10,FALSE)*$Q66*IFERROR(((VLOOKUP(P66,Settings!$E$28:$F$33,2,FALSE)/2)+1),1)} -> 218.94 | W66: {=VLOOKUP(B66,'Player Data'!$A1:$AE673,11,FALSE)*$Q66*IFERROR((VLOOKUP(P66,Settings!$E$28:$F$33,2,FALSE)+1),1)} -> 9.84 | X66: {=VLOOKUP(B66,'Player Data'!$A1:$AE673,12,FALSE)*$Q66*IFERROR((VLOOKUP(P66,Settings!$E$28:$F$33,2,FALSE)+1),1)} -> 28.7 | Y66: {=VLOOKUP(B66,'Player Data'!$A1:$AE673,13,FALSE)*$Q66} -> 0 | Z66: {=VLOOKUP(B66,'Player Data'!$A1:$AE673,14,FALSE)*$Q66} -> 0 | AA66: {=VLOOKUP(B66,'Player Data'!$A1:$AE673,15,FALSE)*$Q66} -> 39.36 | AB66: {=VLOOKUP(B66,'Player Data'!$A1:$AE673,16,FALSE)*$Q66} -> 41.82 | AC66: {=VLOOKUP(B66,'Player Data'!$A1:$AE673,17,FALSE)*$Q66*IFERROR((VLOOKUP(P66,Settings!$E$28:$F$33,2,FALSE)+1),1)} -> 9.84 | AD66: {=VLOOKUP(B66,'Player Data'!$A1:$AE673,18,FALSE)*$Q66} -> 31.98 | AE66: {=VLOOKUP(B66,'Player Data'!$A1:$AE673,19,FALSE)*$Q66*IFERROR((VLOOKUP(P66,Settings!$E$28:$F$33,2,FALSE)+1),1)} -> 5.74 | AF66: {=VLOOKUP(B66,'Player Data'!$A1:$AE673,20,FALSE)*$Q66} -> 154.16 | AG66: {=VLOOKUP(B66,'Player Data'!$A1:$AE673,21,FALSE)*$Q66} -> 207.46 | AH66: {=VLOOKUP(B66,'Player Data'!$A1:$AE673,22,FALSE)} -> 0.43
A67: =RANK(K67,K$2:K$671) -> 81 | B67: K'Andre Miller | C67: N | D67: {=VLOOKUP(B67,'Player Data'!A1:D673,4,FALSE)} -> D | E67: {=VLOOKUP(B67,D!A1:C204,3,FALSE)} -> 31 | F67: {=VLOOKUP(B67,'Player Data'!A1:B673,2,FALSE)} -> CAR | G67: {=VLOOKUP(B67,'Player Data'!A1:D673,3,FALSE)} -> 26 | H67: {=IFERROR(VLOOKUP(B67,ADP!A1:F671,6,FALSE)/1000000,VLOOKUP(B67,ADP!A1:F671,6,FALSE))} -> 7.5 | I67: =IF(Settings!$E$15="POINTS",((R67*Q67)*Settings!$B$12)+(S67*Settings!$B$2)+(T67*Settings!$B$3)+(U67*Settings!$B$4)+(V67*Settings!$B$5)+(X67*Settings!$B$9)+(AA67*Settings!$B$6)+(W67*Settings!$B$8)+(AB67*Settings!$B$7)+(AC67*Settings!$B$14)+(AD67*Settings!$B$15)+(AE67*Settings!$B$16)+(AF67*Settings!$B$17)+(AG67*Settings!$B$18)+(U67*Settings!$B$13)+(Y67*Settings!$B$10)+(Z67*Settings!$B$11),VLOOKUP(B67,'Standard Deviations'!A$1:C$672,3,FALSE)) -> 1.1308565 | J67: {=IF(D67="G",I67/AJ67,I67/Q67)} -> 0.013961191 | K67: {=VLOOKUP(B67,D!A1:F204,6,FALSE)} -> 0.56400557 | L67: {=IFERROR(K67/H67,"N/A")} -> 0.075200743 | M67: 133 | N67: {=IFERROR(M67-A67,"N/A")} -> 52 | P67: {=_xlfn.XLOOKUP($B67,ADP!A2:A671,ADP!G2:G671)} -> 0 | Q67: {=IF(Settings!$E$12="YES",VLOOKUP(B67,'Player Data'!A1:E673,5,FALSE),84)} -> 81 | R67: {=VLOOKUP(B67,'Player Data'!$A1:$AE673,6,FALSE)} -> 22.6 | S67: {=VLOOKUP(B67,'Player Data'!$A1:$AE673,7,FALSE)*$Q67*IFERROR((VLOOKUP(P67,Settings!$E$28:$F$33,2,FALSE)+1),1)} -> 8.91 | T67: {=VLOOKUP(B67,'Player Data'!$A1:$AE673,8,FALSE)*$Q67*IFERROR((VLOOKUP(P67,Settings!$E$28:$F$33,2,FALSE)+1),1)} -> 28.35 | U67: {=SUM(S67:T67)} -> 37.26 | V67: {=VLOOKUP(B67,'Player Data'!$A1:$AE673,10,FALSE)*$Q67*IFERROR(((VLOOKUP(P67,Settings!$E$28:$F$33,2,FALSE)/2)+1),1)} -> 133.65 | W67: {=VLOOKUP(B67,'Player Data'!$A1:$AE673,11,FALSE)*$Q67*IFERROR((VLOOKUP(P67,Settings!$E$28:$F$33,2,FALSE)+1),1)} -> 0.81 | X67: {=VLOOKUP(B67,'Player Data'!$A1:$AE673,12,FALSE)*$Q67*IFERROR((VLOOKUP(P67,Settings!$E$28:$F$33,2,FALSE)+1),1)} -> 4.86 | Y67: {=VLOOKUP(B67,'Player Data'!$A1:$AE673,13,FALSE)*$Q67} -> 0.81 | Z67: {=VLOOKUP(B67,'Player Data'!$A1:$AE673,14,FALSE)*$Q67} -> 1.62 | AA67: {=VLOOKUP(B67,'Player Data'!$A1:$AE673,15,FALSE)*$Q67} -> 108.54 | AB67: {=VLOOKUP(B67,'Player Data'!$A1:$AE673,16,FALSE)*$Q67} -> 111.78 | AC67: {=VLOOKUP(B67,'Player Data'!$A1:$AE673,17,FALSE)*$Q67*IFERROR((VLOOKUP(P67,Settings!$E$28:$F$33,2,FALSE)+1),1)} -> 4.86 | AD67: {=VLOOKUP(B67,'Player Data'!$A1:$AE673,18,FALSE)*$Q67} -> 45.36 | AE67: {=VLOOKUP(B67,'Player Data'!$A1:$AE673,19,FALSE)*$Q67*IFERROR((VLOOKUP(P67,Settings!$E$28:$F$33,2,FALSE)+1),1)} -> 1.62 | AF67: {=VLOOKUP(B67,'Player Data'!$A1:$AE673,20,FALSE)*$Q67} -> 0 | AG67: {=VLOOKUP(B67,'Player Data'!$A1:$AE673,21,FALSE)*$Q67} -> 0.81 | AH67: {=VLOOKUP(B67,'Player Data'!$A1:$AE673,22,FALSE)} -> 0
A68: =RANK(K68,K$2:K$671) -> 82 | B68: MacKenzie Weegar | C68: N | D68: {=VLOOKUP(B68,'Player Data'!A1:D673,4,FALSE)} -> D | E68: {=VLOOKUP(B68,D!A1:C204,3,FALSE)} -> 32 | F68: {=VLOOKUP(B68,'Player Data'!A1:B673,2,FALSE)} -> UTA | G68: {=VLOOKUP(B68,'Player Data'!A1:D673,3,FALSE)} -> 32 | H68: {=IFERROR(VLOOKUP(B68,ADP!A1:F671,6,FALSE)/1000000,VLOOKUP(B68,ADP!A1:F671,6,FALSE))} -> 6.25 | I68: =IF(Settings!$E$15="POINTS",((R68*Q68)*Settings!$B$12)+(S68*Settings!$B$2)+(T68*Settings!$B$3)+(U68*Settings!$B$4)+(V68*Settings!$B$5)+(X68*Settings!$B$9)+(AA68*Settings!$B$6)+(W68*Settings!$B$8)+(AB68*Settings!$B$7)+(AC68*Settings!$B$14)+(AD68*Settings!$B$15)+(AE68*Settings!$B$16)+(AF68*Settings!$B$17)+(AG68*Settings!$B$18)+(U68*Settings!$B$13)+(Y68*Settings!$B$10)+(Z68*Settings!$B$11),VLOOKUP(B68,'Standard Deviations'!A$1:C$672,3,FALSE)) -> 1.130691 | J68: {=IF(D68="G",I68/AJ68,I68/Q68)} -> 0.013622783 | K68: {=VLOOKUP(B68,D!A1:F204,6,FALSE)} -> 0.56384007 | L68: {=IFERROR(K68/H68,"N/A")} -> 0.090214411 | M68: 110.3 | N68: {=IFERROR(M68-A68,"N/A")} -> 28.3 | P68: {=_xlfn.XLOOKUP($B68,ADP!A2:A671,ADP!G2:G671)} -> 0 | Q68: {=IF(Settings!$E$12="YES",VLOOKUP(B68,'Player Data'!A1:E673,5,FALSE),84)} -> 83 | R68: {=VLOOKUP(B68,'Player Data'!$A1:$AE673,6,FALSE)} -> 22.5 | S68: {=VLOOKUP(B68,'Player Data'!$A1:$AE673,7,FALSE)*$Q68*IFERROR((VLOOKUP(P68,Settings!$E$28:$F$33,2,FALSE)+1),1)} -> 5.81 | T68: {=VLOOKUP(B68,'Player Data'!$A1:$AE673,8,FALSE)*$Q68*IFERROR((VLOOKUP(P68,Settings!$E$28:$F$33,2,FALSE)+1),1)} -> 25.73 | U68: {=SUM(S68:T68)} -> 31.54 | V68: {=VLOOKUP(B68,'Player Data'!$A1:$AE673,10,FALSE)*$Q68*IFERROR(((VLOOKUP(P68,Settings!$E$28:$F$33,2,FALSE)/2)+1),1)} -> 150.23 | W68: {=VLOOKUP(B68,'Player Data'!$A1:$AE673,11,FALSE)*$Q68*IFERROR((VLOOKUP(P68,Settings!$E$28:$F$33,2,FALSE)+1),1)} -> 0.83 | X68: {=VLOOKUP(B68,'Player Data'!$A1:$AE673,12,FALSE)*$Q68*IFERROR((VLOOKUP(P68,Settings!$E$28:$F$33,2,FALSE)+1),1)} -> 7.47 | Y68: {=VLOOKUP(B68,'Player Data'!$A1:$AE673,13,FALSE)*$Q68} -> 0 | Z68: {=VLOOKUP(B68,'Player Data'!$A1:$AE673,14,FALSE)*$Q68} -> 1.66 | AA68: {=VLOOKUP(B68,'Player Data'!$A1:$AE673,15,FALSE)*$Q68} -> 179.28 | AB68: {=VLOOKUP(B68,'Player Data'!$A1:$AE673,16,FALSE)*$Q68} -> 169.32 | AC68: {=VLOOKUP(B68,'Player Data'!$A1:$AE673,17,FALSE)*$Q68*IFERROR((VLOOKUP(P68,Settings!$E$28:$F$33,2,FALSE)+1),1)} -> -0.83 | AD68: {=VLOOKUP(B68,'Player Data'!$A1:$AE673,18,FALSE)*$Q68} -> 48.14 | AE68: {=VLOOKUP(B68,'Player Data'!$A1:$AE673,19,FALSE)*$Q68*IFERROR((VLOOKUP(P68,Settings!$E$28:$F$33,2,FALSE)+1),1)} -> 0.83 | AF68: {=VLOOKUP(B68,'Player Data'!$A1:$AE673,20,FALSE)*$Q68} -> 0 | AG68: {=VLOOKUP(B68,'Player Data'!$A1:$AE673,21,FALSE)*$Q68} -> 0 | AH68: {=VLOOKUP(B68,'Player Data'!$A1:$AE673,22,FALSE)} -> 0
A69: =RANK(K69,K$2:K$671) -> 74 | B69: Jacob Markstrom | C69: N | D69: {=VLOOKUP(B69,'Player Data'!A1:D673,4,FALSE)} -> G | E69: {=VLOOKUP(B69,G!A1:D66,3,FALSE)} -> 14 | F69: {=VLOOKUP(B69,'Player Data'!A1:B673,2,FALSE)} -> FLA | G69: {=VLOOKUP(B69,'Player Data'!A1:D673,3,FALSE)} -> 36 | H69: {=IFERROR(VLOOKUP(B69,ADP!A1:F671,6,FALSE)/1000000,VLOOKUP(B69,ADP!A1:F671,6,FALSE))} -> 6 | I69: =IF(Settings!$E$15="POINTS",(AJ69*Settings!$B$29)+(AK69*Settings!$B$21)+(AL69*Settings!$B$22)+(AN69*Settings!$B$24)+(AO69*Settings!$B$25)+(AP69*Settings!$B$27)+(AM69*Settings!$B$23),VLOOKUP(B69,'Standard Deviations'!A$1:C$672,3,FALSE)) -> 2.7838672 | J69: {=IF(D69="G",I69/AJ69,I69/Q69)} -> 0.053535907 | K69: {=VLOOKUP(B69,G!A1:F66,6,FALSE)} -> 0.7456819 | L69: {=IFERROR(K69/H69,"N/A")} -> 0.12428032 | M69: 72.5 | N69: {=IFERROR(M69-A69,"N/A")} -> -1.5 | P69: {=_xlfn.XLOOKUP($B69,ADP!A2:A671,ADP!G2:G671)} -> 0 | AJ69: {=VLOOKUP(B69,'Player Data'!$A1:$AE673,24,FALSE)} -> 52 | AK69: {=VLOOKUP(B69,'Player Data'!$A1:$AE673,25,FALSE)*$AJ69*IFERROR((VLOOKUP(P69,Settings!$E$28:$F$33,2,FALSE)+1),1)} -> 29.12 | AL69: {=AJ69-AK69-AM69} -> 17.16 | AM69: {=VLOOKUP(B69,'Player Data'!$A1:$AE673,27,FALSE)*$AJ69} -> 5.72 | AN69: {=VLOOKUP(B69,'Player Data'!$A1:$AE673,28,FALSE)*AJ69} -> 3.12 | AO69: {=VLOOKUP(B69,'Player Data'!$A1:$AE673,29,FALSE)*$AJ69*IFERROR((VLOOKUP(P69,Settings!$E$28:$F$33,2,FALSE)/4)+1,1)} -> 1274 | AP69: {=VLOOKUP(B69,'Player Data'!$A1:$AE673,31,FALSE)*$AJ69*(IFERROR(1-(VLOOKUP(P69,Settings!$E$28:$F$33,2,FALSE)/4),1))} -> 144.56 | AQ69: {=1-(AP69/(AO69+AP69))} -> 0.89809384 | AR69: {=AP69/AJ69} -> 2.78
A70: =RANK(K70,K$2:K$671) -> 60 | B70: Sebastian Aho | C70: N | D70: {=VLOOKUP(B70,'Player Data'!A1:D673,4,FALSE)} -> C | E70: {=VLOOKUP(B70,'C'!A1:C210,3,FALSE)} -> 14 | F70: {=VLOOKUP(B70,'Player Data'!A1:B673,2,FALSE)} -> CAR | G70: {=VLOOKUP(B70,'Player Data'!A1:D673,3,FALSE)} -> 29 | H70: {=IFERROR(VLOOKUP(B70,ADP!A1:F671,6,FALSE)/1000000,VLOOKUP(B70,ADP!A1:F671,6,FALSE))} -> 9.75 | I70: =IF(Settings!$E$15="POINTS",((R70*Q70)*Settings!$B$12)+(S70*Settings!$B$2)+(T70*Settings!$B$3)+(U70*Settings!$B$4)+(V70*Settings!$B$5)+(X70*Settings!$B$9)+(AA70*Settings!$B$6)+(W70*Settings!$B$8)+(AB70*Settings!$B$7)+(AC70*Settings!$B$14)+(AD70*Settings!$B$15)+(AE70*Settings!$B$16)+(AF70*Settings!$B$17)+(AG70*Settings!$B$18)+(Y70*Settings!$B$10)+(Z70*Settings!$B$11),VLOOKUP(B70,'Standard Deviations'!A$1:C$672,3,FALSE)) -> 7.7126021 | J70: {=IF(D70="G",I70/AJ70,I70/Q70)} -> 0.092922917 | K70: {=IF(Settings!$E$18="C/LW/RW",VLOOKUP(B70,'C'!A1:F210,6,FALSE),VLOOKUP(B70,F!A1:F407,6,FALSE))} -> 1.3525926 | L70: {=IFERROR(K70/H70,"N/A")} -> 0.13872744 | M70: 81.4 | N70: {=IFERROR(M70-A70,"N/A")} -> 21.4 | P70: {=_xlfn.XLOOKUP($B70,ADP!A2:A671,ADP!G2:G671)} -> 0 | Q70: {=IF(Settings!$E$12="YES",VLOOKUP(B70,'Player Data'!A1:E673,5,FALSE),84)} -> 83 | R70: {=VLOOKUP(B70,'Player Data'!$A1:$AE673,6,FALSE)} -> 19.5 | S70: {=VLOOKUP(B70,'Player Data'!$A1:$AE673,7,FALSE)*$Q70*IFERROR((VLOOKUP(P70,Settings!$E$28:$F$33,2,FALSE)+1),1)} -> 29.88 | T70: {=VLOOKUP(B70,'Player Data'!$A1:$AE673,8,FALSE)*$Q70*IFERROR((VLOOKUP(P70,Settings!$E$28:$F$33,2,FALSE)+1),1)} -> 50.63 | U70: {=SUM(S70:T70)} -> 80.51 | V70: {=VLOOKUP(B70,'Player Data'!$A1:$AE673,10,FALSE)*$Q70*IFERROR(((VLOOKUP(P70,Settings!$E$28:$F$33,2,FALSE)/2)+1),1)} -> 208.33 | W70: {=VLOOKUP(B70,'Player Data'!$A1:$AE673,11,FALSE)*$Q70*IFERROR((VLOOKUP(P70,Settings!$E$28:$F$33,2,FALSE)+1),1)} -> 7.47 | X70: {=VLOOKUP(B70,'Player Data'!$A1:$AE673,12,FALSE)*$Q70*IFERROR((VLOOKUP(P70,Settings!$E$28:$F$33,2,FALSE)+1),1)} -> 24.9 | Y70: {=VLOOKUP(B70,'Player Data'!$A1:$AE673,13,FALSE)*$Q70} -> 1.66 | Z70: {=VLOOKUP(B70,'Player Data'!$A1:$AE673,14,FALSE)*$Q70} -> 4.98 | AA70: {=VLOOKUP(B70,'Player Data'!$A1:$AE673,15,FALSE)*$Q70} -> 28.22 | AB70: {=VLOOKUP(B70,'Player Data'!$A1:$AE673,16,FALSE)*$Q70} -> 65.57 | AC70: {=VLOOKUP(B70,'Player Data'!$A1:$AE673,17,FALSE)*$Q70*IFERROR((VLOOKUP(P70,Settings!$E$28:$F$33,2,FALSE)+1),1)} -> 7.47 | AD70: {=VLOOKUP(B70,'Player Data'!$A1:$AE673,18,FALSE)*$Q70} -> 40.67 | AE70: {=VLOOKUP(B70,'Player Data'!$A1:$AE673,19,FALSE)*$Q70*IFERROR((VLOOKUP(P70,Settings!$E$28:$F$33,2,FALSE)+1),1)} -> 4.98 | AF70: {=VLOOKUP(B70,'Player Data'!$A1:$AE673,20,FALSE)*$Q70} -> 644.08 | AG70: {=VLOOKUP(B70,'Player Data'!$A1:$AE673,21,FALSE)*$Q70} -> 571.04 | AH70: {=VLOOKUP(B70,'Player Data'!$A1:$AE673,22,FALSE)} -> 0.53
A71: =RANK(K71,K$2:K$671) -> 84 | B71: Dougie Hamilton | C71: N | D71: {=VLOOKUP(B71,'Player Data'!A1:D673,4,FALSE)} -> D | E71: {=VLOOKUP(B71,D!A1:C204,3,FALSE)} -> 33 | F71: {=VLOOKUP(B71,'Player Data'!A1:B673,2,FALSE)} -> N.J | G71: {=VLOOKUP(B71,'Player Data'!A1:D673,3,FALSE)} -> 33 | H71: {=IFERROR(VLOOKUP(B71,ADP!A1:F671,6,FALSE)/1000000,VLOOKUP(B71,ADP!A1:F671,6,FALSE))} -> 9 | I71: =IF(Settings!$E$15="POINTS",((R71*Q71)*Settings!$B$12)+(S71*Settings!$B$2)+(T71*Settings!$B$3)+(U71*Settings!$B$4)+(V71*Settings!$B$5)+(X71*Settings!$B$9)+(AA71*Settings!$B$6)+(W71*Settings!$B$8)+(AB71*Settings!$B$7)+(AC71*Settings!$B$14)+(AD71*Settings!$B$15)+(AE71*Settings!$B$16)+(AF71*Settings!$B$17)+(AG71*Settings!$B$18)+(U71*Settings!$B$13)+(Y71*Settings!$B$10)+(Z71*Settings!$B$11),VLOOKUP(B71,'Standard Deviations'!A$1:C$672,3,FALSE)) -> 0.98466026 | J71: {=IF(D71="G",I71/AJ71,I71/Q71)} -> 0.01330622 | K71: {=VLOOKUP(B71,D!A1:F204,6,FALSE)} -> 0.41780934 | L71: {=IFERROR(K71/H71,"N/A")} -> 0.04642326 | M71: 108.3 | N71: {=IFERROR(M71-A71,"N/A")} -> 24.3 | P71: {=_xlfn.XLOOKUP($B71,ADP!A2:A671,ADP!G2:G671)} -> 0 | Q71: {=IF(Settings!$E$12="YES",VLOOKUP(B71,'Player Data'!A1:E673,5,FALSE),84)} -> 74 | R71: {=VLOOKUP(B71,'Player Data'!$A1:$AE673,6,FALSE)} -> 22.6 | S71: {=VLOOKUP(B71,'Player Data'!$A1:$AE673,7,FALSE)*$Q71*IFERROR((VLOOKUP(P71,Settings!$E$28:$F$33,2,FALSE)+1),1)} -> 8.14 | T71: {=VLOOKUP(B71,'Player Data'!$A1:$AE673,8,FALSE)*$Q71*IFERROR((VLOOKUP(P71,Settings!$E$28:$F$33,2,FALSE)+1),1)} -> 27.38 | U71: {=SUM(S71:T71)} -> 35.52 | V71: {=VLOOKUP(B71,'Player Data'!$A1:$AE673,10,FALSE)*$Q71*IFERROR(((VLOOKUP(P71,Settings!$E$28:$F$33,2,FALSE)/2)+1),1)} -> 185 | W71: {=VLOOKUP(B71,'Player Data'!$A1:$AE673,11,FALSE)*$Q71*IFERROR((VLOOKUP(P71,Settings!$E$28:$F$33,2,FALSE)+1),1)} -> 2.96 | X71: {=VLOOKUP(B71,'Player Data'!$A1:$AE673,12,FALSE)*$Q71*IFERROR((VLOOKUP(P71,Settings!$E$28:$F$33,2,FALSE)+1),1)} -> 10.36 | Y71: {=VLOOKUP(B71,'Player Data'!$A1:$AE673,13,FALSE)*$Q71} -> 0 | Z71: {=VLOOKUP(B71,'Player Data'!$A1:$AE673,14,FALSE)*$Q71} -> 0 | AA71: {=VLOOKUP(B71,'Player Data'!$A1:$AE673,15,FALSE)*$Q71} -> 92.5 | AB71: {=VLOOKUP(B71,'Player Data'!$A1:$AE673,16,FALSE)*$Q71} -> 85.1 | AC71: {=VLOOKUP(B71,'Player Data'!$A1:$AE673,17,FALSE)*$Q71*IFERROR((VLOOKUP(P71,Settings!$E$28:$F$33,2,FALSE)+1),1)} -> 0.74 | AD71: {=VLOOKUP(B71,'Player Data'!$A1:$AE673,18,FALSE)*$Q71} -> 47.36 | AE71: {=VLOOKUP(B71,'Player Data'!$A1:$AE673,19,FALSE)*$Q71*IFERROR((VLOOKUP(P71,Settings!$E$28:$F$33,2,FALSE)+1),1)} -> 1.48 | AF71: {=VLOOKUP(B71,'Player Data'!$A1:$AE673,20,FALSE)*$Q71} -> 0 | AG71: {=VLOOKUP(B71,'Player Data'!$A1:$AE673,21,FALSE)*$Q71} -> 0 | AH71: {=VLOOKUP(B71,'Player Data'!$A1:$AE673,22,FALSE)} -> 0
A72: =RANK(K72,K$2:K$671) -> 78 | B72: Karel Vejmelka | C72: N | D72: {=VLOOKUP(B72,'Player Data'!A1:D673,4,FALSE)} -> G | E72: {=VLOOKUP(B72,G!A1:D66,3,FALSE)} -> 15 | F72: {=VLOOKUP(B72,'Player Data'!A1:B673,2,FALSE)} -> UTA | G72: {=VLOOKUP(B72,'Player Data'!A1:D673,3,FALSE)} -> 30 | H72: {=IFERROR(VLOOKUP(B72,ADP!A1:F671,6,FALSE)/1000000,VLOOKUP(B72,ADP!A1:F671,6,FALSE))} -> 4.75 | I72: =IF(Settings!$E$15="POINTS",(AJ72*Settings!$B$29)+(AK72*Settings!$B$21)+(AL72*Settings!$B$22)+(AN72*Settings!$B$24)+(AO72*Settings!$B$25)+(AP72*Settings!$B$27)+(AM72*Settings!$B$23),VLOOKUP(B72,'Standard Deviations'!A$1:C$672,3,FALSE)) -> 2.6433168 | J72: {=IF(D72="G",I72/AJ72,I72/Q72)} -> 0.048060306 | K72: {=VLOOKUP(B72,G!A1:F66,6,FALSE)} -> 0.60513159 | L72: {=IFERROR(K72/H72,"N/A")} -> 0.12739612 | M72: 69.2 | N72: {=IFERROR(M72-A72,"N/A")} -> -8.8 | P72: {=_xlfn.XLOOKUP($B72,ADP!A2:A671,ADP!G2:G671)} -> 0 | AJ72: {=VLOOKUP(B72,'Player Data'!$A1:$AE673,24,FALSE)} -> 55 | AK72: {=VLOOKUP(B72,'Player Data'!$A1:$AE673,25,FALSE)*$AJ72*IFERROR((VLOOKUP(P72,Settings!$E$28:$F$33,2,FALSE)+1),1)} -> 29.15 | AL72: {=AJ72-AK72-AM72} -> 19.25 | AM72: {=VLOOKUP(B72,'Player Data'!$A1:$AE673,27,FALSE)*$AJ72} -> 6.6 | AN72: {=VLOOKUP(B72,'Player Data'!$A1:$AE673,28,FALSE)*AJ72} -> 2.75 | AO72: {=VLOOKUP(B72,'Player Data'!$A1:$AE673,29,FALSE)*$AJ72*IFERROR((VLOOKUP(P72,Settings!$E$28:$F$33,2,FALSE)/4)+1,1)} -> 1430 | AP72: {=VLOOKUP(B72,'Player Data'!$A1:$AE673,31,FALSE)*$AJ72*(IFERROR(1-(VLOOKUP(P72,Settings!$E$28:$F$33,2,FALSE)/4),1))} -> 156.2 | AQ72: {=1-(AP72/(AO72+AP72))} -> 0.90152566 | AR72: {=AP72/AJ72} -> 2.84
A73: =RANK(K73,K$2:K$671) -> 79 | B73: Dan Vladar | C73: N | D73: {=VLOOKUP(B73,'Player Data'!A1:D673,4,FALSE)} -> G | E73: {=VLOOKUP(B73,G!A1:D66,3,FALSE)} -> 16 | F73: {=VLOOKUP(B73,'Player Data'!A1:B673,2,FALSE)} -> PHI | G73: {=VLOOKUP(B73,'Player Data'!A1:D673,3,FALSE)} -> 29 | H73: {=IFERROR(VLOOKUP(B73,ADP!A1:F671,6,FALSE)/1000000,VLOOKUP(B73,ADP!A1:F671,6,FALSE))} -> 3.35 | I73: =IF(Settings!$E$15="POINTS",(AJ73*Settings!$B$29)+(AK73*Settings!$B$21)+(AL73*Settings!$B$22)+(AN73*Settings!$B$24)+(AO73*Settings!$B$25)+(AP73*Settings!$B$27)+(AM73*Settings!$B$23),VLOOKUP(B73,'Standard Deviations'!A$1:C$672,3,FALSE)) -> 2.6365058 | J73: {=IF(D73="G",I73/AJ73,I73/Q73)} -> 0.058589017 | K73: {=VLOOKUP(B73,G!A1:F66,6,FALSE)} -> 0.5983205 | L73: {=IFERROR(K73/H73,"N/A")} -> 0.17860313 | M73: 137.3 | N73: {=IFERROR(M73-A73,"N/A")} -> 58.3 | P73: {=_xlfn.XLOOKUP($B73,ADP!A2:A671,ADP!G2:G671)} -> 0 | AJ73: {=VLOOKUP(B73,'Player Data'!$A1:$AE673,24,FALSE)} -> 45 | AK73: {=VLOOKUP(B73,'Player Data'!$A1:$AE673,25,FALSE)*$AJ73*IFERROR((VLOOKUP(P73,Settings!$E$28:$F$33,2,FALSE)+1),1)} -> 23.4 | AL73: {=AJ73-AK73-AM73} -> 16.2 | AM73: {=VLOOKUP(B73,'Player Data'!$A1:$AE673,27,FALSE)*$AJ73} -> 5.4 | AN73: {=VLOOKUP(B73,'Player Data'!$A1:$AE673,28,FALSE)*AJ73} -> 2.7 | AO73: {=VLOOKUP(B73,'Player Data'!$A1:$AE673,29,FALSE)*$AJ73*IFERROR((VLOOKUP(P73,Settings!$E$28:$F$33,2,FALSE)/4)+1,1)} -> 1120.5 | AP73: {=VLOOKUP(B73,'Player Data'!$A1:$AE673,31,FALSE)*$AJ73*(IFERROR(1-(VLOOKUP(P73,Settings!$E$28:$F$33,2,FALSE)/4),1))} -> 121.5 | AQ73: {=1-(AP73/(AO73+AP73))} -> 0.90217391 | AR73: {=AP73/AJ73} -> 2.7
A74: =RANK(K74,K$2:K$671) -> 83 | B74: Jeremy Swayman | C74: N | D74: {=VLOOKUP(B74,'Player Data'!A1:D673,4,FALSE)} -> G | E74: {=VLOOKUP(B74,G!A1:D66,3,FALSE)} -> 17 | F74: {=VLOOKUP(B74,'Player Data'!A1:B673,2,FALSE)} -> BOS | G74: {=VLOOKUP(B74,'Player Data'!A1:D673,3,FALSE)} -> 27 | H74: {=IFERROR(VLOOKUP(B74,ADP!A1:F671,6,FALSE)/1000000,VLOOKUP(B74,ADP!A1:F671,6,FALSE))} -> 8.25 | I74: =IF(Settings!$E$15="POINTS",(AJ74*Settings!$B$29)+(AK74*Settings!$B$21)+(AL74*Settings!$B$22)+(AN74*Settings!$B$24)+(AO74*Settings!$B$25)+(AP74*Settings!$B$27)+(AM74*Settings!$B$23),VLOOKUP(B74,'Standard Deviations'!A$1:C$672,3,FALSE)) -> 2.5556038 | J74: {=IF(D74="G",I74/AJ74,I74/Q74)} -> 0.046465523 | K74: {=VLOOKUP(B74,G!A1:F66,6,FALSE)} -> 0.5174185 | L74: {=IFERROR(K74/H74,"N/A")} -> 0.062717394 | M74: 64.9 | N74: {=IFERROR(M74-A74,"N/A")} -> -18.1 | P74: {=_xlfn.XLOOKUP($B74,ADP!A2:A671,ADP!G2:G671)} -> 0 | AJ74: {=VLOOKUP(B74,'Player Data'!$A1:$AE673,24,FALSE)} -> 55 | AK74: {=VLOOKUP(B74,'Player Data'!$A1:$AE673,25,FALSE)*$AJ74*IFERROR((VLOOKUP(P74,Settings!$E$28:$F$33,2,FALSE)+1),1)} -> 26.95 | AL74: {=AJ74-AK74-AM74} -> 20.9 | AM74: {=VLOOKUP(B74,'Player Data'!$A1:$AE673,27,FALSE)*$AJ74} -> 7.15 | AN74: {=VLOOKUP(B74,'Player Data'!$A1:$AE673,28,FALSE)*AJ74} -> 2.75 | AO74: {=VLOOKUP(B74,'Player Data'!$A1:$AE673,29,FALSE)*$AJ74*IFERROR((VLOOKUP(P74,Settings!$E$28:$F$33,2,FALSE)/4)+1,1)} -> 1474 | AP74: {=VLOOKUP(B74,'Player Data'!$A1:$AE673,31,FALSE)*$AJ74*(IFERROR(1-(VLOOKUP(P74,Settings!$E$28:$F$33,2,FALSE)/4),1))} -> 157.3 | AQ74: {=1-(AP74/(AO74+AP74))} -> 0.90357384 | AR74: {=AP74/AJ74} -> 2.86
A75: =RANK(K75,K$2:K$671) -> 85 | B75: Brock Faber | C75: N | D75: {=VLOOKUP(B75,'Player Data'!A1:D673,4,FALSE)} -> D | E75: {=VLOOKUP(B75,D!A1:C204,3,FALSE)} -> 34 | F75: {=VLOOKUP(B75,'Player Data'!A1:B673,2,FALSE)} -> MIN | G75: {=VLOOKUP(B75,'Player Data'!A1:D673,3,FALSE)} -> 24 | H75: {=IFERROR(VLOOKUP(B75,ADP!A1:F671,6,FALSE)/1000000,VLOOKUP(B75,ADP!A1:F671,6,FALSE))} -> 8.5 | I75: =IF(Settings!$E$15="POINTS",((R75*Q75)*Settings!$B$12)+(S75*Settings!$B$2)+(T75*Settings!$B$3)+(U75*Settings!$B$4)+(V75*Settings!$B$5)+(X75*Settings!$B$9)+(AA75*Settings!$B$6)+(W75*Settings!$B$8)+(AB75*Settings!$B$7)+(AC75*Settings!$B$14)+(AD75*Settings!$B$15)+(AE75*Settings!$B$16)+(AF75*Settings!$B$17)+(AG75*Settings!$B$18)+(U75*Settings!$B$13)+(Y75*Settings!$B$10)+(Z75*Settings!$B$11),VLOOKUP(B75,'Standard Deviations'!A$1:C$672,3,FALSE)) -> 0.85183295 | J75: {=IF(D75="G",I75/AJ75,I75/Q75)} -> 0.010263048 | K75: {=VLOOKUP(B75,D!A1:F204,6,FALSE)} -> 0.28498203 | L75: {=IFERROR(K75/H75,"N/A")} -> 0.033527298 | M75: 83.5 | N75: {=IFERROR(M75-A75,"N/A")} -> -1.5 | P75: {=_xlfn.XLOOKUP($B75,ADP!A2:A671,ADP!G2:G671)} -> 0 | Q75: {=IF(Settings!$E$12="YES",VLOOKUP(B75,'Player Data'!A1:E673,5,FALSE),84)} -> 83 | R75: {=VLOOKUP(B75,'Player Data'!$A1:$AE673,6,FALSE)} -> 24.9 | S75: {=VLOOKUP(B75,'Player Data'!$A1:$AE673,7,FALSE)*$Q75*IFERROR((VLOOKUP(P75,Settings!$E$28:$F$33,2,FALSE)+1),1)} -> 13.28 | T75: {=VLOOKUP(B75,'Player Data'!$A1:$AE673,8,FALSE)*$Q75*IFERROR((VLOOKUP(P75,Settings!$E$28:$F$33,2,FALSE)+1),1)} -> 31.54 | U75: {=SUM(S75:T75)} -> 44.82 | V75: {=VLOOKUP(B75,'Player Data'!$A1:$AE673,10,FALSE)*$Q75*IFERROR(((VLOOKUP(P75,Settings!$E$28:$F$33,2,FALSE)/2)+1),1)} -> 161.02 | W75: {=VLOOKUP(B75,'Player Data'!$A1:$AE673,11,FALSE)*$Q75*IFERROR((VLOOKUP(P75,Settings!$E$28:$F$33,2,FALSE)+1),1)} -> 0.83 | X75: {=VLOOKUP(B75,'Player Data'!$A1:$AE673,12,FALSE)*$Q75*IFERROR((VLOOKUP(P75,Settings!$E$28:$F$33,2,FALSE)+1),1)} -> 8.3 | Y75: {=VLOOKUP(B75,'Player Data'!$A1:$AE673,13,FALSE)*$Q75} -> 0.83 | Z75: {=VLOOKUP(B75,'Player Data'!$A1:$AE673,14,FALSE)*$Q75} -> 1.66 | AA75: {=VLOOKUP(B75,'Player Data'!$A1:$AE673,15,FALSE)*$Q75} -> 146.08 | AB75: {=VLOOKUP(B75,'Player Data'!$A1:$AE673,16,FALSE)*$Q75} -> 42.33 | AC75: {=VLOOKUP(B75,'Player Data'!$A1:$AE673,17,FALSE)*$Q75*IFERROR((VLOOKUP(P75,Settings!$E$28:$F$33,2,FALSE)+1),1)} -> 3.32 | AD75: {=VLOOKUP(B75,'Player Data'!$A1:$AE673,18,FALSE)*$Q75} -> 31.54 | AE75: {=VLOOKUP(B75,'Player Data'!$A1:$AE673,19,FALSE)*$Q75*IFERROR((VLOOKUP(P75,Settings!$E$28:$F$33,2,FALSE)+1),1)} -> 2.49 | AF75: {=VLOOKUP(B75,'Player Data'!$A1:$AE673,20,FALSE)*$Q75} -> 0 | AG75: {=VLOOKUP(B75,'Player Data'!$A1:$AE673,21,FALSE)*$Q75} -> 0 | AH75: {=VLOOKUP(B75,'Player Data'!$A1:$AE673,22,FALSE)} -> 0
A76: =RANK(K76,K$2:K$671) -> 87 | B76: Sean Walker | C76: N | D76: {=VLOOKUP(B76,'Player Data'!A1:D673,4,FALSE)} -> D | E76: {=VLOOKUP(B76,D!A1:C204,3,FALSE)} -> 35 | F76: {=VLOOKUP(B76,'Player Data'!A1:B673,2,FALSE)} -> CAR | G76: {=VLOOKUP(B76,'Player Data'!A1:D673,3,FALSE)} -> 31 | H76: {=IFERROR(VLOOKUP(B76,ADP!A1:F671,6,FALSE)/1000000,VLOOKUP(B76,ADP!A1:F671,6,FALSE))} -> 3.615 | I76: =IF(Settings!$E$15="POINTS",((R76*Q76)*Settings!$B$12)+(S76*Settings!$B$2)+(T76*Settings!$B$3)+(U76*Settings!$B$4)+(V76*Settings!$B$5)+(X76*Settings!$B$9)+(AA76*Settings!$B$6)+(W76*Settings!$B$8)+(AB76*Settings!$B$7)+(AC76*Settings!$B$14)+(AD76*Settings!$B$15)+(AE76*Settings!$B$16)+(AF76*Settings!$B$17)+(AG76*Settings!$B$18)+(U76*Settings!$B$13)+(Y76*Settings!$B$10)+(Z76*Settings!$B$11),VLOOKUP(B76,'Standard Deviations'!A$1:C$672,3,FALSE)) -> 0.80013194 | J76: {=IF(D76="G",I76/AJ76,I76/Q76)} -> 0.0095253802 | K76: {=VLOOKUP(B76,D!A1:F204,6,FALSE)} -> 0.23328102 | L76: {=IFERROR(K76/H76,"N/A")} -> 0.064531403 | M76: — | N76: {=IFERROR(M76-A76,"N/A")} -> N/A | P76: {=_xlfn.XLOOKUP($B76,ADP!A2:A671,ADP!G2:G671)} -> 0 | Q76: {=IF(Settings!$E$12="YES",VLOOKUP(B76,'Player Data'!A1:E673,5,FALSE),84)} -> 84 | R76: {=VLOOKUP(B76,'Player Data'!$A1:$AE673,6,FALSE)} -> 20 | S76: {=VLOOKUP(B76,'Player Data'!$A1:$AE673,7,FALSE)*$Q76*IFERROR((VLOOKUP(P76,Settings!$E$28:$F$33,2,FALSE)+1),1)} -> 5.88 | T76: {=VLOOKUP(B76,'Player Data'!$A1:$AE673,8,FALSE)*$Q76*IFERROR((VLOOKUP(P76,Settings!$E$28:$F$33,2,FALSE)+1),1)} -> 18.48 | U76: {=SUM(S76:T76)} -> 24.36 | V76: {=VLOOKUP(B76,'Player Data'!$A1:$AE673,10,FALSE)*$Q76*IFERROR(((VLOOKUP(P76,Settings!$E$28:$F$33,2,FALSE)/2)+1),1)} -> 161.28 | W76: {=VLOOKUP(B76,'Player Data'!$A1:$AE673,11,FALSE)*$Q76*IFERROR((VLOOKUP(P76,Settings!$E$28:$F$33,2,FALSE)+1),1)} -> 0 | X76: {=VLOOKUP(B76,'Player Data'!$A1:$AE673,12,FALSE)*$Q76*IFERROR((VLOOKUP(P76,Settings!$E$28:$F$33,2,FALSE)+1),1)} -> 0.84 | Y76: {=VLOOKUP(B76,'Player Data'!$A1:$AE673,13,FALSE)*$Q76} -> 0 | Z76: {=VLOOKUP(B76,'Player Data'!$A1:$AE673,14,FALSE)*$Q76} -> 0 | AA76: {=VLOOKUP(B76,'Player Data'!$A1:$AE673,15,FALSE)*$Q76} -> 120.12 | AB76: {=VLOOKUP(B76,'Player Data'!$A1:$AE673,16,FALSE)*$Q76} -> 120.96 | AC76: {=VLOOKUP(B76,'Player Data'!$A1:$AE673,17,FALSE)*$Q76*IFERROR((VLOOKUP(P76,Settings!$E$28:$F$33,2,FALSE)+1),1)} -> 6.72 | AD76: {=VLOOKUP(B76,'Player Data'!$A1:$AE673,18,FALSE)*$Q76} -> 52.92 | AE76: {=VLOOKUP(B76,'Player Data'!$A1:$AE673,19,FALSE)*$Q76*IFERROR((VLOOKUP(P76,Settings!$E$28:$F$33,2,FALSE)+1),1)} -> 0.84 | AF76: {=VLOOKUP(B76,'Player Data'!$A1:$AE673,20,FALSE)*$Q76} -> 0 | AG76: {=VLOOKUP(B76,'Player Data'!$A1:$AE673,21,FALSE)*$Q76} -> 0 | AH76: {=VLOOKUP(B76,'Player Data'!$A1:$AE673,22,FALSE)} -> 0
A77: =RANK(K77,K$2:K$671) -> 61 | B77: Tage Thompson | C77: N | D77: {=VLOOKUP(B77,'Player Data'!A1:D673,4,FALSE)} -> C,RW | E77: {=VLOOKUP(B77,RW!A1:F210,3,FALSE)} -> 13 | F77: {=VLOOKUP(B77,'Player Data'!A1:B673,2,FALSE)} -> BUF | G77: {=VLOOKUP(B77,'Player Data'!A1:D673,3,FALSE)} -> 28 | H77: {=IFERROR(VLOOKUP(B77,ADP!A1:F671,6,FALSE)/1000000,VLOOKUP(B77,ADP!A1:F671,6,FALSE))} -> 7.142 | I77: =IF(Settings!$E$15="POINTS",((R77*Q77)*Settings!$B$12)+(S77*Settings!$B$2)+(T77*Settings!$B$3)+(U77*Settings!$B$4)+(V77*Settings!$B$5)+(X77*Settings!$B$9)+(AA77*Settings!$B$6)+(W77*Settings!$B$8)+(AB77*Settings!$B$7)+(AC77*Settings!$B$14)+(AD77*Settings!$B$15)+(AE77*Settings!$B$16)+(AF77*Settings!$B$17)+(AG77*Settings!$B$18)+(Y77*Settings!$B$10)+(Z77*Settings!$B$11),VLOOKUP(B77,'Standard Deviations'!A$1:C$672,3,FALSE)) -> 8.0469109 | J77: {=IF(D77="G",I77/AJ77,I77/Q77)} -> 0.09813306 | K77: {=IF(Settings!$E$18="C/LW/RW",VLOOKUP(B77,RW!A1:F210,6,FALSE),VLOOKUP(B77,F!A1:F407,6,FALSE))} -> 1.1596763 | L77: {=IFERROR(K77/H77,"N/A")} -> 0.16237417 | M77: 29.7 | N77: {=IFERROR(M77-A77,"N/A")} -> -31.3 | P77: {=_xlfn.XLOOKUP($B77,ADP!A2:A671,ADP!G2:G671)} -> 0 | Q77: {=IF(Settings!$E$12="YES",VLOOKUP(B77,'Player Data'!A1:E673,5,FALSE),84)} -> 82 | R77: {=VLOOKUP(B77,'Player Data'!$A1:$AE673,6,FALSE)} -> 19.1 | S77: {=VLOOKUP(B77,'Player Data'!$A1:$AE673,7,FALSE)*$Q77*IFERROR((VLOOKUP(P77,Settings!$E$28:$F$33,2,FALSE)+1),1)} -> 40.18 | T77: {=VLOOKUP(B77,'Player Data'!$A1:$AE673,8,FALSE)*$Q77*IFERROR((VLOOKUP(P77,Settings!$E$28:$F$33,2,FALSE)+1),1)} -> 38.54 | U77: {=SUM(S77:T77)} -> 78.72 | V77: {=VLOOKUP(B77,'Player Data'!$A1:$AE673,10,FALSE)*$Q77*IFERROR(((VLOOKUP(P77,Settings!$E$28:$F$33,2,FALSE)/2)+1),1)} -> 273.06 | W77: {=VLOOKUP(B77,'Player Data'!$A1:$AE673,11,FALSE)*$Q77*IFERROR((VLOOKUP(P77,Settings!$E$28:$F$33,2,FALSE)+1),1)} -> 8.2 | X77: {=VLOOKUP(B77,'Player Data'!$A1:$AE673,12,FALSE)*$Q77*IFERROR((VLOOKUP(P77,Settings!$E$28:$F$33,2,FALSE)+1),1)} -> 22.96 | Y77: {=VLOOKUP(B77,'Player Data'!$A1:$AE673,13,FALSE)*$Q77} -> 0 | Z77: {=VLOOKUP(B77,'Player Data'!$A1:$AE673,14,FALSE)*$Q77} -> 0 | AA77: {=VLOOKUP(B77,'Player Data'!$A1:$AE673,15,FALSE)*$Q77} -> 43.46 | AB77: {=VLOOKUP(B77,'Player Data'!$A1:$AE673,16,FALSE)*$Q77} -> 81.18 | AC77: {=VLOOKUP(B77,'Player Data'!$A1:$AE673,17,FALSE)*$Q77*IFERROR((VLOOKUP(P77,Settings!$E$28:$F$33,2,FALSE)+1),1)} -> 2.46 | AD77: {=VLOOKUP(B77,'Player Data'!$A1:$AE673,18,FALSE)*$Q77} -> 35.26 | AE77: {=VLOOKUP(B77,'Player Data'!$A1:$AE673,19,FALSE)*$Q77*IFERROR((VLOOKUP(P77,Settings!$E$28:$F$33,2,FALSE)+1),1)} -> 5.74 | AF77: {=VLOOKUP(B77,'Player Data'!$A1:$AE673,20,FALSE)*$Q77} -> 384.58 | AG77: {=VLOOKUP(B77,'Player Data'!$A1:$AE673,21,FALSE)*$Q77} -> 489.54 | AH77: {=VLOOKUP(B77,'Player Data'!$A1:$AE673,22,FALSE)} -> 0.44
A78: =RANK(K78,K$2:K$671) -> 63 | B78: Cutter Gauthier | C78: N | D78: {=VLOOKUP(B78,'Player Data'!A1:D673,4,FALSE)} -> C,LW,RW | E78: {=VLOOKUP(B78,RW!A1:F210,3,FALSE)} -> 14 | F78: {=VLOOKUP(B78,'Player Data'!A1:B673,2,FALSE)} -> ANA | G78: {=VLOOKUP(B78,'Player Data'!A1:D673,3,FALSE)} -> 22 | H78: {=IFERROR(VLOOKUP(B78,ADP!A1:F671,6,FALSE)/1000000,VLOOKUP(B78,ADP!A1:F671,6,FALSE))} -> 0 | I78: =IF(Settings!$E$15="POINTS",((R78*Q78)*Settings!$B$12)+(S78*Settings!$B$2)+(T78*Settings!$B$3)+(U78*Settings!$B$4)+(V78*Settings!$B$5)+(X78*Settings!$B$9)+(AA78*Settings!$B$6)+(W78*Settings!$B$8)+(AB78*Settings!$B$7)+(AC78*Settings!$B$14)+(AD78*Settings!$B$15)+(AE78*Settings!$B$16)+(AF78*Settings!$B$17)+(AG78*Settings!$B$18)+(Y78*Settings!$B$10)+(Z78*Settings!$B$11),VLOOKUP(B78,'Standard Deviations'!A$1:C$672,3,FALSE)) -> 8.0044151 | J78: {=IF(D78="G",I78/AJ78,I78/Q78)} -> 0.097614818 | K78: {=IF(Settings!$E$18="C/LW/RW",VLOOKUP(B78,RW!A1:F210,6,FALSE),VLOOKUP(B78,F!A1:F407,6,FALSE))} -> 1.1171805 | L78: {=IFERROR(K78/H78,"N/A")} -> N/A | M78: 33.6 | N78: {=IFERROR(M78-A78,"N/A")} -> -29.4 | P78: {=_xlfn.XLOOKUP($B78,ADP!A2:A671,ADP!G2:G671)} -> 0 | Q78: {=IF(Settings!$E$12="YES",VLOOKUP(B78,'Player Data'!A1:E673,5,FALSE),84)} -> 82 | R78: {=VLOOKUP(B78,'Player Data'!$A1:$AE673,6,FALSE)} -> 18.8 | S78: {=VLOOKUP(B78,'Player Data'!$A1:$AE673,7,FALSE)*$Q78*IFERROR((VLOOKUP(P78,Settings!$E$28:$F$33,2,FALSE)+1),1)} -> 41.82 | T78: {=VLOOKUP(B78,'Player Data'!$A1:$AE673,8,FALSE)*$Q78*IFERROR((VLOOKUP(P78,Settings!$E$28:$F$33,2,FALSE)+1),1)} -> 37.72 | U78: {=SUM(S78:T78)} -> 79.54 | V78: {=VLOOKUP(B78,'Player Data'!$A1:$AE673,10,FALSE)*$Q78*IFERROR(((VLOOKUP(P78,Settings!$E$28:$F$33,2,FALSE)/2)+1),1)} -> 320.62 | W78: {=VLOOKUP(B78,'Player Data'!$A1:$AE673,11,FALSE)*$Q78*IFERROR((VLOOKUP(P78,Settings!$E$28:$F$33,2,FALSE)+1),1)} -> 12.3 | X78: {=VLOOKUP(B78,'Player Data'!$A1:$AE673,12,FALSE)*$Q78*IFERROR((VLOOKUP(P78,Settings!$E$28:$F$33,2,FALSE)+1),1)} -> 24.6 | Y78: {=VLOOKUP(B78,'Player Data'!$A1:$AE673,13,FALSE)*$Q78} -> 0 | Z78: {=VLOOKUP(B78,'Player Data'!$A1:$AE673,14,FALSE)*$Q78} -> 0 | AA78: {=VLOOKUP(B78,'Player Data'!$A1:$AE673,15,FALSE)*$Q78} -> 36.08 | AB78: {=VLOOKUP(B78,'Player Data'!$A1:$AE673,16,FALSE)*$Q78} -> 77.9 | AC78: {=VLOOKUP(B78,'Player Data'!$A1:$AE673,17,FALSE)*$Q78*IFERROR((VLOOKUP(P78,Settings!$E$28:$F$33,2,FALSE)+1),1)} -> -2.46 | AD78: {=VLOOKUP(B78,'Player Data'!$A1:$AE673,18,FALSE)*$Q78} -> 31.98 | AE78: {=VLOOKUP(B78,'Player Data'!$A1:$AE673,19,FALSE)*$Q78*IFERROR((VLOOKUP(P78,Settings!$E$28:$F$33,2,FALSE)+1),1)} -> 5.74 | AF78: {=VLOOKUP(B78,'Player Data'!$A1:$AE673,20,FALSE)*$Q78} -> 95.94 | AG78: {=VLOOKUP(B78,'Player Data'!$A1:$AE673,21,FALSE)*$Q78} -> 122.18 | AH78: {=VLOOKUP(B78,'Player Data'!$A1:$AE673,22,FALSE)} -> 0.44
A79: =RANK(K79,K$2:K$671) -> 90 | B79: Victor Hedman | C79: N | D79: {=VLOOKUP(B79,'Player Data'!A1:D673,4,FALSE)} -> D | E79: {=VLOOKUP(B79,D!A1:C204,3,FALSE)} -> 36 | F79: {=VLOOKUP(B79,'Player Data'!A1:B673,2,FALSE)} -> T.B | G79: {=VLOOKUP(B79,'Player Data'!A1:D673,3,FALSE)} -> 35 | H79: {=IFERROR(VLOOKUP(B79,ADP!A1:F671,6,FALSE)/1000000,VLOOKUP(B79,ADP!A1:F671,6,FALSE))} -> 8 | I79: =IF(Settings!$E$15="POINTS",((R79*Q79)*Settings!$B$12)+(S79*Settings!$B$2)+(T79*Settings!$B$3)+(U79*Settings!$B$4)+(V79*Settings!$B$5)+(X79*Settings!$B$9)+(AA79*Settings!$B$6)+(W79*Settings!$B$8)+(AB79*Settings!$B$7)+(AC79*Settings!$B$14)+(AD79*Settings!$B$15)+(AE79*Settings!$B$16)+(AF79*Settings!$B$17)+(AG79*Settings!$B$18)+(U79*Settings!$B$13)+(Y79*Settings!$B$10)+(Z79*Settings!$B$11),VLOOKUP(B79,'Standard Deviations'!A$1:C$672,3,FALSE)) -> 0.70603314 | J79: {=IF(D79="G",I79/AJ79,I79/Q79)} -> 0.0094137752 | K79: {=VLOOKUP(B79,D!A1:F204,6,FALSE)} -> 0.13918223 | L79: {=IFERROR(K79/H79,"N/A")} -> 0.017397778 | M79: 89.2 | N79: {=IFERROR(M79-A79,"N/A")} -> -0.8 | P79: {=_xlfn.XLOOKUP($B79,ADP!A2:A671,ADP!G2:G671)} -> 0 | Q79: {=IF(Settings!$E$12="YES",VLOOKUP(B79,'Player Data'!A1:E673,5,FALSE),84)} -> 75 | R79: {=VLOOKUP(B79,'Player Data'!$A1:$AE673,6,FALSE)} -> 19 | S79: {=VLOOKUP(B79,'Player Data'!$A1:$AE673,7,FALSE)*$Q79*IFERROR((VLOOKUP(P79,Settings!$E$28:$F$33,2,FALSE)+1),1)} -> 7.5 | T79: {=VLOOKUP(B79,'Player Data'!$A1:$AE673,8,FALSE)*$Q79*IFERROR((VLOOKUP(P79,Settings!$E$28:$F$33,2,FALSE)+1),1)} -> 33 | U79: {=SUM(S79:T79)} -> 40.5 | V79: {=VLOOKUP(B79,'Player Data'!$A1:$AE673,10,FALSE)*$Q79*IFERROR(((VLOOKUP(P79,Settings!$E$28:$F$33,2,FALSE)/2)+1),1)} -> 120 | W79: {=VLOOKUP(B79,'Player Data'!$A1:$AE673,11,FALSE)*$Q79*IFERROR((VLOOKUP(P79,Settings!$E$28:$F$33,2,FALSE)+1),1)} -> 1.5 | X79: {=VLOOKUP(B79,'Player Data'!$A1:$AE673,12,FALSE)*$Q79*IFERROR((VLOOKUP(P79,Settings!$E$28:$F$33,2,FALSE)+1),1)} -> 9.75 | Y79: {=VLOOKUP(B79,'Player Data'!$A1:$AE673,13,FALSE)*$Q79} -> 0 | Z79: {=VLOOKUP(B79,'Player Data'!$A1:$AE673,14,FALSE)*$Q79} -> 0 | AA79: {=VLOOKUP(B79,'Player Data'!$A1:$AE673,15,FALSE)*$Q79} -> 102 | AB79: {=VLOOKUP(B79,'Player Data'!$A1:$AE673,16,FALSE)*$Q79} -> 49.5 | AC79: {=VLOOKUP(B79,'Player Data'!$A1:$AE673,17,FALSE)*$Q79*IFERROR((VLOOKUP(P79,Settings!$E$28:$F$33,2,FALSE)+1),1)} -> 6.75 | AD79: {=VLOOKUP(B79,'Player Data'!$A1:$AE673,18,FALSE)*$Q79} -> 29.25 | AE79: {=VLOOKUP(B79,'Player Data'!$A1:$AE673,19,FALSE)*$Q79*IFERROR((VLOOKUP(P79,Settings!$E$28:$F$33,2,FALSE)+1),1)} -> 1.5 | AF79: {=VLOOKUP(B79,'Player Data'!$A1:$AE673,20,FALSE)*$Q79} -> 0 | AG79: {=VLOOKUP(B79,'Player Data'!$A1:$AE673,21,FALSE)*$Q79} -> 0 | AH79: {=VLOOKUP(B79,'Player Data'!$A1:$AE673,22,FALSE)} -> 0
